realm	demonym	language	capital	society	values	language_root	naming_convention
Aeloria	Aelorian	Aelorin	Valdora	feudal-acadêmica	honra cívica, estudo, cavalaria e instituições públicas	aelór	ordem nominal: nome + família; títulos antes do nome
Tharun	Tharuni	Tharun	Stone-Âmbar	clânica-industrial	clãs de forja, mineração, juramentos de ofício e ancestralidade	thar	nomes curtos; sobrenome de clã ou profissão
Nyssara	Nyssari	Nyssaran	Emerald Tide	ribeirinha-sacerdotal	comunidades fluviais, pesca ritual, navegadores e sacerdotes das águas	nyssa	nome pessoal + linhagem materna em cerimônias
Valkyrion	Valkyriano	Valkyriano	Volmeria	cavaleiresca-militar	cavalaria, torneios, juramentos, serviço e casas nobres	valk	nome + casa; títulos militares muito usados
Eshmara	Eshmaran	Eshmariano	Brumas	silvestre-comunitária	jardins, curandeiros, aldeias florestais e pactos com a natureza	esh	nomes ligados a plantas, estações e famílias
Kethruun	Kethruni	Kethrun	Sandbones	ancestral-mercantil	caravanas, astronomia noturna, escribas e culto aos antepassados	keth	nome pessoal + epíteto de linhagem
Orinthal	Orinthali	Orinthaliano	Crystalia	mercantil-cosmopolita	guildas, comércio, casas mercantis, portos e intercâmbio cultural	orin	nome + casa mercantil; muitos nomes estrangeiros
Zarim	Zarimi	Zarimita	Fornalia	vulcânica-festiva	forjas, festivais de brasas, artesãos e comunidades de crateras	zar	nomes fortes; patronímicos de ofício
Lyrien	Lyriano	Lyriano	Aerocivitus	aérea-artística	cidades suspensas, música, observatórios, navegadores do céu	lyr	nomes melódicos; títulos artísticos frequentes
Myrthos	Myrthosi	Myrthosi	Hoshinara	imperial-ritual	burocracia, casas de espada, templos, jardins, cerimônias, caligrafia e filosofia	myr	nome pessoal + família; títulos e tratamento têm grande peso social
