language	realm	family	word_order	script	plural	past_marker	social_linguistics
Aelorin	Aeloria	West-Aelorian	SVO	alphabetic	plural -en	past prefix va-	formal titles: Lord/Lady equivalents
Tharuni	Tharun	Stone-Tongue	SOV	rune-derived abugida	plural -ar	past -dak	clan suffix mandatory in formal speech
Nyssaran	Nyssara	Tide Speech	SOV	flowing syllabary	plural -ai	past mi-	honorifics based on age and river rank
Valkyriano	Valkyrion	High Valkyr	SVO	alphabetic	plural -ir	past -eth	military ranks used as address
Eshmaran	Eshmara	Green Speech	VSO	curved alphabet	plural -ae	past nu-	kinship terms common in conversation
Kethrun	Kethruun	Night Tongue	VSO	consonantal script	plural -im	past za-	lineage epithets expected in formal introductions
Orinthaliano	Orinthal	Trade Cant	SVO	merchant alphabet	plural -os	past -en	profession often used as respectful address
Zarimita	Zarim	Ember Speech	SOV	angular alphabet	plural -uk	past ga-	forge titles replace personal names in workshops
Lyriano	Lyrien	Sky Speech	VSO	musical glyphs	plural -el	past li-	pitch and honorific particles matter socially
Myrthosi	Myrthos	Court Myrthosi	SOV	syllabic script	plural -ka	past ne-	multiple honorific levels; family name usually follows given name
