language	concept_pt	word	commonness	learn_level
Aelorin	água	Aeaa	CORE	1
Aelorin	fogo	Aeeen	CORE	1
Aelorin	terra	Aeika	CORE	1
Aelorin	vento	Aeovel	CORE	1
Aelorin	céu	Aeulo	CORE	1
Aelorin	sol	Aeanan	CORE	1
Aelorin	lua	Aearel	CORE	1
Aelorin	estrela	Aeensha	CORE	1
Aelorin	rio	Aeirki	CORE	1
Aelorin	mar	Aeoro	CORE	1
Aelorin	montanha	Aeunun	CORE	1
Aelorin	floresta	Aeaimi	CORE	1
Aelorin	cidade	Aeelum	CORE	1
Aelorin	aldeia	Aeise	CORE	1
Aelorin	casa	Aekair	CORE	1
Aelorin	porta	Aerara	CORE	1
Aelorin	ponte	Aetador	CORE	1
Aelorin	estrada	Aemiven	CORE	1
Aelorin	mercado	Aenaar	CORE	2
Aelorin	taverna	Aeshais	CORE	2
Aelorin	templo	Aerinrin	CORE	2
Aelorin	palácio	Aevelsa	CORE	2
Aelorin	academia	Aedoru	CORE	2
Aelorin	guilda	Aeethai	CORE	2
Aelorin	guarda	Aeumna	CORE	2
Aelorin	rei	Aeyaya	CORE	2
Aelorin	rainha	Aekii	CORE	2
Aelorin	príncipe	Aesaor	CORE	2
Aelorin	princesa	Aelota	CORE	2
Aelorin	mago	Aeveneth	CORE	2
Aelorin	guerreiro	Aeaa	CORE	2
Aelorin	arqueiro	Aeeen	CORE	2
Aelorin	curandeiro	Aeika	CORE	2
Aelorin	aventureiro	Aeovel	CORE	2
Aelorin	Valaryn	Aeulo	CORE	2
Aelorin	amigo	Aeanan	CORE	2
Aelorin	inimigo	Aearel	CORE	3
Aelorin	família	Aeensha	CORE	3
Aelorin	mãe	Aeirki	CORE	3
Aelorin	pai	Aeoro	CORE	3
Aelorin	irmão	Aeunun	CORE	3
Aelorin	irmã	Aeaimi	CORE	3
Aelorin	filho	Aeelum	CORE	3
Aelorin	filha	Aeise	CORE	3
Aelorin	amor	Aekair	CORE	3
Aelorin	medo	Aerara	CORE	3
Aelorin	raiva	Aetador	CORE	3
Aelorin	alegria	Aemiven	CORE	3
Aelorin	tristeza	Aenaar	CORE	3
Aelorin	honra	Aeshais	CORE	3
Aelorin	vergonha	Aerinrin	CORE	3
Aelorin	verdade	Aevelsa	CORE	3
Aelorin	mentira	Aedoru	CORE	3
Aelorin	sim	Aeethai	CORE	3
Aelorin	não	Aeumna	CORE	4
Aelorin	obrigado	Aeyaya	CORE	4
Aelorin	por favor	Aekii	CORE	4
Aelorin	olá	Aesaor	CORE	4
Aelorin	adeus	Aelota	CORE	4
Aelorin	comida	Aeveneth	CORE	4
Aelorin	pão	Aeaa	CORE	4
Aelorin	carne	Aeeen	CORE	4
Aelorin	peixe	Aeika	CORE	4
Aelorin	fruta	Aeovel	CORE	4
Aelorin	arroz	Aeulo	CORE	4
Aelorin	sopa	Aeanan	CORE	4
Aelorin	leite	Aearel	CORE	4
Aelorin	vinho	Aeensha	CORE	4
Aelorin	cerveja	Aeirki	CORE	4
Aelorin	chá	Aeoro	CORE	4
Aelorin	água potável	Aeunun	CORE	4
Aelorin	ouro	Aeaimi	CORE	4
Aelorin	prata	Aeelum	CORE	5
Aelorin	ferro	Aeise	CORE	5
Aelorin	cobre	Aekair	CORE	5
Aelorin	cristal	Aerara	CORE	5
Aelorin	madeira	Aetador	CORE	5
Aelorin	pedra	Aemiven	CORE	5
Aelorin	corda	Aenaar	CORE	5
Aelorin	espada	Aeshais	CORE	5
Aelorin	arco	Aerinrin	COMMON	5
Aelorin	escudo	Aevelsa	COMMON	5
Aelorin	armadura	Aedoru	COMMON	5
Aelorin	livro	Aeethai	COMMON	5
Aelorin	grimório	Aeumna	COMMON	5
Aelorin	magia	Aeyaya	COMMON	5
Aelorin	Elyth	Aekii	COMMON	5
Aelorin	cura	Aesaor	COMMON	5
Aelorin	veneno	Aelota	COMMON	5
Aelorin	monstro	Aeveneth	COMMON	5
Aelorin	dragão	Aeaa	COMMON	6
Aelorin	aranha	Aeeen	COMMON	6
Aelorin	goblin	Aeika	COMMON	6
Aelorin	missão	Aeovel	COMMON	6
Aelorin	recompensa	Aeulo	COMMON	6
Aelorin	dinheiro	Aeanan	COMMON	6
Aelorin	perigo	Aearel	COMMON	6
Aelorin	paz	Aeensha	COMMON	6
Aelorin	guerra	Aeirki	COMMON	6
Aelorin	vitória	Aeoro	COMMON	6
Aelorin	derrota	Aeunun	COMMON	6
Aelorin	morte	Aeaimi	COMMON	6
Aelorin	vida	Aeelum	COMMON	6
Aelorin	nascimento	Aeise	COMMON	6
Aelorin	noite	Aekair	COMMON	6
Aelorin	dia	Aerara	COMMON	6
Aelorin	amanhã	Aetador	COMMON	6
Aelorin	ontem	Aemiven	COMMON	6
Aelorin	hoje	Aenaar	COMMON	7
Aelorin	comer	Aeshais	COMMON	7
Aelorin	beber	Aerinrin	COMMON	7
Aelorin	dormir	Aevelsa	COMMON	7
Aelorin	andar	Aedoru	COMMON	7
Aelorin	correr	Aeethai	COMMON	7
Aelorin	lutar	Aeumna	COMMON	7
Aelorin	falar	Aeyaya	COMMON	7
Aelorin	ouvir	Aekii	COMMON	7
Aelorin	aprender	Aesaor	COMMON	7
Aelorin	ensinar	Aelota	COMMON	7
Aelorin	comprar	Aeveneth	COMMON	7
Aelorin	vender	Aeaa	COMMON	7
Aelorin	ajudar	Aeeen	COMMON	7
Aelorin	roubar	Aeika	COMMON	7
Aelorin	perdoar	Aeovel	COMMON	7
Aelorin	proteger	Aeulo	COMMON	7
Aelorin	viajar	Aeanan	COMMON	7
Aelorin	esperar	Aearel	COMMON	8
Aelorin	entrar	Aeensha	COMMON	8
Aelorin	sair	Aeirki	COMMON	8
Aelorin	simples	Aeoro	COMMON	8
Aelorin	difícil	Aeunun	COMMON	8
Aelorin	grande	Aeaimi	COMMON	8
Aelorin	pequeno	Aeelum	COMMON	8
Aelorin	rápido	Aeise	COMMON	8
Aelorin	lento	Aekair	COMMON	8
Aelorin	bom	Aerara	COMMON	8
Aelorin	ruim	Aetador	COMMON	8
Aelorin	quente	Aemiven	COMMON	8
Aelorin	frio	Aenaar	COMMON	8
Aelorin	novo	Aeshais	COMMON	8
Aelorin	velho	Aerinrin	COMMON	8
Aelorin	jovem	Aevelsa	COMMON	8
Aelorin	velho sábio	Aedoru	COMMON	8
Aelorin	perto	Aeethai	COMMON	8
Aelorin	longe	Aeumna	COMMON	9
Aelorin	esquerda	Aeyaya	COMMON	9
Aelorin	direita	Aekii	COMMON	9
Aelorin	norte	Aesaor	COMMON	9
Aelorin	sul	Aelota	COMMON	9
Aelorin	leste	Aeveneth	COMMON	9
Aelorin	oeste	Aeaa	COMMON	9
Aelorin	primeiro	Aeeen	COMMON	9
Aelorin	último	Aeika	COMMON	9
Tharuni	água	Thoe	CORE	1
Tharuni	fogo	Thuir	CORE	1
Tharuni	terra	Thanra	CORE	1
Tharuni	vento	Thardor	CORE	1
Tharuni	céu	Thenven	CORE	1
Tharuni	sol	Thirar	CORE	1
Tharuni	lua	Thoris	CORE	1
Tharuni	estrela	Thunrin	CORE	1
Tharuni	rio	Thaisa	CORE	1
Tharuni	mar	Thelu	CORE	1
Tharuni	montanha	Thisai	CORE	1
Tharuni	floresta	Thkana	CORE	1
Tharuni	cidade	Thraya	CORE	1
Tharuni	aldeia	Thtai	CORE	1
Tharuni	casa	Thmior	CORE	1
Tharuni	porta	Thnata	CORE	1
Tharuni	ponte	Thshaeth	CORE	1
Tharuni	estrada	Thrina	CORE	1
Tharuni	mercado	Thvelen	CORE	2
Tharuni	taverna	Thdorka	CORE	2
Tharuni	templo	Thethvel	CORE	2
Tharuni	palácio	Thumlo	CORE	2
Tharuni	academia	Thyaan	CORE	2
Tharuni	guilda	Thkiel	CORE	2
Tharuni	guarda	Thsasha	CORE	2
Tharuni	rei	Thloki	CORE	2
Tharuni	rainha	Thveno	CORE	2
Tharuni	príncipe	Thaun	CORE	2
Tharuni	princesa	Themi	CORE	2
Tharuni	mago	Thium	CORE	2
Tharuni	guerreiro	Thoe	CORE	2
Tharuni	arqueiro	Thuir	CORE	2
Tharuni	curandeiro	Thanra	CORE	2
Tharuni	aventureiro	Thardor	CORE	2
Tharuni	Valaryn	Thenven	CORE	2
Tharuni	amigo	Thirar	CORE	2
Tharuni	inimigo	Thoris	CORE	3
Tharuni	família	Thunrin	CORE	3
Tharuni	mãe	Thaisa	CORE	3
Tharuni	pai	Thelu	CORE	3
Tharuni	irmão	Thisai	CORE	3
Tharuni	irmã	Thkana	CORE	3
Tharuni	filho	Thraya	CORE	3
Tharuni	filha	Thtai	CORE	3
Tharuni	amor	Thmior	CORE	3
Tharuni	medo	Thnata	CORE	3
Tharuni	raiva	Thshaeth	CORE	3
Tharuni	alegria	Thrina	CORE	3
Tharuni	tristeza	Thvelen	CORE	3
Tharuni	honra	Thdorka	CORE	3
Tharuni	vergonha	Thethvel	CORE	3
Tharuni	verdade	Thumlo	CORE	3
Tharuni	mentira	Thyaan	CORE	3
Tharuni	sim	Thkiel	CORE	3
Tharuni	não	Thsasha	CORE	4
Tharuni	obrigado	Thloki	CORE	4
Tharuni	por favor	Thveno	CORE	4
Tharuni	olá	Thaun	CORE	4
Tharuni	adeus	Themi	CORE	4
Tharuni	comida	Thium	CORE	4
Tharuni	pão	Thoe	CORE	4
Tharuni	carne	Thuir	CORE	4
Tharuni	peixe	Thanra	CORE	4
Tharuni	fruta	Thardor	CORE	4
Tharuni	arroz	Thenven	CORE	4
Tharuni	sopa	Thirar	CORE	4
Tharuni	leite	Thoris	CORE	4
Tharuni	vinho	Thunrin	CORE	4
Tharuni	cerveja	Thaisa	CORE	4
Tharuni	chá	Thelu	CORE	4
Tharuni	água potável	Thisai	CORE	4
Tharuni	ouro	Thkana	CORE	4
Tharuni	prata	Thraya	CORE	5
Tharuni	ferro	Thtai	CORE	5
Tharuni	cobre	Thmior	CORE	5
Tharuni	cristal	Thnata	CORE	5
Tharuni	madeira	Thshaeth	CORE	5
Tharuni	pedra	Thrina	CORE	5
Tharuni	corda	Thvelen	CORE	5
Tharuni	espada	Thdorka	CORE	5
Tharuni	arco	Thethvel	COMMON	5
Tharuni	escudo	Thumlo	COMMON	5
Tharuni	armadura	Thyaan	COMMON	5
Tharuni	livro	Thkiel	COMMON	5
Tharuni	grimório	Thsasha	COMMON	5
Tharuni	magia	Thloki	COMMON	5
Tharuni	Elyth	Thveno	COMMON	5
Tharuni	cura	Thaun	COMMON	5
Tharuni	veneno	Themi	COMMON	5
Tharuni	monstro	Thium	COMMON	5
Tharuni	dragão	Thoe	COMMON	6
Tharuni	aranha	Thuir	COMMON	6
Tharuni	goblin	Thanra	COMMON	6
Tharuni	missão	Thardor	COMMON	6
Tharuni	recompensa	Thenven	COMMON	6
Tharuni	dinheiro	Thirar	COMMON	6
Tharuni	perigo	Thoris	COMMON	6
Tharuni	paz	Thunrin	COMMON	6
Tharuni	guerra	Thaisa	COMMON	6
Tharuni	vitória	Thelu	COMMON	6
Tharuni	derrota	Thisai	COMMON	6
Tharuni	morte	Thkana	COMMON	6
Tharuni	vida	Thraya	COMMON	6
Tharuni	nascimento	Thtai	COMMON	6
Tharuni	noite	Thmior	COMMON	6
Tharuni	dia	Thnata	COMMON	6
Tharuni	amanhã	Thshaeth	COMMON	6
Tharuni	ontem	Thrina	COMMON	6
Tharuni	hoje	Thvelen	COMMON	7
Tharuni	comer	Thdorka	COMMON	7
Tharuni	beber	Thethvel	COMMON	7
Tharuni	dormir	Thumlo	COMMON	7
Tharuni	andar	Thyaan	COMMON	7
Tharuni	correr	Thkiel	COMMON	7
Tharuni	lutar	Thsasha	COMMON	7
Tharuni	falar	Thloki	COMMON	7
Tharuni	ouvir	Thveno	COMMON	7
Tharuni	aprender	Thaun	COMMON	7
Tharuni	ensinar	Themi	COMMON	7
Tharuni	comprar	Thium	COMMON	7
Tharuni	vender	Thoe	COMMON	7
Tharuni	ajudar	Thuir	COMMON	7
Tharuni	roubar	Thanra	COMMON	7
Tharuni	perdoar	Thardor	COMMON	7
Tharuni	proteger	Thenven	COMMON	7
Tharuni	viajar	Thirar	COMMON	7
Tharuni	esperar	Thoris	COMMON	8
Tharuni	entrar	Thunrin	COMMON	8
Tharuni	sair	Thaisa	COMMON	8
Tharuni	simples	Thelu	COMMON	8
Tharuni	difícil	Thisai	COMMON	8
Tharuni	grande	Thkana	COMMON	8
Tharuni	pequeno	Thraya	COMMON	8
Tharuni	rápido	Thtai	COMMON	8
Tharuni	lento	Thmior	COMMON	8
Tharuni	bom	Thnata	COMMON	8
Tharuni	ruim	Thshaeth	COMMON	8
Tharuni	quente	Thrina	COMMON	8
Tharuni	frio	Thvelen	COMMON	8
Tharuni	novo	Thdorka	COMMON	8
Tharuni	velho	Thethvel	COMMON	8
Tharuni	jovem	Thumlo	COMMON	8
Tharuni	velho sábio	Thyaan	COMMON	8
Tharuni	perto	Thkiel	COMMON	8
Tharuni	longe	Thsasha	COMMON	9
Tharuni	esquerda	Thloki	COMMON	9
Tharuni	direita	Thveno	COMMON	9
Tharuni	norte	Thaun	COMMON	9
Tharuni	sul	Themi	COMMON	9
Tharuni	leste	Thium	COMMON	9
Tharuni	oeste	Thoe	COMMON	9
Tharuni	primeiro	Thuir	COMMON	9
Tharuni	último	Thanra	COMMON	9
Nyssaran	água	Nyari	CORE	1
Nyssaran	fogo	Nyenor	CORE	1
Nyssaran	terra	Nyirta	CORE	1
Nyssaran	vento	Nyoreth	CORE	1
Nyssaran	céu	Nyuna	CORE	1
Nyssaran	sol	Nyaien	CORE	1
Nyssaran	lua	Nyelka	CORE	1
Nyssaran	estrela	Nyisvel	CORE	1
Nyssaran	rio	Nykalo	CORE	1
Nyssaran	mar	Nyraan	CORE	1
Nyssaran	montanha	Nytael	CORE	1
Nyssaran	floresta	Nymisha	CORE	1
Nyssaran	cidade	Nynaki	CORE	1
Nyssaran	aldeia	Nyshao	CORE	1
Nyssaran	casa	Nyrinun	CORE	1
Nyssaran	porta	Nyvelmi	CORE	1
Nyssaran	ponte	Nydorum	CORE	1
Nyssaran	estrada	Nyethe	CORE	1
Nyssaran	mercado	Nyumir	CORE	2
Nyssaran	taverna	Nyyara	CORE	2
Nyssaran	templo	Nykidor	CORE	2
Nyssaran	palácio	Nysaven	CORE	2
Nyssaran	academia	Nyloar	CORE	2
Nyssaran	guilda	Nyvenis	CORE	2
Nyssaran	guarda	Nyarin	CORE	2
Nyssaran	rei	Nyesa	CORE	2
Nyssaran	rainha	Nyiu	CORE	2
Nyssaran	príncipe	Nyoai	CORE	2
Nyssaran	princesa	Nyuna	CORE	2
Nyssaran	mago	Nyanya	CORE	2
Nyssaran	guerreiro	Nyari	CORE	2
Nyssaran	arqueiro	Nyenor	CORE	2
Nyssaran	curandeiro	Nyirta	CORE	2
Nyssaran	aventureiro	Nyoreth	CORE	2
Nyssaran	Valaryn	Nyuna	CORE	2
Nyssaran	amigo	Nyaien	CORE	2
Nyssaran	inimigo	Nyelka	CORE	3
Nyssaran	família	Nyisvel	CORE	3
Nyssaran	mãe	Nykalo	CORE	3
Nyssaran	pai	Nyraan	CORE	3
Nyssaran	irmão	Nytael	CORE	3
Nyssaran	irmã	Nymisha	CORE	3
Nyssaran	filho	Nynaki	CORE	3
Nyssaran	filha	Nyshao	CORE	3
Nyssaran	amor	Nyrinun	CORE	3
Nyssaran	medo	Nyvelmi	CORE	3
Nyssaran	raiva	Nydorum	CORE	3
Nyssaran	alegria	Nyethe	CORE	3
Nyssaran	tristeza	Nyumir	CORE	3
Nyssaran	honra	Nyyara	CORE	3
Nyssaran	vergonha	Nykidor	CORE	3
Nyssaran	verdade	Nysaven	CORE	3
Nyssaran	mentira	Nyloar	CORE	3
Nyssaran	sim	Nyvenis	CORE	3
Nyssaran	não	Nyarin	CORE	4
Nyssaran	obrigado	Nyesa	CORE	4
Nyssaran	por favor	Nyiu	CORE	4
Nyssaran	olá	Nyoai	CORE	4
Nyssaran	adeus	Nyuna	CORE	4
Nyssaran	comida	Nyanya	CORE	4
Nyssaran	pão	Nyari	CORE	4
Nyssaran	carne	Nyenor	CORE	4
Nyssaran	peixe	Nyirta	CORE	4
Nyssaran	fruta	Nyoreth	CORE	4
Nyssaran	arroz	Nyuna	CORE	4
Nyssaran	sopa	Nyaien	CORE	4
Nyssaran	leite	Nyelka	CORE	4
Nyssaran	vinho	Nyisvel	CORE	4
Nyssaran	cerveja	Nykalo	CORE	4
Nyssaran	chá	Nyraan	CORE	4
Nyssaran	água potável	Nytael	CORE	4
Nyssaran	ouro	Nymisha	CORE	4
Nyssaran	prata	Nynaki	CORE	5
Nyssaran	ferro	Nyshao	CORE	5
Nyssaran	cobre	Nyrinun	CORE	5
Nyssaran	cristal	Nyvelmi	CORE	5
Nyssaran	madeira	Nydorum	CORE	5
Nyssaran	pedra	Nyethe	CORE	5
Nyssaran	corda	Nyumir	CORE	5
Nyssaran	espada	Nyyara	CORE	5
Nyssaran	arco	Nykidor	COMMON	5
Nyssaran	escudo	Nysaven	COMMON	5
Nyssaran	armadura	Nyloar	COMMON	5
Nyssaran	livro	Nyvenis	COMMON	5
Nyssaran	grimório	Nyarin	COMMON	5
Nyssaran	magia	Nyesa	COMMON	5
Nyssaran	Elyth	Nyiu	COMMON	5
Nyssaran	cura	Nyoai	COMMON	5
Nyssaran	veneno	Nyuna	COMMON	5
Nyssaran	monstro	Nyanya	COMMON	5
Nyssaran	dragão	Nyari	COMMON	6
Nyssaran	aranha	Nyenor	COMMON	6
Nyssaran	goblin	Nyirta	COMMON	6
Nyssaran	missão	Nyoreth	COMMON	6
Nyssaran	recompensa	Nyuna	COMMON	6
Nyssaran	dinheiro	Nyaien	COMMON	6
Nyssaran	perigo	Nyelka	COMMON	6
Nyssaran	paz	Nyisvel	COMMON	6
Nyssaran	guerra	Nykalo	COMMON	6
Nyssaran	vitória	Nyraan	COMMON	6
Nyssaran	derrota	Nytael	COMMON	6
Nyssaran	morte	Nymisha	COMMON	6
Nyssaran	vida	Nynaki	COMMON	6
Nyssaran	nascimento	Nyshao	COMMON	6
Nyssaran	noite	Nyrinun	COMMON	6
Nyssaran	dia	Nyvelmi	COMMON	6
Nyssaran	amanhã	Nydorum	COMMON	6
Nyssaran	ontem	Nyethe	COMMON	6
Nyssaran	hoje	Nyumir	COMMON	7
Nyssaran	comer	Nyyara	COMMON	7
Nyssaran	beber	Nykidor	COMMON	7
Nyssaran	dormir	Nysaven	COMMON	7
Nyssaran	andar	Nyloar	COMMON	7
Nyssaran	correr	Nyvenis	COMMON	7
Nyssaran	lutar	Nyarin	COMMON	7
Nyssaran	falar	Nyesa	COMMON	7
Nyssaran	ouvir	Nyiu	COMMON	7
Nyssaran	aprender	Nyoai	COMMON	7
Nyssaran	ensinar	Nyuna	COMMON	7
Nyssaran	comprar	Nyanya	COMMON	7
Nyssaran	vender	Nyari	COMMON	7
Nyssaran	ajudar	Nyenor	COMMON	7
Nyssaran	roubar	Nyirta	COMMON	7
Nyssaran	perdoar	Nyoreth	COMMON	7
Nyssaran	proteger	Nyuna	COMMON	7
Nyssaran	viajar	Nyaien	COMMON	7
Nyssaran	esperar	Nyelka	COMMON	8
Nyssaran	entrar	Nyisvel	COMMON	8
Nyssaran	sair	Nykalo	COMMON	8
Nyssaran	simples	Nyraan	COMMON	8
Nyssaran	difícil	Nytael	COMMON	8
Nyssaran	grande	Nymisha	COMMON	8
Nyssaran	pequeno	Nynaki	COMMON	8
Nyssaran	rápido	Nyshao	COMMON	8
Nyssaran	lento	Nyrinun	COMMON	8
Nyssaran	bom	Nyvelmi	COMMON	8
Nyssaran	ruim	Nydorum	COMMON	8
Nyssaran	quente	Nyethe	COMMON	8
Nyssaran	frio	Nyumir	COMMON	8
Nyssaran	novo	Nyyara	COMMON	8
Nyssaran	velho	Nykidor	COMMON	8
Nyssaran	jovem	Nysaven	COMMON	8
Nyssaran	velho sábio	Nyloar	COMMON	8
Nyssaran	perto	Nyvenis	COMMON	8
Nyssaran	longe	Nyarin	COMMON	9
Nyssaran	esquerda	Nyesa	COMMON	9
Nyssaran	direita	Nyiu	COMMON	9
Nyssaran	norte	Nyoai	COMMON	9
Nyssaran	sul	Nyuna	COMMON	9
Nyssaran	leste	Nyanya	COMMON	9
Nyssaran	oeste	Nyari	COMMON	9
Nyssaran	primeiro	Nyenor	COMMON	9
Nyssaran	último	Nyirta	COMMON	9
Valkyriano	água	Valoro	CORE	1
Valkyriano	fogo	Valunun	CORE	1
Valkyriano	terra	Valaimi	CORE	1
Valkyriano	vento	Valelum	CORE	1
Valkyriano	céu	Valise	CORE	1
Valkyriano	sol	Valkair	CORE	1
Valkyriano	lua	Valrara	CORE	1
Valkyriano	estrela	Valtador	CORE	1
Valkyriano	rio	Valmiven	CORE	1
Valkyriano	mar	Valnaar	CORE	1
Valkyriano	montanha	Valshais	CORE	1
Valkyriano	floresta	Valrinrin	CORE	1
Valkyriano	cidade	Valvelsa	CORE	1
Valkyriano	aldeia	Valdoru	CORE	1
Valkyriano	casa	Valethai	CORE	1
Valkyriano	porta	Valumna	CORE	1
Valkyriano	ponte	Valyaya	CORE	1
Valkyriano	estrada	Valkii	CORE	1
Valkyriano	mercado	Valsaor	CORE	2
Valkyriano	taverna	Vallota	CORE	2
Valkyriano	templo	Valveneth	CORE	2
Valkyriano	palácio	Valaa	CORE	2
Valkyriano	academia	Valeen	CORE	2
Valkyriano	guilda	Valika	CORE	2
Valkyriano	guarda	Valovel	CORE	2
Valkyriano	rei	Valulo	CORE	2
Valkyriano	rainha	Valanan	CORE	2
Valkyriano	príncipe	Valarel	CORE	2
Valkyriano	princesa	Valensha	CORE	2
Valkyriano	mago	Valirki	CORE	2
Valkyriano	guerreiro	Valoro	CORE	2
Valkyriano	arqueiro	Valunun	CORE	2
Valkyriano	curandeiro	Valaimi	CORE	2
Valkyriano	aventureiro	Valelum	CORE	2
Valkyriano	Valaryn	Valise	CORE	2
Valkyriano	amigo	Valkair	CORE	2
Valkyriano	inimigo	Valrara	CORE	3
Valkyriano	família	Valtador	CORE	3
Valkyriano	mãe	Valmiven	CORE	3
Valkyriano	pai	Valnaar	CORE	3
Valkyriano	irmão	Valshais	CORE	3
Valkyriano	irmã	Valrinrin	CORE	3
Valkyriano	filho	Valvelsa	CORE	3
Valkyriano	filha	Valdoru	CORE	3
Valkyriano	amor	Valethai	CORE	3
Valkyriano	medo	Valumna	CORE	3
Valkyriano	raiva	Valyaya	CORE	3
Valkyriano	alegria	Valkii	CORE	3
Valkyriano	tristeza	Valsaor	CORE	3
Valkyriano	honra	Vallota	CORE	3
Valkyriano	vergonha	Valveneth	CORE	3
Valkyriano	verdade	Valaa	CORE	3
Valkyriano	mentira	Valeen	CORE	3
Valkyriano	sim	Valika	CORE	3
Valkyriano	não	Valovel	CORE	4
Valkyriano	obrigado	Valulo	CORE	4
Valkyriano	por favor	Valanan	CORE	4
Valkyriano	olá	Valarel	CORE	4
Valkyriano	adeus	Valensha	CORE	4
Valkyriano	comida	Valirki	CORE	4
Valkyriano	pão	Valoro	CORE	4
Valkyriano	carne	Valunun	CORE	4
Valkyriano	peixe	Valaimi	CORE	4
Valkyriano	fruta	Valelum	CORE	4
Valkyriano	arroz	Valise	CORE	4
Valkyriano	sopa	Valkair	CORE	4
Valkyriano	leite	Valrara	CORE	4
Valkyriano	vinho	Valtador	CORE	4
Valkyriano	cerveja	Valmiven	CORE	4
Valkyriano	chá	Valnaar	CORE	4
Valkyriano	água potável	Valshais	CORE	4
Valkyriano	ouro	Valrinrin	CORE	4
Valkyriano	prata	Valvelsa	CORE	5
Valkyriano	ferro	Valdoru	CORE	5
Valkyriano	cobre	Valethai	CORE	5
Valkyriano	cristal	Valumna	CORE	5
Valkyriano	madeira	Valyaya	CORE	5
Valkyriano	pedra	Valkii	CORE	5
Valkyriano	corda	Valsaor	CORE	5
Valkyriano	espada	Vallota	CORE	5
Valkyriano	arco	Valveneth	COMMON	5
Valkyriano	escudo	Valaa	COMMON	5
Valkyriano	armadura	Valeen	COMMON	5
Valkyriano	livro	Valika	COMMON	5
Valkyriano	grimório	Valovel	COMMON	5
Valkyriano	magia	Valulo	COMMON	5
Valkyriano	Elyth	Valanan	COMMON	5
Valkyriano	cura	Valarel	COMMON	5
Valkyriano	veneno	Valensha	COMMON	5
Valkyriano	monstro	Valirki	COMMON	5
Valkyriano	dragão	Valoro	COMMON	6
Valkyriano	aranha	Valunun	COMMON	6
Valkyriano	goblin	Valaimi	COMMON	6
Valkyriano	missão	Valelum	COMMON	6
Valkyriano	recompensa	Valise	COMMON	6
Valkyriano	dinheiro	Valkair	COMMON	6
Valkyriano	perigo	Valrara	COMMON	6
Valkyriano	paz	Valtador	COMMON	6
Valkyriano	guerra	Valmiven	COMMON	6
Valkyriano	vitória	Valnaar	COMMON	6
Valkyriano	derrota	Valshais	COMMON	6
Valkyriano	morte	Valrinrin	COMMON	6
Valkyriano	vida	Valvelsa	COMMON	6
Valkyriano	nascimento	Valdoru	COMMON	6
Valkyriano	noite	Valethai	COMMON	6
Valkyriano	dia	Valumna	COMMON	6
Valkyriano	amanhã	Valyaya	COMMON	6
Valkyriano	ontem	Valkii	COMMON	6
Valkyriano	hoje	Valsaor	COMMON	7
Valkyriano	comer	Vallota	COMMON	7
Valkyriano	beber	Valveneth	COMMON	7
Valkyriano	dormir	Valaa	COMMON	7
Valkyriano	andar	Valeen	COMMON	7
Valkyriano	correr	Valika	COMMON	7
Valkyriano	lutar	Valovel	COMMON	7
Valkyriano	falar	Valulo	COMMON	7
Valkyriano	ouvir	Valanan	COMMON	7
Valkyriano	aprender	Valarel	COMMON	7
Valkyriano	ensinar	Valensha	COMMON	7
Valkyriano	comprar	Valirki	COMMON	7
Valkyriano	vender	Valoro	COMMON	7
Valkyriano	ajudar	Valunun	COMMON	7
Valkyriano	roubar	Valaimi	COMMON	7
Valkyriano	perdoar	Valelum	COMMON	7
Valkyriano	proteger	Valise	COMMON	7
Valkyriano	viajar	Valkair	COMMON	7
Valkyriano	esperar	Valrara	COMMON	8
Valkyriano	entrar	Valtador	COMMON	8
Valkyriano	sair	Valmiven	COMMON	8
Valkyriano	simples	Valnaar	COMMON	8
Valkyriano	difícil	Valshais	COMMON	8
Valkyriano	grande	Valrinrin	COMMON	8
Valkyriano	pequeno	Valvelsa	COMMON	8
Valkyriano	rápido	Valdoru	COMMON	8
Valkyriano	lento	Valethai	COMMON	8
Valkyriano	bom	Valumna	COMMON	8
Valkyriano	ruim	Valyaya	COMMON	8
Valkyriano	quente	Valkii	COMMON	8
Valkyriano	frio	Valsaor	COMMON	8
Valkyriano	novo	Vallota	COMMON	8
Valkyriano	velho	Valveneth	COMMON	8
Valkyriano	jovem	Valaa	COMMON	8
Valkyriano	velho sábio	Valeen	COMMON	8
Valkyriano	perto	Valika	COMMON	8
Valkyriano	longe	Valovel	COMMON	9
Valkyriano	esquerda	Valulo	COMMON	9
Valkyriano	direita	Valanan	COMMON	9
Valkyriano	norte	Valarel	COMMON	9
Valkyriano	sul	Valensha	COMMON	9
Valkyriano	leste	Valirki	COMMON	9
Valkyriano	oeste	Valoro	COMMON	9
Valkyriano	primeiro	Valunun	COMMON	9
Valkyriano	último	Valaimi	COMMON	9
Eshmaran	água	Eshelu	CORE	1
Eshmaran	fogo	Eshisai	CORE	1
Eshmaran	terra	Eshkana	CORE	1
Eshmaran	vento	Eshraya	CORE	1
Eshmaran	céu	Eshtai	CORE	1
Eshmaran	sol	Eshmior	CORE	1
Eshmaran	lua	Eshnata	CORE	1
Eshmaran	estrela	Eshshaeth	CORE	1
Eshmaran	rio	Eshrina	CORE	1
Eshmaran	mar	Eshvelen	CORE	1
Eshmaran	montanha	Eshdorka	CORE	1
Eshmaran	floresta	Eshethvel	CORE	1
Eshmaran	cidade	Eshumlo	CORE	1
Eshmaran	aldeia	Eshyaan	CORE	1
Eshmaran	casa	Eshkiel	CORE	1
Eshmaran	porta	Eshsasha	CORE	1
Eshmaran	ponte	Eshloki	CORE	1
Eshmaran	estrada	Eshveno	CORE	1
Eshmaran	mercado	Eshaun	CORE	2
Eshmaran	taverna	Eshemi	CORE	2
Eshmaran	templo	Eshium	CORE	2
Eshmaran	palácio	Eshoe	CORE	2
Eshmaran	academia	Eshuir	CORE	2
Eshmaran	guilda	Eshanra	CORE	2
Eshmaran	guarda	Eshardor	CORE	2
Eshmaran	rei	Eshenven	CORE	2
Eshmaran	rainha	Eshirar	CORE	2
Eshmaran	príncipe	Eshoris	CORE	2
Eshmaran	princesa	Eshunrin	CORE	2
Eshmaran	mago	Eshaisa	CORE	2
Eshmaran	guerreiro	Eshelu	CORE	2
Eshmaran	arqueiro	Eshisai	CORE	2
Eshmaran	curandeiro	Eshkana	CORE	2
Eshmaran	aventureiro	Eshraya	CORE	2
Eshmaran	Valaryn	Eshtai	CORE	2
Eshmaran	amigo	Eshmior	CORE	2
Eshmaran	inimigo	Eshnata	CORE	3
Eshmaran	família	Eshshaeth	CORE	3
Eshmaran	mãe	Eshrina	CORE	3
Eshmaran	pai	Eshvelen	CORE	3
Eshmaran	irmão	Eshdorka	CORE	3
Eshmaran	irmã	Eshethvel	CORE	3
Eshmaran	filho	Eshumlo	CORE	3
Eshmaran	filha	Eshyaan	CORE	3
Eshmaran	amor	Eshkiel	CORE	3
Eshmaran	medo	Eshsasha	CORE	3
Eshmaran	raiva	Eshloki	CORE	3
Eshmaran	alegria	Eshveno	CORE	3
Eshmaran	tristeza	Eshaun	CORE	3
Eshmaran	honra	Eshemi	CORE	3
Eshmaran	vergonha	Eshium	CORE	3
Eshmaran	verdade	Eshoe	CORE	3
Eshmaran	mentira	Eshuir	CORE	3
Eshmaran	sim	Eshanra	CORE	3
Eshmaran	não	Eshardor	CORE	4
Eshmaran	obrigado	Eshenven	CORE	4
Eshmaran	por favor	Eshirar	CORE	4
Eshmaran	olá	Eshoris	CORE	4
Eshmaran	adeus	Eshunrin	CORE	4
Eshmaran	comida	Eshaisa	CORE	4
Eshmaran	pão	Eshelu	CORE	4
Eshmaran	carne	Eshisai	CORE	4
Eshmaran	peixe	Eshkana	CORE	4
Eshmaran	fruta	Eshraya	CORE	4
Eshmaran	arroz	Eshtai	CORE	4
Eshmaran	sopa	Eshmior	CORE	4
Eshmaran	leite	Eshnata	CORE	4
Eshmaran	vinho	Eshshaeth	CORE	4
Eshmaran	cerveja	Eshrina	CORE	4
Eshmaran	chá	Eshvelen	CORE	4
Eshmaran	água potável	Eshdorka	CORE	4
Eshmaran	ouro	Eshethvel	CORE	4
Eshmaran	prata	Eshumlo	CORE	5
Eshmaran	ferro	Eshyaan	CORE	5
Eshmaran	cobre	Eshkiel	CORE	5
Eshmaran	cristal	Eshsasha	CORE	5
Eshmaran	madeira	Eshloki	CORE	5
Eshmaran	pedra	Eshveno	CORE	5
Eshmaran	corda	Eshaun	CORE	5
Eshmaran	espada	Eshemi	CORE	5
Eshmaran	arco	Eshium	COMMON	5
Eshmaran	escudo	Eshoe	COMMON	5
Eshmaran	armadura	Eshuir	COMMON	5
Eshmaran	livro	Eshanra	COMMON	5
Eshmaran	grimório	Eshardor	COMMON	5
Eshmaran	magia	Eshenven	COMMON	5
Eshmaran	Elyth	Eshirar	COMMON	5
Eshmaran	cura	Eshoris	COMMON	5
Eshmaran	veneno	Eshunrin	COMMON	5
Eshmaran	monstro	Eshaisa	COMMON	5
Eshmaran	dragão	Eshelu	COMMON	6
Eshmaran	aranha	Eshisai	COMMON	6
Eshmaran	goblin	Eshkana	COMMON	6
Eshmaran	missão	Eshraya	COMMON	6
Eshmaran	recompensa	Eshtai	COMMON	6
Eshmaran	dinheiro	Eshmior	COMMON	6
Eshmaran	perigo	Eshnata	COMMON	6
Eshmaran	paz	Eshshaeth	COMMON	6
Eshmaran	guerra	Eshrina	COMMON	6
Eshmaran	vitória	Eshvelen	COMMON	6
Eshmaran	derrota	Eshdorka	COMMON	6
Eshmaran	morte	Eshethvel	COMMON	6
Eshmaran	vida	Eshumlo	COMMON	6
Eshmaran	nascimento	Eshyaan	COMMON	6
Eshmaran	noite	Eshkiel	COMMON	6
Eshmaran	dia	Eshsasha	COMMON	6
Eshmaran	amanhã	Eshloki	COMMON	6
Eshmaran	ontem	Eshveno	COMMON	6
Eshmaran	hoje	Eshaun	COMMON	7
Eshmaran	comer	Eshemi	COMMON	7
Eshmaran	beber	Eshium	COMMON	7
Eshmaran	dormir	Eshoe	COMMON	7
Eshmaran	andar	Eshuir	COMMON	7
Eshmaran	correr	Eshanra	COMMON	7
Eshmaran	lutar	Eshardor	COMMON	7
Eshmaran	falar	Eshenven	COMMON	7
Eshmaran	ouvir	Eshirar	COMMON	7
Eshmaran	aprender	Eshoris	COMMON	7
Eshmaran	ensinar	Eshunrin	COMMON	7
Eshmaran	comprar	Eshaisa	COMMON	7
Eshmaran	vender	Eshelu	COMMON	7
Eshmaran	ajudar	Eshisai	COMMON	7
Eshmaran	roubar	Eshkana	COMMON	7
Eshmaran	perdoar	Eshraya	COMMON	7
Eshmaran	proteger	Eshtai	COMMON	7
Eshmaran	viajar	Eshmior	COMMON	7
Eshmaran	esperar	Eshnata	COMMON	8
Eshmaran	entrar	Eshshaeth	COMMON	8
Eshmaran	sair	Eshrina	COMMON	8
Eshmaran	simples	Eshvelen	COMMON	8
Eshmaran	difícil	Eshdorka	COMMON	8
Eshmaran	grande	Eshethvel	COMMON	8
Eshmaran	pequeno	Eshumlo	COMMON	8
Eshmaran	rápido	Eshyaan	COMMON	8
Eshmaran	lento	Eshkiel	COMMON	8
Eshmaran	bom	Eshsasha	COMMON	8
Eshmaran	ruim	Eshloki	COMMON	8
Eshmaran	quente	Eshveno	COMMON	8
Eshmaran	frio	Eshaun	COMMON	8
Eshmaran	novo	Eshemi	COMMON	8
Eshmaran	velho	Eshium	COMMON	8
Eshmaran	jovem	Eshoe	COMMON	8
Eshmaran	velho sábio	Eshuir	COMMON	8
Eshmaran	perto	Eshanra	COMMON	8
Eshmaran	longe	Eshardor	COMMON	9
Eshmaran	esquerda	Eshenven	COMMON	9
Eshmaran	direita	Eshirar	COMMON	9
Eshmaran	norte	Eshoris	COMMON	9
Eshmaran	sul	Eshunrin	COMMON	9
Eshmaran	leste	Eshaisa	COMMON	9
Eshmaran	oeste	Eshelu	COMMON	9
Eshmaran	primeiro	Eshisai	COMMON	9
Eshmaran	último	Eshkana	COMMON	9
Kethrun	água	Kethraan	CORE	1
Kethrun	fogo	Kethtael	CORE	1
Kethrun	terra	Kethmisha	CORE	1
Kethrun	vento	Kethnaki	CORE	1
Kethrun	céu	Kethshao	CORE	1
Kethrun	sol	Kethrinun	CORE	1
Kethrun	lua	Kethvelmi	CORE	1
Kethrun	estrela	Kethdorum	CORE	1
Kethrun	rio	Kethethe	CORE	1
Kethrun	mar	Kethumir	CORE	1
Kethrun	montanha	Kethyara	CORE	1
Kethrun	floresta	Kethkidor	CORE	1
Kethrun	cidade	Kethsaven	CORE	1
Kethrun	aldeia	Kethloar	CORE	1
Kethrun	casa	Kethvenis	CORE	1
Kethrun	porta	Ketharin	CORE	1
Kethrun	ponte	Kethesa	CORE	1
Kethrun	estrada	Kethiu	CORE	1
Kethrun	mercado	Kethoai	CORE	2
Kethrun	taverna	Kethuna	CORE	2
Kethrun	templo	Kethanya	CORE	2
Kethrun	palácio	Kethari	CORE	2
Kethrun	academia	Kethenor	CORE	2
Kethrun	guilda	Kethirta	CORE	2
Kethrun	guarda	Kethoreth	CORE	2
Kethrun	rei	Kethuna	CORE	2
Kethrun	rainha	Kethaien	CORE	2
Kethrun	príncipe	Kethelka	CORE	2
Kethrun	princesa	Kethisvel	CORE	2
Kethrun	mago	Kethkalo	CORE	2
Kethrun	guerreiro	Kethraan	CORE	2
Kethrun	arqueiro	Kethtael	CORE	2
Kethrun	curandeiro	Kethmisha	CORE	2
Kethrun	aventureiro	Kethnaki	CORE	2
Kethrun	Valaryn	Kethshao	CORE	2
Kethrun	amigo	Kethrinun	CORE	2
Kethrun	inimigo	Kethvelmi	CORE	3
Kethrun	família	Kethdorum	CORE	3
Kethrun	mãe	Kethethe	CORE	3
Kethrun	pai	Kethumir	CORE	3
Kethrun	irmão	Kethyara	CORE	3
Kethrun	irmã	Kethkidor	CORE	3
Kethrun	filho	Kethsaven	CORE	3
Kethrun	filha	Kethloar	CORE	3
Kethrun	amor	Kethvenis	CORE	3
Kethrun	medo	Ketharin	CORE	3
Kethrun	raiva	Kethesa	CORE	3
Kethrun	alegria	Kethiu	CORE	3
Kethrun	tristeza	Kethoai	CORE	3
Kethrun	honra	Kethuna	CORE	3
Kethrun	vergonha	Kethanya	CORE	3
Kethrun	verdade	Kethari	CORE	3
Kethrun	mentira	Kethenor	CORE	3
Kethrun	sim	Kethirta	CORE	3
Kethrun	não	Kethoreth	CORE	4
Kethrun	obrigado	Kethuna	CORE	4
Kethrun	por favor	Kethaien	CORE	4
Kethrun	olá	Kethelka	CORE	4
Kethrun	adeus	Kethisvel	CORE	4
Kethrun	comida	Kethkalo	CORE	4
Kethrun	pão	Kethraan	CORE	4
Kethrun	carne	Kethtael	CORE	4
Kethrun	peixe	Kethmisha	CORE	4
Kethrun	fruta	Kethnaki	CORE	4
Kethrun	arroz	Kethshao	CORE	4
Kethrun	sopa	Kethrinun	CORE	4
Kethrun	leite	Kethvelmi	CORE	4
Kethrun	vinho	Kethdorum	CORE	4
Kethrun	cerveja	Kethethe	CORE	4
Kethrun	chá	Kethumir	CORE	4
Kethrun	água potável	Kethyara	CORE	4
Kethrun	ouro	Kethkidor	CORE	4
Kethrun	prata	Kethsaven	CORE	5
Kethrun	ferro	Kethloar	CORE	5
Kethrun	cobre	Kethvenis	CORE	5
Kethrun	cristal	Ketharin	CORE	5
Kethrun	madeira	Kethesa	CORE	5
Kethrun	pedra	Kethiu	CORE	5
Kethrun	corda	Kethoai	CORE	5
Kethrun	espada	Kethuna	CORE	5
Kethrun	arco	Kethanya	COMMON	5
Kethrun	escudo	Kethari	COMMON	5
Kethrun	armadura	Kethenor	COMMON	5
Kethrun	livro	Kethirta	COMMON	5
Kethrun	grimório	Kethoreth	COMMON	5
Kethrun	magia	Kethuna	COMMON	5
Kethrun	Elyth	Kethaien	COMMON	5
Kethrun	cura	Kethelka	COMMON	5
Kethrun	veneno	Kethisvel	COMMON	5
Kethrun	monstro	Kethkalo	COMMON	5
Kethrun	dragão	Kethraan	COMMON	6
Kethrun	aranha	Kethtael	COMMON	6
Kethrun	goblin	Kethmisha	COMMON	6
Kethrun	missão	Kethnaki	COMMON	6
Kethrun	recompensa	Kethshao	COMMON	6
Kethrun	dinheiro	Kethrinun	COMMON	6
Kethrun	perigo	Kethvelmi	COMMON	6
Kethrun	paz	Kethdorum	COMMON	6
Kethrun	guerra	Kethethe	COMMON	6
Kethrun	vitória	Kethumir	COMMON	6
Kethrun	derrota	Kethyara	COMMON	6
Kethrun	morte	Kethkidor	COMMON	6
Kethrun	vida	Kethsaven	COMMON	6
Kethrun	nascimento	Kethloar	COMMON	6
Kethrun	noite	Kethvenis	COMMON	6
Kethrun	dia	Ketharin	COMMON	6
Kethrun	amanhã	Kethesa	COMMON	6
Kethrun	ontem	Kethiu	COMMON	6
Kethrun	hoje	Kethoai	COMMON	7
Kethrun	comer	Kethuna	COMMON	7
Kethrun	beber	Kethanya	COMMON	7
Kethrun	dormir	Kethari	COMMON	7
Kethrun	andar	Kethenor	COMMON	7
Kethrun	correr	Kethirta	COMMON	7
Kethrun	lutar	Kethoreth	COMMON	7
Kethrun	falar	Kethuna	COMMON	7
Kethrun	ouvir	Kethaien	COMMON	7
Kethrun	aprender	Kethelka	COMMON	7
Kethrun	ensinar	Kethisvel	COMMON	7
Kethrun	comprar	Kethkalo	COMMON	7
Kethrun	vender	Kethraan	COMMON	7
Kethrun	ajudar	Kethtael	COMMON	7
Kethrun	roubar	Kethmisha	COMMON	7
Kethrun	perdoar	Kethnaki	COMMON	7
Kethrun	proteger	Kethshao	COMMON	7
Kethrun	viajar	Kethrinun	COMMON	7
Kethrun	esperar	Kethvelmi	COMMON	8
Kethrun	entrar	Kethdorum	COMMON	8
Kethrun	sair	Kethethe	COMMON	8
Kethrun	simples	Kethumir	COMMON	8
Kethrun	difícil	Kethyara	COMMON	8
Kethrun	grande	Kethkidor	COMMON	8
Kethrun	pequeno	Kethsaven	COMMON	8
Kethrun	rápido	Kethloar	COMMON	8
Kethrun	lento	Kethvenis	COMMON	8
Kethrun	bom	Ketharin	COMMON	8
Kethrun	ruim	Kethesa	COMMON	8
Kethrun	quente	Kethiu	COMMON	8
Kethrun	frio	Kethoai	COMMON	8
Kethrun	novo	Kethuna	COMMON	8
Kethrun	velho	Kethanya	COMMON	8
Kethrun	jovem	Kethari	COMMON	8
Kethrun	velho sábio	Kethenor	COMMON	8
Kethrun	perto	Kethirta	COMMON	8
Kethrun	longe	Kethoreth	COMMON	9
Kethrun	esquerda	Kethuna	COMMON	9
Kethrun	direita	Kethaien	COMMON	9
Kethrun	norte	Kethelka	COMMON	9
Kethrun	sul	Kethisvel	COMMON	9
Kethrun	leste	Kethkalo	COMMON	9
Kethrun	oeste	Kethraan	COMMON	9
Kethrun	primeiro	Kethtael	COMMON	9
Kethrun	último	Kethmisha	COMMON	9
Orinthaliano	água	Ornaar	CORE	1
Orinthaliano	fogo	Orshais	CORE	1
Orinthaliano	terra	Orrinrin	CORE	1
Orinthaliano	vento	Orvelsa	CORE	1
Orinthaliano	céu	Ordoru	CORE	1
Orinthaliano	sol	Orethai	CORE	1
Orinthaliano	lua	Orumna	CORE	1
Orinthaliano	estrela	Oryaya	CORE	1
Orinthaliano	rio	Orkii	CORE	1
Orinthaliano	mar	Orsaor	CORE	1
Orinthaliano	montanha	Orlota	CORE	1
Orinthaliano	floresta	Orveneth	CORE	1
Orinthaliano	cidade	Oraa	CORE	1
Orinthaliano	aldeia	Oreen	CORE	1
Orinthaliano	casa	Orika	CORE	1
Orinthaliano	porta	Orovel	CORE	1
Orinthaliano	ponte	Orulo	CORE	1
Orinthaliano	estrada	Oranan	CORE	1
Orinthaliano	mercado	Orarel	CORE	2
Orinthaliano	taverna	Orensha	CORE	2
Orinthaliano	templo	Orirki	CORE	2
Orinthaliano	palácio	Ororo	CORE	2
Orinthaliano	academia	Orunun	CORE	2
Orinthaliano	guilda	Oraimi	CORE	2
Orinthaliano	guarda	Orelum	CORE	2
Orinthaliano	rei	Orise	CORE	2
Orinthaliano	rainha	Orkair	CORE	2
Orinthaliano	príncipe	Orrara	CORE	2
Orinthaliano	princesa	Ortador	CORE	2
Orinthaliano	mago	Ormiven	CORE	2
Orinthaliano	guerreiro	Ornaar	CORE	2
Orinthaliano	arqueiro	Orshais	CORE	2
Orinthaliano	curandeiro	Orrinrin	CORE	2
Orinthaliano	aventureiro	Orvelsa	CORE	2
Orinthaliano	Valaryn	Ordoru	CORE	2
Orinthaliano	amigo	Orethai	CORE	2
Orinthaliano	inimigo	Orumna	CORE	3
Orinthaliano	família	Oryaya	CORE	3
Orinthaliano	mãe	Orkii	CORE	3
Orinthaliano	pai	Orsaor	CORE	3
Orinthaliano	irmão	Orlota	CORE	3
Orinthaliano	irmã	Orveneth	CORE	3
Orinthaliano	filho	Oraa	CORE	3
Orinthaliano	filha	Oreen	CORE	3
Orinthaliano	amor	Orika	CORE	3
Orinthaliano	medo	Orovel	CORE	3
Orinthaliano	raiva	Orulo	CORE	3
Orinthaliano	alegria	Oranan	CORE	3
Orinthaliano	tristeza	Orarel	CORE	3
Orinthaliano	honra	Orensha	CORE	3
Orinthaliano	vergonha	Orirki	CORE	3
Orinthaliano	verdade	Ororo	CORE	3
Orinthaliano	mentira	Orunun	CORE	3
Orinthaliano	sim	Oraimi	CORE	3
Orinthaliano	não	Orelum	CORE	4
Orinthaliano	obrigado	Orise	CORE	4
Orinthaliano	por favor	Orkair	CORE	4
Orinthaliano	olá	Orrara	CORE	4
Orinthaliano	adeus	Ortador	CORE	4
Orinthaliano	comida	Ormiven	CORE	4
Orinthaliano	pão	Ornaar	CORE	4
Orinthaliano	carne	Orshais	CORE	4
Orinthaliano	peixe	Orrinrin	CORE	4
Orinthaliano	fruta	Orvelsa	CORE	4
Orinthaliano	arroz	Ordoru	CORE	4
Orinthaliano	sopa	Orethai	CORE	4
Orinthaliano	leite	Orumna	CORE	4
Orinthaliano	vinho	Oryaya	CORE	4
Orinthaliano	cerveja	Orkii	CORE	4
Orinthaliano	chá	Orsaor	CORE	4
Orinthaliano	água potável	Orlota	CORE	4
Orinthaliano	ouro	Orveneth	CORE	4
Orinthaliano	prata	Oraa	CORE	5
Orinthaliano	ferro	Oreen	CORE	5
Orinthaliano	cobre	Orika	CORE	5
Orinthaliano	cristal	Orovel	CORE	5
Orinthaliano	madeira	Orulo	CORE	5
Orinthaliano	pedra	Oranan	CORE	5
Orinthaliano	corda	Orarel	CORE	5
Orinthaliano	espada	Orensha	CORE	5
Orinthaliano	arco	Orirki	COMMON	5
Orinthaliano	escudo	Ororo	COMMON	5
Orinthaliano	armadura	Orunun	COMMON	5
Orinthaliano	livro	Oraimi	COMMON	5
Orinthaliano	grimório	Orelum	COMMON	5
Orinthaliano	magia	Orise	COMMON	5
Orinthaliano	Elyth	Orkair	COMMON	5
Orinthaliano	cura	Orrara	COMMON	5
Orinthaliano	veneno	Ortador	COMMON	5
Orinthaliano	monstro	Ormiven	COMMON	5
Orinthaliano	dragão	Ornaar	COMMON	6
Orinthaliano	aranha	Orshais	COMMON	6
Orinthaliano	goblin	Orrinrin	COMMON	6
Orinthaliano	missão	Orvelsa	COMMON	6
Orinthaliano	recompensa	Ordoru	COMMON	6
Orinthaliano	dinheiro	Orethai	COMMON	6
Orinthaliano	perigo	Orumna	COMMON	6
Orinthaliano	paz	Oryaya	COMMON	6
Orinthaliano	guerra	Orkii	COMMON	6
Orinthaliano	vitória	Orsaor	COMMON	6
Orinthaliano	derrota	Orlota	COMMON	6
Orinthaliano	morte	Orveneth	COMMON	6
Orinthaliano	vida	Oraa	COMMON	6
Orinthaliano	nascimento	Oreen	COMMON	6
Orinthaliano	noite	Orika	COMMON	6
Orinthaliano	dia	Orovel	COMMON	6
Orinthaliano	amanhã	Orulo	COMMON	6
Orinthaliano	ontem	Oranan	COMMON	6
Orinthaliano	hoje	Orarel	COMMON	7
Orinthaliano	comer	Orensha	COMMON	7
Orinthaliano	beber	Orirki	COMMON	7
Orinthaliano	dormir	Ororo	COMMON	7
Orinthaliano	andar	Orunun	COMMON	7
Orinthaliano	correr	Oraimi	COMMON	7
Orinthaliano	lutar	Orelum	COMMON	7
Orinthaliano	falar	Orise	COMMON	7
Orinthaliano	ouvir	Orkair	COMMON	7
Orinthaliano	aprender	Orrara	COMMON	7
Orinthaliano	ensinar	Ortador	COMMON	7
Orinthaliano	comprar	Ormiven	COMMON	7
Orinthaliano	vender	Ornaar	COMMON	7
Orinthaliano	ajudar	Orshais	COMMON	7
Orinthaliano	roubar	Orrinrin	COMMON	7
Orinthaliano	perdoar	Orvelsa	COMMON	7
Orinthaliano	proteger	Ordoru	COMMON	7
Orinthaliano	viajar	Orethai	COMMON	7
Orinthaliano	esperar	Orumna	COMMON	8
Orinthaliano	entrar	Oryaya	COMMON	8
Orinthaliano	sair	Orkii	COMMON	8
Orinthaliano	simples	Orsaor	COMMON	8
Orinthaliano	difícil	Orlota	COMMON	8
Orinthaliano	grande	Orveneth	COMMON	8
Orinthaliano	pequeno	Oraa	COMMON	8
Orinthaliano	rápido	Oreen	COMMON	8
Orinthaliano	lento	Orika	COMMON	8
Orinthaliano	bom	Orovel	COMMON	8
Orinthaliano	ruim	Orulo	COMMON	8
Orinthaliano	quente	Oranan	COMMON	8
Orinthaliano	frio	Orarel	COMMON	8
Orinthaliano	novo	Orensha	COMMON	8
Orinthaliano	velho	Orirki	COMMON	8
Orinthaliano	jovem	Ororo	COMMON	8
Orinthaliano	velho sábio	Orunun	COMMON	8
Orinthaliano	perto	Oraimi	COMMON	8
Orinthaliano	longe	Orelum	COMMON	9
Orinthaliano	esquerda	Orise	COMMON	9
Orinthaliano	direita	Orkair	COMMON	9
Orinthaliano	norte	Orrara	COMMON	9
Orinthaliano	sul	Ortador	COMMON	9
Orinthaliano	leste	Ormiven	COMMON	9
Orinthaliano	oeste	Ornaar	COMMON	9
Orinthaliano	primeiro	Orshais	COMMON	9
Orinthaliano	último	Orrinrin	COMMON	9
Zarimita	água	Zarvelen	CORE	1
Zarimita	fogo	Zardorka	CORE	1
Zarimita	terra	Zarethvel	CORE	1
Zarimita	vento	Zarumlo	CORE	1
Zarimita	céu	Zaryaan	CORE	1
Zarimita	sol	Zarkiel	CORE	1
Zarimita	lua	Zarsasha	CORE	1
Zarimita	estrela	Zarloki	CORE	1
Zarimita	rio	Zarveno	CORE	1
Zarimita	mar	Zaraun	CORE	1
Zarimita	montanha	Zaremi	CORE	1
Zarimita	floresta	Zarium	CORE	1
Zarimita	cidade	Zaroe	CORE	1
Zarimita	aldeia	Zaruir	CORE	1
Zarimita	casa	Zaranra	CORE	1
Zarimita	porta	Zarardor	CORE	1
Zarimita	ponte	Zarenven	CORE	1
Zarimita	estrada	Zarirar	CORE	1
Zarimita	mercado	Zaroris	CORE	2
Zarimita	taverna	Zarunrin	CORE	2
Zarimita	templo	Zaraisa	CORE	2
Zarimita	palácio	Zarelu	CORE	2
Zarimita	academia	Zarisai	CORE	2
Zarimita	guilda	Zarkana	CORE	2
Zarimita	guarda	Zarraya	CORE	2
Zarimita	rei	Zartai	CORE	2
Zarimita	rainha	Zarmior	CORE	2
Zarimita	príncipe	Zarnata	CORE	2
Zarimita	princesa	Zarshaeth	CORE	2
Zarimita	mago	Zarrina	CORE	2
Zarimita	guerreiro	Zarvelen	CORE	2
Zarimita	arqueiro	Zardorka	CORE	2
Zarimita	curandeiro	Zarethvel	CORE	2
Zarimita	aventureiro	Zarumlo	CORE	2
Zarimita	Valaryn	Zaryaan	CORE	2
Zarimita	amigo	Zarkiel	CORE	2
Zarimita	inimigo	Zarsasha	CORE	3
Zarimita	família	Zarloki	CORE	3
Zarimita	mãe	Zarveno	CORE	3
Zarimita	pai	Zaraun	CORE	3
Zarimita	irmão	Zaremi	CORE	3
Zarimita	irmã	Zarium	CORE	3
Zarimita	filho	Zaroe	CORE	3
Zarimita	filha	Zaruir	CORE	3
Zarimita	amor	Zaranra	CORE	3
Zarimita	medo	Zarardor	CORE	3
Zarimita	raiva	Zarenven	CORE	3
Zarimita	alegria	Zarirar	CORE	3
Zarimita	tristeza	Zaroris	CORE	3
Zarimita	honra	Zarunrin	CORE	3
Zarimita	vergonha	Zaraisa	CORE	3
Zarimita	verdade	Zarelu	CORE	3
Zarimita	mentira	Zarisai	CORE	3
Zarimita	sim	Zarkana	CORE	3
Zarimita	não	Zarraya	CORE	4
Zarimita	obrigado	Zartai	CORE	4
Zarimita	por favor	Zarmior	CORE	4
Zarimita	olá	Zarnata	CORE	4
Zarimita	adeus	Zarshaeth	CORE	4
Zarimita	comida	Zarrina	CORE	4
Zarimita	pão	Zarvelen	CORE	4
Zarimita	carne	Zardorka	CORE	4
Zarimita	peixe	Zarethvel	CORE	4
Zarimita	fruta	Zarumlo	CORE	4
Zarimita	arroz	Zaryaan	CORE	4
Zarimita	sopa	Zarkiel	CORE	4
Zarimita	leite	Zarsasha	CORE	4
Zarimita	vinho	Zarloki	CORE	4
Zarimita	cerveja	Zarveno	CORE	4
Zarimita	chá	Zaraun	CORE	4
Zarimita	água potável	Zaremi	CORE	4
Zarimita	ouro	Zarium	CORE	4
Zarimita	prata	Zaroe	CORE	5
Zarimita	ferro	Zaruir	CORE	5
Zarimita	cobre	Zaranra	CORE	5
Zarimita	cristal	Zarardor	CORE	5
Zarimita	madeira	Zarenven	CORE	5
Zarimita	pedra	Zarirar	CORE	5
Zarimita	corda	Zaroris	CORE	5
Zarimita	espada	Zarunrin	CORE	5
Zarimita	arco	Zaraisa	COMMON	5
Zarimita	escudo	Zarelu	COMMON	5
Zarimita	armadura	Zarisai	COMMON	5
Zarimita	livro	Zarkana	COMMON	5
Zarimita	grimório	Zarraya	COMMON	5
Zarimita	magia	Zartai	COMMON	5
Zarimita	Elyth	Zarmior	COMMON	5
Zarimita	cura	Zarnata	COMMON	5
Zarimita	veneno	Zarshaeth	COMMON	5
Zarimita	monstro	Zarrina	COMMON	5
Zarimita	dragão	Zarvelen	COMMON	6
Zarimita	aranha	Zardorka	COMMON	6
Zarimita	goblin	Zarethvel	COMMON	6
Zarimita	missão	Zarumlo	COMMON	6
Zarimita	recompensa	Zaryaan	COMMON	6
Zarimita	dinheiro	Zarkiel	COMMON	6
Zarimita	perigo	Zarsasha	COMMON	6
Zarimita	paz	Zarloki	COMMON	6
Zarimita	guerra	Zarveno	COMMON	6
Zarimita	vitória	Zaraun	COMMON	6
Zarimita	derrota	Zaremi	COMMON	6
Zarimita	morte	Zarium	COMMON	6
Zarimita	vida	Zaroe	COMMON	6
Zarimita	nascimento	Zaruir	COMMON	6
Zarimita	noite	Zaranra	COMMON	6
Zarimita	dia	Zarardor	COMMON	6
Zarimita	amanhã	Zarenven	COMMON	6
Zarimita	ontem	Zarirar	COMMON	6
Zarimita	hoje	Zaroris	COMMON	7
Zarimita	comer	Zarunrin	COMMON	7
Zarimita	beber	Zaraisa	COMMON	7
Zarimita	dormir	Zarelu	COMMON	7
Zarimita	andar	Zarisai	COMMON	7
Zarimita	correr	Zarkana	COMMON	7
Zarimita	lutar	Zarraya	COMMON	7
Zarimita	falar	Zartai	COMMON	7
Zarimita	ouvir	Zarmior	COMMON	7
Zarimita	aprender	Zarnata	COMMON	7
Zarimita	ensinar	Zarshaeth	COMMON	7
Zarimita	comprar	Zarrina	COMMON	7
Zarimita	vender	Zarvelen	COMMON	7
Zarimita	ajudar	Zardorka	COMMON	7
Zarimita	roubar	Zarethvel	COMMON	7
Zarimita	perdoar	Zarumlo	COMMON	7
Zarimita	proteger	Zaryaan	COMMON	7
Zarimita	viajar	Zarkiel	COMMON	7
Zarimita	esperar	Zarsasha	COMMON	8
Zarimita	entrar	Zarloki	COMMON	8
Zarimita	sair	Zarveno	COMMON	8
Zarimita	simples	Zaraun	COMMON	8
Zarimita	difícil	Zaremi	COMMON	8
Zarimita	grande	Zarium	COMMON	8
Zarimita	pequeno	Zaroe	COMMON	8
Zarimita	rápido	Zaruir	COMMON	8
Zarimita	lento	Zaranra	COMMON	8
Zarimita	bom	Zarardor	COMMON	8
Zarimita	ruim	Zarenven	COMMON	8
Zarimita	quente	Zarirar	COMMON	8
Zarimita	frio	Zaroris	COMMON	8
Zarimita	novo	Zarunrin	COMMON	8
Zarimita	velho	Zaraisa	COMMON	8
Zarimita	jovem	Zarelu	COMMON	8
Zarimita	velho sábio	Zarisai	COMMON	8
Zarimita	perto	Zarkana	COMMON	8
Zarimita	longe	Zarraya	COMMON	9
Zarimita	esquerda	Zartai	COMMON	9
Zarimita	direita	Zarmior	COMMON	9
Zarimita	norte	Zarnata	COMMON	9
Zarimita	sul	Zarshaeth	COMMON	9
Zarimita	leste	Zarrina	COMMON	9
Zarimita	oeste	Zarvelen	COMMON	9
Zarimita	primeiro	Zardorka	COMMON	9
Zarimita	último	Zarethvel	COMMON	9
Lyriano	água	Lyrumir	CORE	1
Lyriano	fogo	Lyryara	CORE	1
Lyriano	terra	Lyrkidor	CORE	1
Lyriano	vento	Lyrsaven	CORE	1
Lyriano	céu	Lyrloar	CORE	1
Lyriano	sol	Lyrvenis	CORE	1
Lyriano	lua	Lyrarin	CORE	1
Lyriano	estrela	Lyresa	CORE	1
Lyriano	rio	Lyriu	CORE	1
Lyriano	mar	Lyroai	CORE	1
Lyriano	montanha	Lyruna	CORE	1
Lyriano	floresta	Lyranya	CORE	1
Lyriano	cidade	Lyrari	CORE	1
Lyriano	aldeia	Lyrenor	CORE	1
Lyriano	casa	Lyrirta	CORE	1
Lyriano	porta	Lyroreth	CORE	1
Lyriano	ponte	Lyruna	CORE	1
Lyriano	estrada	Lyraien	CORE	1
Lyriano	mercado	Lyrelka	CORE	2
Lyriano	taverna	Lyrisvel	CORE	2
Lyriano	templo	Lyrkalo	CORE	2
Lyriano	palácio	Lyrraan	CORE	2
Lyriano	academia	Lyrtael	CORE	2
Lyriano	guilda	Lyrmisha	CORE	2
Lyriano	guarda	Lyrnaki	CORE	2
Lyriano	rei	Lyrshao	CORE	2
Lyriano	rainha	Lyrrinun	CORE	2
Lyriano	príncipe	Lyrvelmi	CORE	2
Lyriano	princesa	Lyrdorum	CORE	2
Lyriano	mago	Lyrethe	CORE	2
Lyriano	guerreiro	Lyrumir	CORE	2
Lyriano	arqueiro	Lyryara	CORE	2
Lyriano	curandeiro	Lyrkidor	CORE	2
Lyriano	aventureiro	Lyrsaven	CORE	2
Lyriano	Valaryn	Lyrloar	CORE	2
Lyriano	amigo	Lyrvenis	CORE	2
Lyriano	inimigo	Lyrarin	CORE	3
Lyriano	família	Lyresa	CORE	3
Lyriano	mãe	Lyriu	CORE	3
Lyriano	pai	Lyroai	CORE	3
Lyriano	irmão	Lyruna	CORE	3
Lyriano	irmã	Lyranya	CORE	3
Lyriano	filho	Lyrari	CORE	3
Lyriano	filha	Lyrenor	CORE	3
Lyriano	amor	Lyrirta	CORE	3
Lyriano	medo	Lyroreth	CORE	3
Lyriano	raiva	Lyruna	CORE	3
Lyriano	alegria	Lyraien	CORE	3
Lyriano	tristeza	Lyrelka	CORE	3
Lyriano	honra	Lyrisvel	CORE	3
Lyriano	vergonha	Lyrkalo	CORE	3
Lyriano	verdade	Lyrraan	CORE	3
Lyriano	mentira	Lyrtael	CORE	3
Lyriano	sim	Lyrmisha	CORE	3
Lyriano	não	Lyrnaki	CORE	4
Lyriano	obrigado	Lyrshao	CORE	4
Lyriano	por favor	Lyrrinun	CORE	4
Lyriano	olá	Lyrvelmi	CORE	4
Lyriano	adeus	Lyrdorum	CORE	4
Lyriano	comida	Lyrethe	CORE	4
Lyriano	pão	Lyrumir	CORE	4
Lyriano	carne	Lyryara	CORE	4
Lyriano	peixe	Lyrkidor	CORE	4
Lyriano	fruta	Lyrsaven	CORE	4
Lyriano	arroz	Lyrloar	CORE	4
Lyriano	sopa	Lyrvenis	CORE	4
Lyriano	leite	Lyrarin	CORE	4
Lyriano	vinho	Lyresa	CORE	4
Lyriano	cerveja	Lyriu	CORE	4
Lyriano	chá	Lyroai	CORE	4
Lyriano	água potável	Lyruna	CORE	4
Lyriano	ouro	Lyranya	CORE	4
Lyriano	prata	Lyrari	CORE	5
Lyriano	ferro	Lyrenor	CORE	5
Lyriano	cobre	Lyrirta	CORE	5
Lyriano	cristal	Lyroreth	CORE	5
Lyriano	madeira	Lyruna	CORE	5
Lyriano	pedra	Lyraien	CORE	5
Lyriano	corda	Lyrelka	CORE	5
Lyriano	espada	Lyrisvel	CORE	5
Lyriano	arco	Lyrkalo	COMMON	5
Lyriano	escudo	Lyrraan	COMMON	5
Lyriano	armadura	Lyrtael	COMMON	5
Lyriano	livro	Lyrmisha	COMMON	5
Lyriano	grimório	Lyrnaki	COMMON	5
Lyriano	magia	Lyrshao	COMMON	5
Lyriano	Elyth	Lyrrinun	COMMON	5
Lyriano	cura	Lyrvelmi	COMMON	5
Lyriano	veneno	Lyrdorum	COMMON	5
Lyriano	monstro	Lyrethe	COMMON	5
Lyriano	dragão	Lyrumir	COMMON	6
Lyriano	aranha	Lyryara	COMMON	6
Lyriano	goblin	Lyrkidor	COMMON	6
Lyriano	missão	Lyrsaven	COMMON	6
Lyriano	recompensa	Lyrloar	COMMON	6
Lyriano	dinheiro	Lyrvenis	COMMON	6
Lyriano	perigo	Lyrarin	COMMON	6
Lyriano	paz	Lyresa	COMMON	6
Lyriano	guerra	Lyriu	COMMON	6
Lyriano	vitória	Lyroai	COMMON	6
Lyriano	derrota	Lyruna	COMMON	6
Lyriano	morte	Lyranya	COMMON	6
Lyriano	vida	Lyrari	COMMON	6
Lyriano	nascimento	Lyrenor	COMMON	6
Lyriano	noite	Lyrirta	COMMON	6
Lyriano	dia	Lyroreth	COMMON	6
Lyriano	amanhã	Lyruna	COMMON	6
Lyriano	ontem	Lyraien	COMMON	6
Lyriano	hoje	Lyrelka	COMMON	7
Lyriano	comer	Lyrisvel	COMMON	7
Lyriano	beber	Lyrkalo	COMMON	7
Lyriano	dormir	Lyrraan	COMMON	7
Lyriano	andar	Lyrtael	COMMON	7
Lyriano	correr	Lyrmisha	COMMON	7
Lyriano	lutar	Lyrnaki	COMMON	7
Lyriano	falar	Lyrshao	COMMON	7
Lyriano	ouvir	Lyrrinun	COMMON	7
Lyriano	aprender	Lyrvelmi	COMMON	7
Lyriano	ensinar	Lyrdorum	COMMON	7
Lyriano	comprar	Lyrethe	COMMON	7
Lyriano	vender	Lyrumir	COMMON	7
Lyriano	ajudar	Lyryara	COMMON	7
Lyriano	roubar	Lyrkidor	COMMON	7
Lyriano	perdoar	Lyrsaven	COMMON	7
Lyriano	proteger	Lyrloar	COMMON	7
Lyriano	viajar	Lyrvenis	COMMON	7
Lyriano	esperar	Lyrarin	COMMON	8
Lyriano	entrar	Lyresa	COMMON	8
Lyriano	sair	Lyriu	COMMON	8
Lyriano	simples	Lyroai	COMMON	8
Lyriano	difícil	Lyruna	COMMON	8
Lyriano	grande	Lyranya	COMMON	8
Lyriano	pequeno	Lyrari	COMMON	8
Lyriano	rápido	Lyrenor	COMMON	8
Lyriano	lento	Lyrirta	COMMON	8
Lyriano	bom	Lyroreth	COMMON	8
Lyriano	ruim	Lyruna	COMMON	8
Lyriano	quente	Lyraien	COMMON	8
Lyriano	frio	Lyrelka	COMMON	8
Lyriano	novo	Lyrisvel	COMMON	8
Lyriano	velho	Lyrkalo	COMMON	8
Lyriano	jovem	Lyrraan	COMMON	8
Lyriano	velho sábio	Lyrtael	COMMON	8
Lyriano	perto	Lyrmisha	COMMON	8
Lyriano	longe	Lyrnaki	COMMON	9
Lyriano	esquerda	Lyrshao	COMMON	9
Lyriano	direita	Lyrrinun	COMMON	9
Lyriano	norte	Lyrvelmi	COMMON	9
Lyriano	sul	Lyrdorum	COMMON	9
Lyriano	leste	Lyrethe	COMMON	9
Lyriano	oeste	Lyrumir	COMMON	9
Lyriano	primeiro	Lyryara	COMMON	9
Lyriano	último	Lyrkidor	COMMON	9
Myrthosi	água	Myrsaor	CORE	1
Myrthosi	fogo	Myrlota	CORE	1
Myrthosi	terra	Myrveneth	CORE	1
Myrthosi	vento	Myraa	CORE	1
Myrthosi	céu	Myreen	CORE	1
Myrthosi	sol	Myrika	CORE	1
Myrthosi	lua	Myrovel	CORE	1
Myrthosi	estrela	Myrulo	CORE	1
Myrthosi	rio	Myranan	CORE	1
Myrthosi	mar	Myrarel	CORE	1
Myrthosi	montanha	Myrensha	CORE	1
Myrthosi	floresta	Myrirki	CORE	1
Myrthosi	cidade	Myroro	CORE	1
Myrthosi	aldeia	Myrunun	CORE	1
Myrthosi	casa	Myraimi	CORE	1
Myrthosi	porta	Myrelum	CORE	1
Myrthosi	ponte	Myrise	CORE	1
Myrthosi	estrada	Myrkair	CORE	1
Myrthosi	mercado	Myrrara	CORE	2
Myrthosi	taverna	Myrtador	CORE	2
Myrthosi	templo	Myrmiven	CORE	2
Myrthosi	palácio	Myrnaar	CORE	2
Myrthosi	academia	Myrshais	CORE	2
Myrthosi	guilda	Myrrinrin	CORE	2
Myrthosi	guarda	Myrvelsa	CORE	2
Myrthosi	rei	Myrdoru	CORE	2
Myrthosi	rainha	Myrethai	CORE	2
Myrthosi	príncipe	Myrumna	CORE	2
Myrthosi	princesa	Myryaya	CORE	2
Myrthosi	mago	Myrkii	CORE	2
Myrthosi	guerreiro	Myrsaor	CORE	2
Myrthosi	arqueiro	Myrlota	CORE	2
Myrthosi	curandeiro	Myrveneth	CORE	2
Myrthosi	aventureiro	Myraa	CORE	2
Myrthosi	Valaryn	Myreen	CORE	2
Myrthosi	amigo	Myrika	CORE	2
Myrthosi	inimigo	Myrovel	CORE	3
Myrthosi	família	Myrulo	CORE	3
Myrthosi	mãe	Myranan	CORE	3
Myrthosi	pai	Myrarel	CORE	3
Myrthosi	irmão	Myrensha	CORE	3
Myrthosi	irmã	Myrirki	CORE	3
Myrthosi	filho	Myroro	CORE	3
Myrthosi	filha	Myrunun	CORE	3
Myrthosi	amor	Myraimi	CORE	3
Myrthosi	medo	Myrelum	CORE	3
Myrthosi	raiva	Myrise	CORE	3
Myrthosi	alegria	Myrkair	CORE	3
Myrthosi	tristeza	Myrrara	CORE	3
Myrthosi	honra	Myrtador	CORE	3
Myrthosi	vergonha	Myrmiven	CORE	3
Myrthosi	verdade	Myrnaar	CORE	3
Myrthosi	mentira	Myrshais	CORE	3
Myrthosi	sim	Myrrinrin	CORE	3
Myrthosi	não	Myrvelsa	CORE	4
Myrthosi	obrigado	Myrdoru	CORE	4
Myrthosi	por favor	Myrethai	CORE	4
Myrthosi	olá	Myrumna	CORE	4
Myrthosi	adeus	Myryaya	CORE	4
Myrthosi	comida	Myrkii	CORE	4
Myrthosi	pão	Myrsaor	CORE	4
Myrthosi	carne	Myrlota	CORE	4
Myrthosi	peixe	Myrveneth	CORE	4
Myrthosi	fruta	Myraa	CORE	4
Myrthosi	arroz	Myreen	CORE	4
Myrthosi	sopa	Myrika	CORE	4
Myrthosi	leite	Myrovel	CORE	4
Myrthosi	vinho	Myrulo	CORE	4
Myrthosi	cerveja	Myranan	CORE	4
Myrthosi	chá	Myrarel	CORE	4
Myrthosi	água potável	Myrensha	CORE	4
Myrthosi	ouro	Myrirki	CORE	4
Myrthosi	prata	Myroro	CORE	5
Myrthosi	ferro	Myrunun	CORE	5
Myrthosi	cobre	Myraimi	CORE	5
Myrthosi	cristal	Myrelum	CORE	5
Myrthosi	madeira	Myrise	CORE	5
Myrthosi	pedra	Myrkair	CORE	5
Myrthosi	corda	Myrrara	CORE	5
Myrthosi	espada	Myrtador	CORE	5
Myrthosi	arco	Myrmiven	COMMON	5
Myrthosi	escudo	Myrnaar	COMMON	5
Myrthosi	armadura	Myrshais	COMMON	5
Myrthosi	livro	Myrrinrin	COMMON	5
Myrthosi	grimório	Myrvelsa	COMMON	5
Myrthosi	magia	Myrdoru	COMMON	5
Myrthosi	Elyth	Myrethai	COMMON	5
Myrthosi	cura	Myrumna	COMMON	5
Myrthosi	veneno	Myryaya	COMMON	5
Myrthosi	monstro	Myrkii	COMMON	5
Myrthosi	dragão	Myrsaor	COMMON	6
Myrthosi	aranha	Myrlota	COMMON	6
Myrthosi	goblin	Myrveneth	COMMON	6
Myrthosi	missão	Myraa	COMMON	6
Myrthosi	recompensa	Myreen	COMMON	6
Myrthosi	dinheiro	Myrika	COMMON	6
Myrthosi	perigo	Myrovel	COMMON	6
Myrthosi	paz	Myrulo	COMMON	6
Myrthosi	guerra	Myranan	COMMON	6
Myrthosi	vitória	Myrarel	COMMON	6
Myrthosi	derrota	Myrensha	COMMON	6
Myrthosi	morte	Myrirki	COMMON	6
Myrthosi	vida	Myroro	COMMON	6
Myrthosi	nascimento	Myrunun	COMMON	6
Myrthosi	noite	Myraimi	COMMON	6
Myrthosi	dia	Myrelum	COMMON	6
Myrthosi	amanhã	Myrise	COMMON	6
Myrthosi	ontem	Myrkair	COMMON	6
Myrthosi	hoje	Myrrara	COMMON	7
Myrthosi	comer	Myrtador	COMMON	7
Myrthosi	beber	Myrmiven	COMMON	7
Myrthosi	dormir	Myrnaar	COMMON	7
Myrthosi	andar	Myrshais	COMMON	7
Myrthosi	correr	Myrrinrin	COMMON	7
Myrthosi	lutar	Myrvelsa	COMMON	7
Myrthosi	falar	Myrdoru	COMMON	7
Myrthosi	ouvir	Myrethai	COMMON	7
Myrthosi	aprender	Myrumna	COMMON	7
Myrthosi	ensinar	Myryaya	COMMON	7
Myrthosi	comprar	Myrkii	COMMON	7
Myrthosi	vender	Myrsaor	COMMON	7
Myrthosi	ajudar	Myrlota	COMMON	7
Myrthosi	roubar	Myrveneth	COMMON	7
Myrthosi	perdoar	Myraa	COMMON	7
Myrthosi	proteger	Myreen	COMMON	7
Myrthosi	viajar	Myrika	COMMON	7
Myrthosi	esperar	Myrovel	COMMON	8
Myrthosi	entrar	Myrulo	COMMON	8
Myrthosi	sair	Myranan	COMMON	8
Myrthosi	simples	Myrarel	COMMON	8
Myrthosi	difícil	Myrensha	COMMON	8
Myrthosi	grande	Myrirki	COMMON	8
Myrthosi	pequeno	Myroro	COMMON	8
Myrthosi	rápido	Myrunun	COMMON	8
Myrthosi	lento	Myraimi	COMMON	8
Myrthosi	bom	Myrelum	COMMON	8
Myrthosi	ruim	Myrise	COMMON	8
Myrthosi	quente	Myrkair	COMMON	8
Myrthosi	frio	Myrrara	COMMON	8
Myrthosi	novo	Myrtador	COMMON	8
Myrthosi	velho	Myrmiven	COMMON	8
Myrthosi	jovem	Myrnaar	COMMON	8
Myrthosi	velho sábio	Myrshais	COMMON	8
Myrthosi	perto	Myrrinrin	COMMON	8
Myrthosi	longe	Myrvelsa	COMMON	9
Myrthosi	esquerda	Myrdoru	COMMON	9
Myrthosi	direita	Myrethai	COMMON	9
Myrthosi	norte	Myrumna	COMMON	9
Myrthosi	sul	Myryaya	COMMON	9
Myrthosi	leste	Myrkii	COMMON	9
Myrthosi	oeste	Myrsaor	COMMON	9
Myrthosi	primeiro	Myrlota	COMMON	9
Myrthosi	último	Myrveneth	COMMON	9
