month	monthName	day	dayOfYear	season	holiday	globalEvent
1	Aurora	1	1	Inverno	Festival da Aurora	NONE
1	Aurora	2	2	Inverno		NONE
1	Aurora	3	3	Inverno		NONE
1	Aurora	4	4	Inverno		NONE
1	Aurora	5	5	Inverno		NONE
1	Aurora	6	6	Inverno		NONE
1	Aurora	7	7	Inverno		NONE
1	Aurora	8	8	Inverno		NONE
1	Aurora	9	9	Inverno		NONE
1	Aurora	10	10	Inverno		NONE
1	Aurora	11	11	Inverno		NONE
1	Aurora	12	12	Inverno		NONE
1	Aurora	13	13	Inverno		NONE
1	Aurora	14	14	Inverno		NONE
1	Aurora	15	15	Inverno		NONE
1	Aurora	16	16	Inverno		NONE
1	Aurora	17	17	Inverno		NONE
1	Aurora	18	18	Inverno		NONE
1	Aurora	19	19	Inverno		NONE
1	Aurora	20	20	Inverno		NONE
1	Aurora	21	21	Inverno		NONE
1	Aurora	22	22	Inverno		NONE
1	Aurora	23	23	Inverno		NONE
1	Aurora	24	24	Inverno		NONE
1	Aurora	25	25	Inverno		NONE
1	Aurora	26	26	Inverno		NONE
1	Aurora	27	27	Inverno		NONE
1	Aurora	28	28	Inverno		NONE
2	Brasa	1	29	Inverno	Primeiro Dia do Mês	NONE
2	Brasa	2	30	Inverno		NONE
2	Brasa	3	31	Inverno		NONE
2	Brasa	4	32	Inverno		NONE
2	Brasa	5	33	Inverno		NONE
2	Brasa	6	34	Inverno		NONE
2	Brasa	7	35	Inverno		NONE
2	Brasa	8	36	Inverno		NONE
2	Brasa	9	37	Inverno		NONE
2	Brasa	10	38	Inverno		NONE
2	Brasa	11	39	Inverno		NONE
2	Brasa	12	40	Inverno		NONE
2	Brasa	13	41	Inverno		NONE
2	Brasa	14	42	Inverno		NONE
2	Brasa	15	43	Inverno		NONE
2	Brasa	16	44	Inverno		NONE
2	Brasa	17	45	Inverno		NONE
2	Brasa	18	46	Inverno		NONE
2	Brasa	19	47	Inverno		NONE
2	Brasa	20	48	Inverno		NONE
2	Brasa	21	49	Inverno		NONE
2	Brasa	22	50	Inverno		NONE
2	Brasa	23	51	Inverno		NONE
2	Brasa	24	52	Inverno		NONE
2	Brasa	25	53	Inverno		NONE
2	Brasa	26	54	Inverno		NONE
2	Brasa	27	55	Inverno		NONE
2	Brasa	28	56	Inverno		NONE
2	Brasa	29	57	Inverno		NONE
2	Brasa	30	58	Inverno		NONE
3	Chuva	1	59	Primavera	Primeiro Dia do Mês	NONE
3	Chuva	2	60	Primavera		NONE
3	Chuva	3	61	Primavera		NONE
3	Chuva	4	62	Primavera		NONE
3	Chuva	5	63	Primavera		NONE
3	Chuva	6	64	Primavera		NONE
3	Chuva	7	65	Primavera		NONE
3	Chuva	8	66	Primavera		NONE
3	Chuva	9	67	Primavera		NONE
3	Chuva	10	68	Primavera		NONE
3	Chuva	11	69	Primavera		NONE
3	Chuva	12	70	Primavera		NONE
3	Chuva	13	71	Primavera		NONE
3	Chuva	14	72	Primavera		NONE
3	Chuva	15	73	Primavera	Dia das Águas	NONE
3	Chuva	16	74	Primavera		NONE
3	Chuva	17	75	Primavera		NONE
3	Chuva	18	76	Primavera		NONE
3	Chuva	19	77	Primavera		NONE
3	Chuva	20	78	Primavera		NONE
3	Chuva	21	79	Primavera		NONE
3	Chuva	22	80	Primavera		NONE
3	Chuva	23	81	Primavera		NONE
3	Chuva	24	82	Primavera		NONE
3	Chuva	25	83	Primavera		NONE
3	Chuva	26	84	Primavera		NONE
3	Chuva	27	85	Primavera		NONE
3	Chuva	28	86	Primavera		NONE
3	Chuva	29	87	Primavera		NONE
3	Chuva	30	88	Primavera		NONE
3	Chuva	31	89	Primavera		NONE
4	Flores	1	90	Primavera	Primeiro Dia do Mês	NONE
4	Flores	2	91	Primavera		NONE
4	Flores	3	92	Primavera		NONE
4	Flores	4	93	Primavera		NONE
4	Flores	5	94	Primavera		NONE
4	Flores	6	95	Primavera		NONE
4	Flores	7	96	Primavera		NONE
4	Flores	8	97	Primavera		NONE
4	Flores	9	98	Primavera		NONE
4	Flores	10	99	Primavera		NONE
4	Flores	11	100	Primavera		NONE
4	Flores	12	101	Primavera		NONE
4	Flores	13	102	Primavera		NONE
4	Flores	14	103	Primavera		NONE
4	Flores	15	104	Primavera		NONE
4	Flores	16	105	Primavera		NONE
4	Flores	17	106	Primavera		NONE
4	Flores	18	107	Primavera		NONE
4	Flores	19	108	Primavera		NONE
4	Flores	20	109	Primavera		NONE
4	Flores	21	110	Primavera		NONE
4	Flores	22	111	Primavera		NONE
4	Flores	23	112	Primavera		NONE
4	Flores	24	113	Primavera		NONE
4	Flores	25	114	Primavera		NONE
4	Flores	26	115	Primavera		NONE
4	Flores	27	116	Primavera		NONE
4	Flores	28	117	Primavera		NONE
4	Flores	29	118	Primavera		NONE
5	Solstício	1	119	Primavera	Primeiro Dia do Mês	NONE
5	Solstício	2	120	Primavera		NONE
5	Solstício	3	121	Primavera		NONE
5	Solstício	4	122	Primavera		NONE
5	Solstício	5	123	Primavera		NONE
5	Solstício	6	124	Primavera		NONE
5	Solstício	7	125	Primavera		NONE
5	Solstício	8	126	Primavera		NONE
5	Solstício	9	127	Primavera		NONE
5	Solstício	10	128	Primavera		NONE
5	Solstício	11	129	Primavera		NONE
5	Solstício	12	130	Primavera		NONE
5	Solstício	13	131	Primavera		NONE
5	Solstício	14	132	Primavera		NONE
5	Solstício	15	133	Primavera		NONE
5	Solstício	16	134	Primavera		NONE
5	Solstício	17	135	Primavera		NONE
5	Solstício	18	136	Primavera		NONE
5	Solstício	19	137	Primavera		NONE
5	Solstício	20	138	Primavera		NONE
5	Solstício	21	139	Primavera		NONE
5	Solstício	22	140	Primavera		NONE
5	Solstício	23	141	Primavera		NONE
5	Solstício	24	142	Primavera		NONE
5	Solstício	25	143	Primavera		NONE
5	Solstício	26	144	Primavera		NONE
5	Solstício	27	145	Primavera		NONE
5	Solstício	28	146	Primavera		NONE
5	Solstício	29	147	Primavera		NONE
5	Solstício	30	148	Primavera		NONE
6	Colheita	1	149	Verão	Primeiro Dia do Mês	NONE
6	Colheita	2	150	Verão		NONE
6	Colheita	3	151	Verão		NONE
6	Colheita	4	152	Verão		NONE
6	Colheita	5	153	Verão		NONE
6	Colheita	6	154	Verão		NONE
6	Colheita	7	155	Verão		NONE
6	Colheita	8	156	Verão		NONE
6	Colheita	9	157	Verão		NONE
6	Colheita	10	158	Verão		NONE
6	Colheita	11	159	Verão		NONE
6	Colheita	12	160	Verão		NONE
6	Colheita	13	161	Verão		NONE
6	Colheita	14	162	Verão		NONE
6	Colheita	15	163	Verão		NONE
6	Colheita	16	164	Verão		NONE
6	Colheita	17	165	Verão		NONE
6	Colheita	18	166	Verão		NONE
6	Colheita	19	167	Verão		NONE
6	Colheita	20	168	Verão		NONE
6	Colheita	21	169	Verão		NONE
6	Colheita	22	170	Verão		NONE
6	Colheita	23	171	Verão		NONE
6	Colheita	24	172	Verão		NONE
6	Colheita	25	173	Verão		NONE
6	Colheita	26	174	Verão		NONE
6	Colheita	27	175	Verão		NONE
6	Colheita	28	176	Verão		NONE
6	Colheita	29	177	Verão		NONE
6	Colheita	30	178	Verão	Grande Colheita	NONE
6	Colheita	31	179	Verão		NONE
7	Marés	1	180	Verão	Primeiro Dia do Mês	NONE
7	Marés	2	181	Verão		NONE
7	Marés	3	182	Verão		NONE
7	Marés	4	183	Verão		NONE
7	Marés	5	184	Verão		NONE
7	Marés	6	185	Verão		NONE
7	Marés	7	186	Verão		NONE
7	Marés	8	187	Verão		NONE
7	Marés	9	188	Verão		NONE
7	Marés	10	189	Verão		NONE
7	Marés	11	190	Verão		NONE
7	Marés	12	191	Verão		NONE
7	Marés	13	192	Verão		NONE
7	Marés	14	193	Verão		NONE
7	Marés	15	194	Verão		NONE
7	Marés	16	195	Verão		NONE
7	Marés	17	196	Verão		NONE
7	Marés	18	197	Verão		NONE
7	Marés	19	198	Verão		NONE
7	Marés	20	199	Verão		NONE
7	Marés	21	200	Verão		NONE
7	Marés	22	201	Verão		NONE
7	Marés	23	202	Verão		NONE
7	Marés	24	203	Verão		NONE
7	Marés	25	204	Verão		NONE
7	Marés	26	205	Verão		NONE
7	Marés	27	206	Verão		NONE
7	Marés	28	207	Verão		NONE
8	Céu	1	208	Verão	Primeiro Dia do Mês	NONE
8	Céu	2	209	Verão		NONE
8	Céu	3	210	Verão		NONE
8	Céu	4	211	Verão		NONE
8	Céu	5	212	Verão		NONE
8	Céu	6	213	Verão		NONE
8	Céu	7	214	Verão		NONE
8	Céu	8	215	Verão		NONE
8	Céu	9	216	Verão		NONE
8	Céu	10	217	Verão		NONE
8	Céu	11	218	Verão		NONE
8	Céu	12	219	Verão		NONE
8	Céu	13	220	Verão		NONE
8	Céu	14	221	Verão	Festival dos Ventos	NONE
8	Céu	15	222	Verão		NONE
8	Céu	16	223	Verão		NONE
8	Céu	17	224	Verão		NONE
8	Céu	18	225	Verão		NONE
8	Céu	19	226	Verão		NONE
8	Céu	20	227	Verão		NONE
8	Céu	21	228	Verão		NONE
8	Céu	22	229	Verão		NONE
8	Céu	23	230	Verão		NONE
8	Céu	24	231	Verão		NONE
8	Céu	25	232	Verão		NONE
8	Céu	26	233	Verão		NONE
8	Céu	27	234	Verão		NONE
8	Céu	28	235	Verão		NONE
8	Céu	29	236	Verão		NONE
8	Céu	30	237	Verão		NONE
9	Folhas	1	238	Outono	Primeiro Dia do Mês	NONE
9	Folhas	2	239	Outono		NONE
9	Folhas	3	240	Outono		NONE
9	Folhas	4	241	Outono		NONE
9	Folhas	5	242	Outono		NONE
9	Folhas	6	243	Outono		NONE
9	Folhas	7	244	Outono		NONE
9	Folhas	8	245	Outono		NONE
9	Folhas	9	246	Outono		NONE
9	Folhas	10	247	Outono		NONE
9	Folhas	11	248	Outono		NONE
9	Folhas	12	249	Outono		NONE
9	Folhas	13	250	Outono		NONE
9	Folhas	14	251	Outono		NONE
9	Folhas	15	252	Outono		NONE
9	Folhas	16	253	Outono		NONE
9	Folhas	17	254	Outono		NONE
9	Folhas	18	255	Outono		NONE
9	Folhas	19	256	Outono		NONE
9	Folhas	20	257	Outono		NONE
9	Folhas	21	258	Outono		NONE
9	Folhas	22	259	Outono		NONE
9	Folhas	23	260	Outono		NONE
9	Folhas	24	261	Outono		NONE
9	Folhas	25	262	Outono		NONE
9	Folhas	26	263	Outono		NONE
9	Folhas	27	264	Outono		NONE
9	Folhas	28	265	Outono		NONE
9	Folhas	29	266	Outono		NONE
9	Folhas	30	267	Outono		NONE
9	Folhas	31	268	Outono		NONE
10	Névoa	1	269	Outono	Primeiro Dia do Mês	NONE
10	Névoa	2	270	Outono		NONE
10	Névoa	3	271	Outono		NONE
10	Névoa	4	272	Outono		NONE
10	Névoa	5	273	Outono		NONE
10	Névoa	6	274	Outono		NONE
10	Névoa	7	275	Outono		NONE
10	Névoa	8	276	Outono		NONE
10	Névoa	9	277	Outono		NONE
10	Névoa	10	278	Outono		NONE
10	Névoa	11	279	Outono		NONE
10	Névoa	12	280	Outono		NONE
10	Névoa	13	281	Outono		NONE
10	Névoa	14	282	Outono		NONE
10	Névoa	15	283	Outono		NONE
10	Névoa	16	284	Outono		NONE
10	Névoa	17	285	Outono		NONE
10	Névoa	18	286	Outono		NONE
10	Névoa	19	287	Outono		NONE
10	Névoa	20	288	Outono		NONE
10	Névoa	21	289	Outono		NONE
10	Névoa	22	290	Outono		NONE
10	Névoa	23	291	Outono		NONE
10	Névoa	24	292	Outono		NONE
10	Névoa	25	293	Outono		NONE
10	Névoa	26	294	Outono		NONE
10	Névoa	27	295	Outono		NONE
10	Névoa	28	296	Outono		NONE
10	Névoa	29	297	Outono	Noite das Lanternas	NONE
11	Gelo	1	298	Outono	Primeiro Dia do Mês	NONE
11	Gelo	2	299	Outono		NONE
11	Gelo	3	300	Outono		NONE
11	Gelo	4	301	Outono		NONE
11	Gelo	5	302	Outono		NONE
11	Gelo	6	303	Outono		NONE
11	Gelo	7	304	Outono		NONE
11	Gelo	8	305	Outono		NONE
11	Gelo	9	306	Outono		NONE
11	Gelo	10	307	Outono		NONE
11	Gelo	11	308	Outono		NONE
11	Gelo	12	309	Outono		NONE
11	Gelo	13	310	Outono		NONE
11	Gelo	14	311	Outono		NONE
11	Gelo	15	312	Outono		NONE
11	Gelo	16	313	Outono		NONE
11	Gelo	17	314	Outono		NONE
11	Gelo	18	315	Outono		NONE
11	Gelo	19	316	Outono		NONE
11	Gelo	20	317	Outono		NONE
11	Gelo	21	318	Outono		NONE
11	Gelo	22	319	Outono		NONE
11	Gelo	23	320	Outono		NONE
11	Gelo	24	321	Outono		NONE
11	Gelo	25	322	Outono		NONE
11	Gelo	26	323	Outono		NONE
11	Gelo	27	324	Outono		NONE
11	Gelo	28	325	Outono		NONE
11	Gelo	29	326	Outono		NONE
11	Gelo	30	327	Outono		NONE
12	Sombras	1	328	Inverno	Primeiro Dia do Mês	NONE
12	Sombras	2	329	Inverno		NONE
12	Sombras	3	330	Inverno		NONE
12	Sombras	4	331	Inverno		NONE
12	Sombras	5	332	Inverno		NONE
12	Sombras	6	333	Inverno		NONE
12	Sombras	7	334	Inverno		NONE
12	Sombras	8	335	Inverno		NONE
12	Sombras	9	336	Inverno		NONE
12	Sombras	10	337	Inverno		NONE
12	Sombras	11	338	Inverno		NONE
12	Sombras	12	339	Inverno		NONE
12	Sombras	13	340	Inverno		NONE
12	Sombras	14	341	Inverno		NONE
12	Sombras	15	342	Inverno		NONE
12	Sombras	16	343	Inverno		NONE
12	Sombras	17	344	Inverno		NONE
12	Sombras	18	345	Inverno		NONE
12	Sombras	19	346	Inverno		NONE
12	Sombras	20	347	Inverno		NONE
12	Sombras	21	348	Inverno		NONE
12	Sombras	22	349	Inverno		NONE
12	Sombras	23	350	Inverno		NONE
12	Sombras	24	351	Inverno		NONE
12	Sombras	25	352	Inverno		NONE
12	Sombras	26	353	Inverno		NONE
12	Sombras	27	354	Inverno		NONE
12	Sombras	28	355	Inverno		NONE
12	Sombras	29	356	Inverno		NONE
12	Sombras	30	357	Inverno		NONE
12	Sombras	31	358	Inverno	Vigília das Sombras	NONE
13	Estrelas	1	359	Inverno	Primeiro Dia do Mês	NONE
13	Estrelas	2	360	Inverno		NONE
13	Estrelas	3	361	Inverno		NONE
13	Estrelas	4	362	Inverno		NONE
13	Estrelas	5	363	Inverno		NONE
13	Estrelas	6	364	Inverno		NONE
13	Estrelas	7	365	Inverno		NONE
13	Estrelas	8	366	Inverno		NONE
13	Estrelas	9	367	Inverno		NONE
13	Estrelas	10	368	Inverno		NONE
13	Estrelas	11	369	Inverno		NONE
13	Estrelas	12	370	Inverno		NONE
13	Estrelas	13	371	Inverno		NONE
13	Estrelas	14	372	Inverno		NONE
13	Estrelas	15	373	Inverno		NONE
13	Estrelas	16	374	Inverno		NONE
13	Estrelas	17	375	Inverno		NONE
13	Estrelas	18	376	Inverno		NONE
13	Estrelas	19	377	Inverno		NONE
13	Estrelas	20	378	Inverno		NONE
13	Estrelas	21	379	Inverno		NONE
13	Estrelas	22	380	Inverno		NONE
13	Estrelas	23	381	Inverno		NONE
13	Estrelas	24	382	Inverno		NONE
13	Estrelas	25	383	Inverno		NONE
13	Estrelas	26	384	Inverno		NONE
13	Estrelas	27	385	Inverno		NONE
13	Estrelas	28	386	Inverno		NONE
14	Renascimento	1	387	Inverno	Primeiro Dia do Mês	NONE
14	Renascimento	2	388	Inverno		NONE
14	Renascimento	3	389	Inverno		NONE
14	Renascimento	4	390	Inverno		NONE
14	Renascimento	5	391	Inverno		NONE
14	Renascimento	6	392	Inverno		NONE
14	Renascimento	7	393	Inverno		NONE
14	Renascimento	8	394	Inverno		NONE
14	Renascimento	9	395	Inverno		NONE
14	Renascimento	10	396	Inverno		NONE
14	Renascimento	11	397	Inverno		NONE
14	Renascimento	12	398	Inverno		NONE
14	Renascimento	13	399	Inverno		NONE
14	Renascimento	14	400	Inverno		NONE
14	Renascimento	15	401	Inverno		NONE
14	Renascimento	16	402	Inverno		NONE
14	Renascimento	17	403	Inverno		NONE
14	Renascimento	18	404	Inverno		NONE
14	Renascimento	19	405	Inverno		NONE
14	Renascimento	20	406	Inverno		NONE
14	Renascimento	21	407	Inverno		NONE
14	Renascimento	22	408	Inverno		NONE
14	Renascimento	23	409	Inverno		NONE
14	Renascimento	24	410	Inverno		NONE
14	Renascimento	25	411	Inverno		NONE
14	Renascimento	26	412	Inverno		NONE
14	Renascimento	27	413	Inverno		NONE
14	Renascimento	28	414	Inverno		NONE
14	Renascimento	29	415	Inverno		NONE
14	Renascimento	30	416	Inverno		NONE
14	Renascimento	31	417	Inverno		NONE
14	Renascimento	32	418	Inverno	Renascimento de Aeloria	NONE
