startDay	name	description
1	Era da Normalidade	As rotas funcionam e a Guilda concentra-se em monstros locais e pedidos civis.
120	Sinais na Fronteira	Ataques de criaturas aumentam em algumas rotas. Guardas começam a pedir ajuda a aventureiros.
240	Pressão entre Reinos	Diplomatas relatam tensões comerciais e militares. Pequenos incidentes passam a ter repercussões maiores.
360	A Crise dos Dez Reinos	Conflitos abertos surgem. Guildas, academias e guardas recebem missões de defesa e escolta.
480	Mobilização	Cidades fortificam portões, dungeons ficam mais perigosas e monstros migram para regiões antes seguras.
600	A Guerra	Os dez reinos entram em guerra. Contratos, alianças e rotas passam a ser afetados pela situação política.
700	O Despertar	Um antigo selo é rompido. Sinais apontam para o despertar de um grande dragão.
760	A Última Campanha	Heróis de diferentes caminhos recebem missões convergentes para enfrentar a ameaça.
820	O Dragão Desperto	A ameaça final altera o equilíbrio de Aeloria e dos outros reinos.
900	Depois das Cinzas	O mundo começa a reconstruir-se; os Prólogos registram como cada personagem participou da história.
