id	name	realm	status
AEL-01	Escola do Carvalho	Aeloria	GAME_PROPOSAL
AEL-02	Punho da Ponte	Aeloria	GAME_PROPOSAL
AEL-03	Lâmina de Valdora	Aeloria	GAME_PROPOSAL
AEL-04	Passo de Stormhaven	Aeloria	GAME_PROPOSAL
THA-01	Martelo Rúnico	Tharun	GAME_PROPOSAL
THA-02	Punho da Montanha	Tharun	GAME_PROPOSAL
NYS-01	Dança das Correntes	Nyssara	GAME_PROPOSAL
VAL-01	Jura do Cavaleiro	Valkyrion	GAME_PROPOSAL
ESH-01	Passo da Folha	Eshmara	GAME_PROPOSAL
KET-01	Areia Silenciosa	Kethruun	GAME_PROPOSAL
ORI-01	Mercador de Gelo	Orinthal	GAME_PROPOSAL
ZAR-01	Brasa Vulcânica	Zarim	GAME_PROPOSAL
LYR-01	Queda do Vento	Lyrien	GAME_PROPOSAL
MYR-01	Equilíbrio Interior	Myrthos	GAME_PROPOSAL
CST-01	Arte do Caminho Vazio	Inter-reinos	GAME_PROPOSAL
