id	name	domain	status
1	Pyron	Fogo	CANONICAL
2	Hydron	Água	CANONICAL
3	Sylvan	Planta/Vento	CANONICAL
4	Terran	Terra	CANONICAL
5	Lumin	Luz	CANONICAL
6	Umbra	Sombra	CANONICAL
7	Volt	Eletricidade	CANONICAL
8	Ferron	Metal	CANONICAL
9	Arbor	Madeira	CANONICAL
10	Sangre	Sangue	CANONICAL
11	Glacis	Gelo	CANONICAL
12	Aether	Éter/Arcano	CANONICAL
13	Claym	Argila/Lama	CANONICAL
14	Gale	Vento	CANONICAL
15	Mist	Névoa	CANONICAL
16	Solar	Sol	CANONICAL
17	Gravon	Gravidade	CANONICAL
18	Chrona	Tempo	CANONICAL
19	Stone	Pedra	CANONICAL
20	Fungal	Fungos	CANONICAL
21	Tide	Maré	CANONICAL
22	Ember	Brasa	CANONICAL
23	Void	Vácuo	CANONICAL
24	Radiant	Aura	CANONICAL
25	Rust	Corrosão	CANONICAL
26	Thorn	Espinho	CANONICAL
27	Frost	Frio	CANONICAL
28	Psion	Mente	CANONICAL
29	Ash	Cinzas	CANONICAL
30	Gild	Prestígio	CANONICAL
31	Quake	Tremor	CANONICAL
32	Bloom	Cura	CANONICAL
33	Sky	Céu	CANONICAL
34	Echo	Som	CANONICAL
35	Root	Enraizamento	CANONICAL
36	Vine	Trepadeira	CANONICAL
37	Brine	Sal	CANONICAL
38	Halo	Proteção	CANONICAL
39	Sand	Areia	CANONICAL
40	Gloom	Melancolia	CANONICAL
41	Moss	Cobertura	CANONICAL
42	Abyss	Profundidade	CANONICAL
43	Spark	Faísca	CANONICAL
44	Clay	Modelagem	CANONICAL
45	Prism	Luz	CANONICAL
46	Bramble	Cerca	CANONICAL
47	Floe	Gelo	CANONICAL
48	Pulse	Vigor	CANONICAL
49	Tar	Viscoso	CANONICAL
50	Astral	Estelar	CANONICAL
