from	to	days	cost	risk	status
Valdora	Drakensport	1	4	8	GAME_PROPOSAL
Drakensport	Lunareth	1	4	8	GAME_PROPOSAL
Lunareth	Cindralith	1	4	8	GAME_PROPOSAL
Cindralith	Feyndral	1	4	8	GAME_PROPOSAL
Feyndral	Arvenholt	1	4	8	GAME_PROPOSAL
Arvenholt	Brighthollow	1	4	8	GAME_PROPOSAL
Brighthollow	Caelwyn	1	4	8	GAME_PROPOSAL
Caelwyn	Duskmere	1	4	8	GAME_PROPOSAL
Duskmere	Eldrath	1	4	8	GAME_PROPOSAL
Eldrath	Fenndral	1	4	8	GAME_PROPOSAL
Fenndral	Greystone	1	4	8	GAME_PROPOSAL
Greystone	Hallowspire	1	4	8	GAME_PROPOSAL
Hallowspire	Ironvale	1	4	8	GAME_PROPOSAL
Ironvale	Jorathen	1	4	8	GAME_PROPOSAL
Jorathen	Kaelmoor	1	4	8	GAME_PROPOSAL
Kaelmoor	Loryndor	1	4	8	GAME_PROPOSAL
Loryndor	Myrendale	1	4	8	GAME_PROPOSAL
Myrendale	Norhaven	1	4	8	GAME_PROPOSAL
Norhaven	Oathmere	1	4	8	GAME_PROPOSAL
Oathmere	Pyrelith	1	4	8	GAME_PROPOSAL
Pyrelith	Quenndral	1	4	8	GAME_PROPOSAL
Quenndral	Rivenholt	1	4	8	GAME_PROPOSAL
Rivenholt	Sylthar	1	4	8	GAME_PROPOSAL
Sylthar	Thornmere	1	4	8	GAME_PROPOSAL
Thornmere	Umbravale	1	4	8	GAME_PROPOSAL
Umbravale	Veyndaril	1	4	8	GAME_PROPOSAL
Veyndaril	Windralith	1	4	8	GAME_PROPOSAL
Windralith	Xandralor	1	4	8	GAME_PROPOSAL
Xandralor	Ylthmere	1	4	8	GAME_PROPOSAL
Ylthmere	Zorathen	1	4	8	GAME_PROPOSAL
Zorathen	Ashenford	1	4	8	GAME_PROPOSAL
Ashenford	Blackmere	1	4	8	GAME_PROPOSAL
Blackmere	Crestwyn	1	4	8	GAME_PROPOSAL
Crestwyn	Dawnspire	1	4	8	GAME_PROPOSAL
Dawnspire	Emberholt	1	4	8	GAME_PROPOSAL
Emberholt	Frostmere	1	4	8	GAME_PROPOSAL
Frostmere	Goldhaven	1	4	8	GAME_PROPOSAL
Goldhaven	Highspire	1	4	8	GAME_PROPOSAL
Highspire	Irondral	1	4	8	GAME_PROPOSAL
Irondral	Jorwyn	1	4	8	GAME_PROPOSAL
Jorwyn	Kethralith	1	4	8	GAME_PROPOSAL
Kethralith	Lorwynne	1	4	8	GAME_PROPOSAL
Lorwynne	Mistvale	1	4	8	GAME_PROPOSAL
Mistvale	Netherholt	1	4	8	GAME_PROPOSAL
Netherholt	Oakmere	1	4	8	GAME_PROPOSAL
Oakmere	Prismere	1	4	8	GAME_PROPOSAL
Prismere	Quorathen	1	4	8	GAME_PROPOSAL
Quorathen	Runedral	1	4	8	GAME_PROPOSAL
Runedral	Stormhaven	1	4	8	GAME_PROPOSAL
Stormhaven	Tindralith	1	4	8	GAME_PROPOSAL
Tindralith	Ulthmere	1	4	8	GAME_PROPOSAL
Ulthmere	Verdralith	1	4	8	GAME_PROPOSAL
Verdralith	Wyrmhaven	1	4	8	GAME_PROPOSAL
Wyrmhaven	Xyrelith	1	4	8	GAME_PROPOSAL
Xyrelith	Yndralor	1	4	8	GAME_PROPOSAL
Yndralor	Zephyrholt	1	4	8	GAME_PROPOSAL
Zephyrholt	Branthollow	1	4	8	GAME_PROPOSAL
Valdora	Stone-Âmbar	5	40	18	GAME_PROPOSAL
Stone-Âmbar	Emerald Tide	5	40	18	GAME_PROPOSAL
Emerald Tide	Volmeria	5	40	18	GAME_PROPOSAL
Volmeria	Brumas	5	40	18	GAME_PROPOSAL
Brumas	Sandbones	5	40	18	GAME_PROPOSAL
Sandbones	Crystalia	5	40	18	GAME_PROPOSAL
Crystalia	Fornalia	5	40	18	GAME_PROPOSAL
Fornalia	Aerocivitus	5	40	18	GAME_PROPOSAL
Aerocivitus	Sem nome definido	5	40	18	GAME_PROPOSAL
Sem nome definido	Valdora	5	40	18	GAME_PROPOSAL
Valdora	Lunareth	1	6	7	GAME_PROPOSAL
