id	name	tier	type	price	teaches	description
GRIM_01_01	Grimório do 1º Círculo — 01	1	GRIMORIO	200	SPL	Livro que pode ensinar um feitiço de nível 1 quando estudado em local apropriado ou com um instrutor.
GRIM_01_02	Grimório do 1º Círculo — 02	1	GRIMORIO	215	SPL	Livro que pode ensinar um feitiço de nível 1 quando estudado em local apropriado ou com um instrutor.
GRIM_01_03	Grimório do 1º Círculo — 03	1	GRIMORIO	230	SPL	Livro que pode ensinar um feitiço de nível 1 quando estudado em local apropriado ou com um instrutor.
GRIM_01_04	Grimório do 1º Círculo — 04	1	GRIMORIO	245	SPL	Livro que pode ensinar um feitiço de nível 1 quando estudado em local apropriado ou com um instrutor.
GRIM_01_05	Grimório do 1º Círculo — 05	1	GRIMORIO	260	SPL	Livro que pode ensinar um feitiço de nível 1 quando estudado em local apropriado ou com um instrutor.
GRIM_01_06	Grimório do 1º Círculo — 06	1	GRIMORIO	275	SPL	Livro que pode ensinar um feitiço de nível 1 quando estudado em local apropriado ou com um instrutor.
GRIM_01_07	Grimório do 1º Círculo — 07	1	GRIMORIO	290	SPL	Livro que pode ensinar um feitiço de nível 1 quando estudado em local apropriado ou com um instrutor.
GRIM_01_08	Grimório do 1º Círculo — 08	1	GRIMORIO	305	SPL	Livro que pode ensinar um feitiço de nível 1 quando estudado em local apropriado ou com um instrutor.
GRIM_01_09	Grimório do 1º Círculo — 09	1	GRIMORIO	320	SPL	Livro que pode ensinar um feitiço de nível 1 quando estudado em local apropriado ou com um instrutor.
GRIM_01_10	Grimório do 1º Círculo — 10	1	GRIMORIO	335	SPL	Livro que pode ensinar um feitiço de nível 1 quando estudado em local apropriado ou com um instrutor.
GRIM_01_11	Grimório do 1º Círculo — 11	1	GRIMORIO	350	SPL	Livro que pode ensinar um feitiço de nível 1 quando estudado em local apropriado ou com um instrutor.
GRIM_01_12	Grimório do 1º Círculo — 12	1	GRIMORIO	365	SPL	Livro que pode ensinar um feitiço de nível 1 quando estudado em local apropriado ou com um instrutor.
GRIM_01_13	Grimório do 1º Círculo — 13	1	GRIMORIO	380	SPL	Livro que pode ensinar um feitiço de nível 1 quando estudado em local apropriado ou com um instrutor.
GRIM_01_14	Grimório do 1º Círculo — 14	1	GRIMORIO	395	SPL	Livro que pode ensinar um feitiço de nível 1 quando estudado em local apropriado ou com um instrutor.
GRIM_01_15	Grimório do 1º Círculo — 15	1	GRIMORIO	410	SPL	Livro que pode ensinar um feitiço de nível 1 quando estudado em local apropriado ou com um instrutor.
GRIM_01_16	Grimório do 1º Círculo — 16	1	GRIMORIO	425	SPL	Livro que pode ensinar um feitiço de nível 1 quando estudado em local apropriado ou com um instrutor.
GRIM_01_17	Grimório do 1º Círculo — 17	1	GRIMORIO	440	SPL	Livro que pode ensinar um feitiço de nível 1 quando estudado em local apropriado ou com um instrutor.
GRIM_01_18	Grimório do 1º Círculo — 18	1	GRIMORIO	455	SPL	Livro que pode ensinar um feitiço de nível 1 quando estudado em local apropriado ou com um instrutor.
GRIM_01_19	Grimório do 1º Círculo — 19	1	GRIMORIO	470	SPL	Livro que pode ensinar um feitiço de nível 1 quando estudado em local apropriado ou com um instrutor.
GRIM_01_20	Grimório do 1º Círculo — 20	1	GRIMORIO	485	SPL	Livro que pode ensinar um feitiço de nível 1 quando estudado em local apropriado ou com um instrutor.
GRIM_02_01	Grimório do 2º Círculo — 01	2	GRIMORIO	320	SPL	Livro que pode ensinar um feitiço de nível 2 quando estudado em local apropriado ou com um instrutor.
GRIM_02_02	Grimório do 2º Círculo — 02	2	GRIMORIO	335	SPL	Livro que pode ensinar um feitiço de nível 2 quando estudado em local apropriado ou com um instrutor.
GRIM_02_03	Grimório do 2º Círculo — 03	2	GRIMORIO	350	SPL	Livro que pode ensinar um feitiço de nível 2 quando estudado em local apropriado ou com um instrutor.
GRIM_02_04	Grimório do 2º Círculo — 04	2	GRIMORIO	365	SPL	Livro que pode ensinar um feitiço de nível 2 quando estudado em local apropriado ou com um instrutor.
GRIM_02_05	Grimório do 2º Círculo — 05	2	GRIMORIO	380	SPL	Livro que pode ensinar um feitiço de nível 2 quando estudado em local apropriado ou com um instrutor.
GRIM_02_06	Grimório do 2º Círculo — 06	2	GRIMORIO	395	SPL	Livro que pode ensinar um feitiço de nível 2 quando estudado em local apropriado ou com um instrutor.
GRIM_02_07	Grimório do 2º Círculo — 07	2	GRIMORIO	410	SPL	Livro que pode ensinar um feitiço de nível 2 quando estudado em local apropriado ou com um instrutor.
GRIM_02_08	Grimório do 2º Círculo — 08	2	GRIMORIO	425	SPL	Livro que pode ensinar um feitiço de nível 2 quando estudado em local apropriado ou com um instrutor.
GRIM_02_09	Grimório do 2º Círculo — 09	2	GRIMORIO	440	SPL	Livro que pode ensinar um feitiço de nível 2 quando estudado em local apropriado ou com um instrutor.
GRIM_02_10	Grimório do 2º Círculo — 10	2	GRIMORIO	455	SPL	Livro que pode ensinar um feitiço de nível 2 quando estudado em local apropriado ou com um instrutor.
GRIM_02_11	Grimório do 2º Círculo — 11	2	GRIMORIO	470	SPL	Livro que pode ensinar um feitiço de nível 2 quando estudado em local apropriado ou com um instrutor.
GRIM_02_12	Grimório do 2º Círculo — 12	2	GRIMORIO	485	SPL	Livro que pode ensinar um feitiço de nível 2 quando estudado em local apropriado ou com um instrutor.
GRIM_02_13	Grimório do 2º Círculo — 13	2	GRIMORIO	500	SPL	Livro que pode ensinar um feitiço de nível 2 quando estudado em local apropriado ou com um instrutor.
GRIM_02_14	Grimório do 2º Círculo — 14	2	GRIMORIO	515	SPL	Livro que pode ensinar um feitiço de nível 2 quando estudado em local apropriado ou com um instrutor.
GRIM_02_15	Grimório do 2º Círculo — 15	2	GRIMORIO	530	SPL	Livro que pode ensinar um feitiço de nível 2 quando estudado em local apropriado ou com um instrutor.
GRIM_02_16	Grimório do 2º Círculo — 16	2	GRIMORIO	545	SPL	Livro que pode ensinar um feitiço de nível 2 quando estudado em local apropriado ou com um instrutor.
GRIM_02_17	Grimório do 2º Círculo — 17	2	GRIMORIO	560	SPL	Livro que pode ensinar um feitiço de nível 2 quando estudado em local apropriado ou com um instrutor.
GRIM_02_18	Grimório do 2º Círculo — 18	2	GRIMORIO	575	SPL	Livro que pode ensinar um feitiço de nível 2 quando estudado em local apropriado ou com um instrutor.
GRIM_02_19	Grimório do 2º Círculo — 19	2	GRIMORIO	590	SPL	Livro que pode ensinar um feitiço de nível 2 quando estudado em local apropriado ou com um instrutor.
GRIM_02_20	Grimório do 2º Círculo — 20	2	GRIMORIO	605	SPL	Livro que pode ensinar um feitiço de nível 2 quando estudado em local apropriado ou com um instrutor.
GRIM_03_01	Grimório do 3º Círculo — 01	3	GRIMORIO	440	SPL	Livro que pode ensinar um feitiço de nível 3 quando estudado em local apropriado ou com um instrutor.
GRIM_03_02	Grimório do 3º Círculo — 02	3	GRIMORIO	455	SPL	Livro que pode ensinar um feitiço de nível 3 quando estudado em local apropriado ou com um instrutor.
GRIM_03_03	Grimório do 3º Círculo — 03	3	GRIMORIO	470	SPL	Livro que pode ensinar um feitiço de nível 3 quando estudado em local apropriado ou com um instrutor.
GRIM_03_04	Grimório do 3º Círculo — 04	3	GRIMORIO	485	SPL	Livro que pode ensinar um feitiço de nível 3 quando estudado em local apropriado ou com um instrutor.
GRIM_03_05	Grimório do 3º Círculo — 05	3	GRIMORIO	500	SPL	Livro que pode ensinar um feitiço de nível 3 quando estudado em local apropriado ou com um instrutor.
GRIM_03_06	Grimório do 3º Círculo — 06	3	GRIMORIO	515	SPL	Livro que pode ensinar um feitiço de nível 3 quando estudado em local apropriado ou com um instrutor.
GRIM_03_07	Grimório do 3º Círculo — 07	3	GRIMORIO	530	SPL	Livro que pode ensinar um feitiço de nível 3 quando estudado em local apropriado ou com um instrutor.
GRIM_03_08	Grimório do 3º Círculo — 08	3	GRIMORIO	545	SPL	Livro que pode ensinar um feitiço de nível 3 quando estudado em local apropriado ou com um instrutor.
GRIM_03_09	Grimório do 3º Círculo — 09	3	GRIMORIO	560	SPL	Livro que pode ensinar um feitiço de nível 3 quando estudado em local apropriado ou com um instrutor.
GRIM_03_10	Grimório do 3º Círculo — 10	3	GRIMORIO	575	SPL	Livro que pode ensinar um feitiço de nível 3 quando estudado em local apropriado ou com um instrutor.
GRIM_03_11	Grimório do 3º Círculo — 11	3	GRIMORIO	590	SPL	Livro que pode ensinar um feitiço de nível 3 quando estudado em local apropriado ou com um instrutor.
GRIM_03_12	Grimório do 3º Círculo — 12	3	GRIMORIO	605	SPL	Livro que pode ensinar um feitiço de nível 3 quando estudado em local apropriado ou com um instrutor.
GRIM_03_13	Grimório do 3º Círculo — 13	3	GRIMORIO	620	SPL	Livro que pode ensinar um feitiço de nível 3 quando estudado em local apropriado ou com um instrutor.
GRIM_03_14	Grimório do 3º Círculo — 14	3	GRIMORIO	635	SPL	Livro que pode ensinar um feitiço de nível 3 quando estudado em local apropriado ou com um instrutor.
GRIM_03_15	Grimório do 3º Círculo — 15	3	GRIMORIO	650	SPL	Livro que pode ensinar um feitiço de nível 3 quando estudado em local apropriado ou com um instrutor.
GRIM_03_16	Grimório do 3º Círculo — 16	3	GRIMORIO	665	SPL	Livro que pode ensinar um feitiço de nível 3 quando estudado em local apropriado ou com um instrutor.
GRIM_03_17	Grimório do 3º Círculo — 17	3	GRIMORIO	680	SPL	Livro que pode ensinar um feitiço de nível 3 quando estudado em local apropriado ou com um instrutor.
GRIM_03_18	Grimório do 3º Círculo — 18	3	GRIMORIO	695	SPL	Livro que pode ensinar um feitiço de nível 3 quando estudado em local apropriado ou com um instrutor.
GRIM_03_19	Grimório do 3º Círculo — 19	3	GRIMORIO	710	SPL	Livro que pode ensinar um feitiço de nível 3 quando estudado em local apropriado ou com um instrutor.
GRIM_03_20	Grimório do 3º Círculo — 20	3	GRIMORIO	725	SPL	Livro que pode ensinar um feitiço de nível 3 quando estudado em local apropriado ou com um instrutor.
GRIM_04_01	Grimório do 4º Círculo — 01	4	GRIMORIO	560	SPL	Livro que pode ensinar um feitiço de nível 4 quando estudado em local apropriado ou com um instrutor.
GRIM_04_02	Grimório do 4º Círculo — 02	4	GRIMORIO	575	SPL	Livro que pode ensinar um feitiço de nível 4 quando estudado em local apropriado ou com um instrutor.
GRIM_04_03	Grimório do 4º Círculo — 03	4	GRIMORIO	590	SPL	Livro que pode ensinar um feitiço de nível 4 quando estudado em local apropriado ou com um instrutor.
GRIM_04_04	Grimório do 4º Círculo — 04	4	GRIMORIO	605	SPL	Livro que pode ensinar um feitiço de nível 4 quando estudado em local apropriado ou com um instrutor.
GRIM_04_05	Grimório do 4º Círculo — 05	4	GRIMORIO	620	SPL	Livro que pode ensinar um feitiço de nível 4 quando estudado em local apropriado ou com um instrutor.
GRIM_04_06	Grimório do 4º Círculo — 06	4	GRIMORIO	635	SPL	Livro que pode ensinar um feitiço de nível 4 quando estudado em local apropriado ou com um instrutor.
GRIM_04_07	Grimório do 4º Círculo — 07	4	GRIMORIO	650	SPL	Livro que pode ensinar um feitiço de nível 4 quando estudado em local apropriado ou com um instrutor.
GRIM_04_08	Grimório do 4º Círculo — 08	4	GRIMORIO	665	SPL	Livro que pode ensinar um feitiço de nível 4 quando estudado em local apropriado ou com um instrutor.
GRIM_04_09	Grimório do 4º Círculo — 09	4	GRIMORIO	680	SPL	Livro que pode ensinar um feitiço de nível 4 quando estudado em local apropriado ou com um instrutor.
GRIM_04_10	Grimório do 4º Círculo — 10	4	GRIMORIO	695	SPL	Livro que pode ensinar um feitiço de nível 4 quando estudado em local apropriado ou com um instrutor.
GRIM_04_11	Grimório do 4º Círculo — 11	4	GRIMORIO	710	SPL	Livro que pode ensinar um feitiço de nível 4 quando estudado em local apropriado ou com um instrutor.
GRIM_04_12	Grimório do 4º Círculo — 12	4	GRIMORIO	725	SPL	Livro que pode ensinar um feitiço de nível 4 quando estudado em local apropriado ou com um instrutor.
GRIM_04_13	Grimório do 4º Círculo — 13	4	GRIMORIO	740	SPL	Livro que pode ensinar um feitiço de nível 4 quando estudado em local apropriado ou com um instrutor.
GRIM_04_14	Grimório do 4º Círculo — 14	4	GRIMORIO	755	SPL	Livro que pode ensinar um feitiço de nível 4 quando estudado em local apropriado ou com um instrutor.
GRIM_04_15	Grimório do 4º Círculo — 15	4	GRIMORIO	770	SPL	Livro que pode ensinar um feitiço de nível 4 quando estudado em local apropriado ou com um instrutor.
GRIM_04_16	Grimório do 4º Círculo — 16	4	GRIMORIO	785	SPL	Livro que pode ensinar um feitiço de nível 4 quando estudado em local apropriado ou com um instrutor.
GRIM_04_17	Grimório do 4º Círculo — 17	4	GRIMORIO	800	SPL	Livro que pode ensinar um feitiço de nível 4 quando estudado em local apropriado ou com um instrutor.
GRIM_04_18	Grimório do 4º Círculo — 18	4	GRIMORIO	815	SPL	Livro que pode ensinar um feitiço de nível 4 quando estudado em local apropriado ou com um instrutor.
GRIM_04_19	Grimório do 4º Círculo — 19	4	GRIMORIO	830	SPL	Livro que pode ensinar um feitiço de nível 4 quando estudado em local apropriado ou com um instrutor.
GRIM_04_20	Grimório do 4º Círculo — 20	4	GRIMORIO	845	SPL	Livro que pode ensinar um feitiço de nível 4 quando estudado em local apropriado ou com um instrutor.
GRIM_05_01	Grimório do 5º Círculo — 01	5	GRIMORIO	680	SPL	Livro que pode ensinar um feitiço de nível 5 quando estudado em local apropriado ou com um instrutor.
GRIM_05_02	Grimório do 5º Círculo — 02	5	GRIMORIO	695	SPL	Livro que pode ensinar um feitiço de nível 5 quando estudado em local apropriado ou com um instrutor.
GRIM_05_03	Grimório do 5º Círculo — 03	5	GRIMORIO	710	SPL	Livro que pode ensinar um feitiço de nível 5 quando estudado em local apropriado ou com um instrutor.
GRIM_05_04	Grimório do 5º Círculo — 04	5	GRIMORIO	725	SPL	Livro que pode ensinar um feitiço de nível 5 quando estudado em local apropriado ou com um instrutor.
GRIM_05_05	Grimório do 5º Círculo — 05	5	GRIMORIO	740	SPL	Livro que pode ensinar um feitiço de nível 5 quando estudado em local apropriado ou com um instrutor.
GRIM_05_06	Grimório do 5º Círculo — 06	5	GRIMORIO	755	SPL	Livro que pode ensinar um feitiço de nível 5 quando estudado em local apropriado ou com um instrutor.
GRIM_05_07	Grimório do 5º Círculo — 07	5	GRIMORIO	770	SPL	Livro que pode ensinar um feitiço de nível 5 quando estudado em local apropriado ou com um instrutor.
GRIM_05_08	Grimório do 5º Círculo — 08	5	GRIMORIO	785	SPL	Livro que pode ensinar um feitiço de nível 5 quando estudado em local apropriado ou com um instrutor.
GRIM_05_09	Grimório do 5º Círculo — 09	5	GRIMORIO	800	SPL	Livro que pode ensinar um feitiço de nível 5 quando estudado em local apropriado ou com um instrutor.
GRIM_05_10	Grimório do 5º Círculo — 10	5	GRIMORIO	815	SPL	Livro que pode ensinar um feitiço de nível 5 quando estudado em local apropriado ou com um instrutor.
GRIM_05_11	Grimório do 5º Círculo — 11	5	GRIMORIO	830	SPL	Livro que pode ensinar um feitiço de nível 5 quando estudado em local apropriado ou com um instrutor.
GRIM_05_12	Grimório do 5º Círculo — 12	5	GRIMORIO	845	SPL	Livro que pode ensinar um feitiço de nível 5 quando estudado em local apropriado ou com um instrutor.
GRIM_05_13	Grimório do 5º Círculo — 13	5	GRIMORIO	860	SPL	Livro que pode ensinar um feitiço de nível 5 quando estudado em local apropriado ou com um instrutor.
GRIM_05_14	Grimório do 5º Círculo — 14	5	GRIMORIO	875	SPL	Livro que pode ensinar um feitiço de nível 5 quando estudado em local apropriado ou com um instrutor.
GRIM_05_15	Grimório do 5º Círculo — 15	5	GRIMORIO	890	SPL	Livro que pode ensinar um feitiço de nível 5 quando estudado em local apropriado ou com um instrutor.
GRIM_05_16	Grimório do 5º Círculo — 16	5	GRIMORIO	905	SPL	Livro que pode ensinar um feitiço de nível 5 quando estudado em local apropriado ou com um instrutor.
GRIM_05_17	Grimório do 5º Círculo — 17	5	GRIMORIO	920	SPL	Livro que pode ensinar um feitiço de nível 5 quando estudado em local apropriado ou com um instrutor.
GRIM_05_18	Grimório do 5º Círculo — 18	5	GRIMORIO	935	SPL	Livro que pode ensinar um feitiço de nível 5 quando estudado em local apropriado ou com um instrutor.
GRIM_05_19	Grimório do 5º Círculo — 19	5	GRIMORIO	950	SPL	Livro que pode ensinar um feitiço de nível 5 quando estudado em local apropriado ou com um instrutor.
GRIM_05_20	Grimório do 5º Círculo — 20	5	GRIMORIO	965	SPL	Livro que pode ensinar um feitiço de nível 5 quando estudado em local apropriado ou com um instrutor.
GRIM_06_01	Grimório do 6º Círculo — 01	6	GRIMORIO	800	SPL	Livro que pode ensinar um feitiço de nível 6 quando estudado em local apropriado ou com um instrutor.
GRIM_06_02	Grimório do 6º Círculo — 02	6	GRIMORIO	815	SPL	Livro que pode ensinar um feitiço de nível 6 quando estudado em local apropriado ou com um instrutor.
GRIM_06_03	Grimório do 6º Círculo — 03	6	GRIMORIO	830	SPL	Livro que pode ensinar um feitiço de nível 6 quando estudado em local apropriado ou com um instrutor.
GRIM_06_04	Grimório do 6º Círculo — 04	6	GRIMORIO	845	SPL	Livro que pode ensinar um feitiço de nível 6 quando estudado em local apropriado ou com um instrutor.
GRIM_06_05	Grimório do 6º Círculo — 05	6	GRIMORIO	860	SPL	Livro que pode ensinar um feitiço de nível 6 quando estudado em local apropriado ou com um instrutor.
GRIM_06_06	Grimório do 6º Círculo — 06	6	GRIMORIO	875	SPL	Livro que pode ensinar um feitiço de nível 6 quando estudado em local apropriado ou com um instrutor.
GRIM_06_07	Grimório do 6º Círculo — 07	6	GRIMORIO	890	SPL	Livro que pode ensinar um feitiço de nível 6 quando estudado em local apropriado ou com um instrutor.
GRIM_06_08	Grimório do 6º Círculo — 08	6	GRIMORIO	905	SPL	Livro que pode ensinar um feitiço de nível 6 quando estudado em local apropriado ou com um instrutor.
GRIM_06_09	Grimório do 6º Círculo — 09	6	GRIMORIO	920	SPL	Livro que pode ensinar um feitiço de nível 6 quando estudado em local apropriado ou com um instrutor.
GRIM_06_10	Grimório do 6º Círculo — 10	6	GRIMORIO	935	SPL	Livro que pode ensinar um feitiço de nível 6 quando estudado em local apropriado ou com um instrutor.
GRIM_06_11	Grimório do 6º Círculo — 11	6	GRIMORIO	950	SPL	Livro que pode ensinar um feitiço de nível 6 quando estudado em local apropriado ou com um instrutor.
GRIM_06_12	Grimório do 6º Círculo — 12	6	GRIMORIO	965	SPL	Livro que pode ensinar um feitiço de nível 6 quando estudado em local apropriado ou com um instrutor.
GRIM_06_13	Grimório do 6º Círculo — 13	6	GRIMORIO	980	SPL	Livro que pode ensinar um feitiço de nível 6 quando estudado em local apropriado ou com um instrutor.
GRIM_06_14	Grimório do 6º Círculo — 14	6	GRIMORIO	995	SPL	Livro que pode ensinar um feitiço de nível 6 quando estudado em local apropriado ou com um instrutor.
GRIM_06_15	Grimório do 6º Círculo — 15	6	GRIMORIO	1010	SPL	Livro que pode ensinar um feitiço de nível 6 quando estudado em local apropriado ou com um instrutor.
GRIM_06_16	Grimório do 6º Círculo — 16	6	GRIMORIO	1025	SPL	Livro que pode ensinar um feitiço de nível 6 quando estudado em local apropriado ou com um instrutor.
GRIM_06_17	Grimório do 6º Círculo — 17	6	GRIMORIO	1040	SPL	Livro que pode ensinar um feitiço de nível 6 quando estudado em local apropriado ou com um instrutor.
GRIM_06_18	Grimório do 6º Círculo — 18	6	GRIMORIO	1055	SPL	Livro que pode ensinar um feitiço de nível 6 quando estudado em local apropriado ou com um instrutor.
GRIM_06_19	Grimório do 6º Círculo — 19	6	GRIMORIO	1070	SPL	Livro que pode ensinar um feitiço de nível 6 quando estudado em local apropriado ou com um instrutor.
GRIM_06_20	Grimório do 6º Círculo — 20	6	GRIMORIO	1085	SPL	Livro que pode ensinar um feitiço de nível 6 quando estudado em local apropriado ou com um instrutor.
GRIM_07_01	Grimório do 7º Círculo — 01	7	GRIMORIO	920	SPL	Livro que pode ensinar um feitiço de nível 7 quando estudado em local apropriado ou com um instrutor.
GRIM_07_02	Grimório do 7º Círculo — 02	7	GRIMORIO	935	SPL	Livro que pode ensinar um feitiço de nível 7 quando estudado em local apropriado ou com um instrutor.
GRIM_07_03	Grimório do 7º Círculo — 03	7	GRIMORIO	950	SPL	Livro que pode ensinar um feitiço de nível 7 quando estudado em local apropriado ou com um instrutor.
GRIM_07_04	Grimório do 7º Círculo — 04	7	GRIMORIO	965	SPL	Livro que pode ensinar um feitiço de nível 7 quando estudado em local apropriado ou com um instrutor.
GRIM_07_05	Grimório do 7º Círculo — 05	7	GRIMORIO	980	SPL	Livro que pode ensinar um feitiço de nível 7 quando estudado em local apropriado ou com um instrutor.
GRIM_07_06	Grimório do 7º Círculo — 06	7	GRIMORIO	995	SPL	Livro que pode ensinar um feitiço de nível 7 quando estudado em local apropriado ou com um instrutor.
GRIM_07_07	Grimório do 7º Círculo — 07	7	GRIMORIO	1010	SPL	Livro que pode ensinar um feitiço de nível 7 quando estudado em local apropriado ou com um instrutor.
GRIM_07_08	Grimório do 7º Círculo — 08	7	GRIMORIO	1025	SPL	Livro que pode ensinar um feitiço de nível 7 quando estudado em local apropriado ou com um instrutor.
GRIM_07_09	Grimório do 7º Círculo — 09	7	GRIMORIO	1040	SPL	Livro que pode ensinar um feitiço de nível 7 quando estudado em local apropriado ou com um instrutor.
GRIM_07_10	Grimório do 7º Círculo — 10	7	GRIMORIO	1055	SPL	Livro que pode ensinar um feitiço de nível 7 quando estudado em local apropriado ou com um instrutor.
GRIM_07_11	Grimório do 7º Círculo — 11	7	GRIMORIO	1070	SPL	Livro que pode ensinar um feitiço de nível 7 quando estudado em local apropriado ou com um instrutor.
GRIM_07_12	Grimório do 7º Círculo — 12	7	GRIMORIO	1085	SPL	Livro que pode ensinar um feitiço de nível 7 quando estudado em local apropriado ou com um instrutor.
GRIM_07_13	Grimório do 7º Círculo — 13	7	GRIMORIO	1100	SPL	Livro que pode ensinar um feitiço de nível 7 quando estudado em local apropriado ou com um instrutor.
GRIM_07_14	Grimório do 7º Círculo — 14	7	GRIMORIO	1115	SPL	Livro que pode ensinar um feitiço de nível 7 quando estudado em local apropriado ou com um instrutor.
GRIM_07_15	Grimório do 7º Círculo — 15	7	GRIMORIO	1130	SPL	Livro que pode ensinar um feitiço de nível 7 quando estudado em local apropriado ou com um instrutor.
GRIM_07_16	Grimório do 7º Círculo — 16	7	GRIMORIO	1145	SPL	Livro que pode ensinar um feitiço de nível 7 quando estudado em local apropriado ou com um instrutor.
GRIM_07_17	Grimório do 7º Círculo — 17	7	GRIMORIO	1160	SPL	Livro que pode ensinar um feitiço de nível 7 quando estudado em local apropriado ou com um instrutor.
GRIM_07_18	Grimório do 7º Círculo — 18	7	GRIMORIO	1175	SPL	Livro que pode ensinar um feitiço de nível 7 quando estudado em local apropriado ou com um instrutor.
GRIM_07_19	Grimório do 7º Círculo — 19	7	GRIMORIO	1190	SPL	Livro que pode ensinar um feitiço de nível 7 quando estudado em local apropriado ou com um instrutor.
GRIM_07_20	Grimório do 7º Círculo — 20	7	GRIMORIO	1205	SPL	Livro que pode ensinar um feitiço de nível 7 quando estudado em local apropriado ou com um instrutor.
GRIM_08_01	Grimório do 8º Círculo — 01	8	GRIMORIO	1040	SPL	Livro que pode ensinar um feitiço de nível 8 quando estudado em local apropriado ou com um instrutor.
GRIM_08_02	Grimório do 8º Círculo — 02	8	GRIMORIO	1055	SPL	Livro que pode ensinar um feitiço de nível 8 quando estudado em local apropriado ou com um instrutor.
GRIM_08_03	Grimório do 8º Círculo — 03	8	GRIMORIO	1070	SPL	Livro que pode ensinar um feitiço de nível 8 quando estudado em local apropriado ou com um instrutor.
GRIM_08_04	Grimório do 8º Círculo — 04	8	GRIMORIO	1085	SPL	Livro que pode ensinar um feitiço de nível 8 quando estudado em local apropriado ou com um instrutor.
GRIM_08_05	Grimório do 8º Círculo — 05	8	GRIMORIO	1100	SPL	Livro que pode ensinar um feitiço de nível 8 quando estudado em local apropriado ou com um instrutor.
GRIM_08_06	Grimório do 8º Círculo — 06	8	GRIMORIO	1115	SPL	Livro que pode ensinar um feitiço de nível 8 quando estudado em local apropriado ou com um instrutor.
GRIM_08_07	Grimório do 8º Círculo — 07	8	GRIMORIO	1130	SPL	Livro que pode ensinar um feitiço de nível 8 quando estudado em local apropriado ou com um instrutor.
GRIM_08_08	Grimório do 8º Círculo — 08	8	GRIMORIO	1145	SPL	Livro que pode ensinar um feitiço de nível 8 quando estudado em local apropriado ou com um instrutor.
GRIM_08_09	Grimório do 8º Círculo — 09	8	GRIMORIO	1160	SPL	Livro que pode ensinar um feitiço de nível 8 quando estudado em local apropriado ou com um instrutor.
GRIM_08_10	Grimório do 8º Círculo — 10	8	GRIMORIO	1175	SPL	Livro que pode ensinar um feitiço de nível 8 quando estudado em local apropriado ou com um instrutor.
GRIM_08_11	Grimório do 8º Círculo — 11	8	GRIMORIO	1190	SPL	Livro que pode ensinar um feitiço de nível 8 quando estudado em local apropriado ou com um instrutor.
GRIM_08_12	Grimório do 8º Círculo — 12	8	GRIMORIO	1205	SPL	Livro que pode ensinar um feitiço de nível 8 quando estudado em local apropriado ou com um instrutor.
GRIM_08_13	Grimório do 8º Círculo — 13	8	GRIMORIO	1220	SPL	Livro que pode ensinar um feitiço de nível 8 quando estudado em local apropriado ou com um instrutor.
GRIM_08_14	Grimório do 8º Círculo — 14	8	GRIMORIO	1235	SPL	Livro que pode ensinar um feitiço de nível 8 quando estudado em local apropriado ou com um instrutor.
GRIM_08_15	Grimório do 8º Círculo — 15	8	GRIMORIO	1250	SPL	Livro que pode ensinar um feitiço de nível 8 quando estudado em local apropriado ou com um instrutor.
GRIM_08_16	Grimório do 8º Círculo — 16	8	GRIMORIO	1265	SPL	Livro que pode ensinar um feitiço de nível 8 quando estudado em local apropriado ou com um instrutor.
GRIM_08_17	Grimório do 8º Círculo — 17	8	GRIMORIO	1280	SPL	Livro que pode ensinar um feitiço de nível 8 quando estudado em local apropriado ou com um instrutor.
GRIM_08_18	Grimório do 8º Círculo — 18	8	GRIMORIO	1295	SPL	Livro que pode ensinar um feitiço de nível 8 quando estudado em local apropriado ou com um instrutor.
GRIM_08_19	Grimório do 8º Círculo — 19	8	GRIMORIO	1310	SPL	Livro que pode ensinar um feitiço de nível 8 quando estudado em local apropriado ou com um instrutor.
GRIM_08_20	Grimório do 8º Círculo — 20	8	GRIMORIO	1325	SPL	Livro que pode ensinar um feitiço de nível 8 quando estudado em local apropriado ou com um instrutor.
GRIM_09_01	Grimório do 9º Círculo — 01	9	GRIMORIO	1160	SPL	Livro que pode ensinar um feitiço de nível 9 quando estudado em local apropriado ou com um instrutor.
GRIM_09_02	Grimório do 9º Círculo — 02	9	GRIMORIO	1175	SPL	Livro que pode ensinar um feitiço de nível 9 quando estudado em local apropriado ou com um instrutor.
GRIM_09_03	Grimório do 9º Círculo — 03	9	GRIMORIO	1190	SPL	Livro que pode ensinar um feitiço de nível 9 quando estudado em local apropriado ou com um instrutor.
GRIM_09_04	Grimório do 9º Círculo — 04	9	GRIMORIO	1205	SPL	Livro que pode ensinar um feitiço de nível 9 quando estudado em local apropriado ou com um instrutor.
GRIM_09_05	Grimório do 9º Círculo — 05	9	GRIMORIO	1220	SPL	Livro que pode ensinar um feitiço de nível 9 quando estudado em local apropriado ou com um instrutor.
GRIM_09_06	Grimório do 9º Círculo — 06	9	GRIMORIO	1235	SPL	Livro que pode ensinar um feitiço de nível 9 quando estudado em local apropriado ou com um instrutor.
GRIM_09_07	Grimório do 9º Círculo — 07	9	GRIMORIO	1250	SPL	Livro que pode ensinar um feitiço de nível 9 quando estudado em local apropriado ou com um instrutor.
GRIM_09_08	Grimório do 9º Círculo — 08	9	GRIMORIO	1265	SPL	Livro que pode ensinar um feitiço de nível 9 quando estudado em local apropriado ou com um instrutor.
GRIM_09_09	Grimório do 9º Círculo — 09	9	GRIMORIO	1280	SPL	Livro que pode ensinar um feitiço de nível 9 quando estudado em local apropriado ou com um instrutor.
GRIM_09_10	Grimório do 9º Círculo — 10	9	GRIMORIO	1295	SPL	Livro que pode ensinar um feitiço de nível 9 quando estudado em local apropriado ou com um instrutor.
GRIM_09_11	Grimório do 9º Círculo — 11	9	GRIMORIO	1310	SPL	Livro que pode ensinar um feitiço de nível 9 quando estudado em local apropriado ou com um instrutor.
GRIM_09_12	Grimório do 9º Círculo — 12	9	GRIMORIO	1325	SPL	Livro que pode ensinar um feitiço de nível 9 quando estudado em local apropriado ou com um instrutor.
GRIM_09_13	Grimório do 9º Círculo — 13	9	GRIMORIO	1340	SPL	Livro que pode ensinar um feitiço de nível 9 quando estudado em local apropriado ou com um instrutor.
GRIM_09_14	Grimório do 9º Círculo — 14	9	GRIMORIO	1355	SPL	Livro que pode ensinar um feitiço de nível 9 quando estudado em local apropriado ou com um instrutor.
GRIM_09_15	Grimório do 9º Círculo — 15	9	GRIMORIO	1370	SPL	Livro que pode ensinar um feitiço de nível 9 quando estudado em local apropriado ou com um instrutor.
GRIM_09_16	Grimório do 9º Círculo — 16	9	GRIMORIO	1385	SPL	Livro que pode ensinar um feitiço de nível 9 quando estudado em local apropriado ou com um instrutor.
GRIM_09_17	Grimório do 9º Círculo — 17	9	GRIMORIO	1400	SPL	Livro que pode ensinar um feitiço de nível 9 quando estudado em local apropriado ou com um instrutor.
GRIM_09_18	Grimório do 9º Círculo — 18	9	GRIMORIO	1415	SPL	Livro que pode ensinar um feitiço de nível 9 quando estudado em local apropriado ou com um instrutor.
GRIM_09_19	Grimório do 9º Círculo — 19	9	GRIMORIO	1430	SPL	Livro que pode ensinar um feitiço de nível 9 quando estudado em local apropriado ou com um instrutor.
GRIM_09_20	Grimório do 9º Círculo — 20	9	GRIMORIO	1445	SPL	Livro que pode ensinar um feitiço de nível 9 quando estudado em local apropriado ou com um instrutor.
GRIM_10_01	Grimório do 10º Círculo — 01	10	GRIMORIO	1280	SPL	Livro que pode ensinar um feitiço de nível 10 quando estudado em local apropriado ou com um instrutor.
GRIM_10_02	Grimório do 10º Círculo — 02	10	GRIMORIO	1295	SPL	Livro que pode ensinar um feitiço de nível 10 quando estudado em local apropriado ou com um instrutor.
GRIM_10_03	Grimório do 10º Círculo — 03	10	GRIMORIO	1310	SPL	Livro que pode ensinar um feitiço de nível 10 quando estudado em local apropriado ou com um instrutor.
GRIM_10_04	Grimório do 10º Círculo — 04	10	GRIMORIO	1325	SPL	Livro que pode ensinar um feitiço de nível 10 quando estudado em local apropriado ou com um instrutor.
GRIM_10_05	Grimório do 10º Círculo — 05	10	GRIMORIO	1340	SPL	Livro que pode ensinar um feitiço de nível 10 quando estudado em local apropriado ou com um instrutor.
GRIM_10_06	Grimório do 10º Círculo — 06	10	GRIMORIO	1355	SPL	Livro que pode ensinar um feitiço de nível 10 quando estudado em local apropriado ou com um instrutor.
GRIM_10_07	Grimório do 10º Círculo — 07	10	GRIMORIO	1370	SPL	Livro que pode ensinar um feitiço de nível 10 quando estudado em local apropriado ou com um instrutor.
GRIM_10_08	Grimório do 10º Círculo — 08	10	GRIMORIO	1385	SPL	Livro que pode ensinar um feitiço de nível 10 quando estudado em local apropriado ou com um instrutor.
GRIM_10_09	Grimório do 10º Círculo — 09	10	GRIMORIO	1400	SPL	Livro que pode ensinar um feitiço de nível 10 quando estudado em local apropriado ou com um instrutor.
GRIM_10_10	Grimório do 10º Círculo — 10	10	GRIMORIO	1415	SPL	Livro que pode ensinar um feitiço de nível 10 quando estudado em local apropriado ou com um instrutor.
GRIM_10_11	Grimório do 10º Círculo — 11	10	GRIMORIO	1430	SPL	Livro que pode ensinar um feitiço de nível 10 quando estudado em local apropriado ou com um instrutor.
GRIM_10_12	Grimório do 10º Círculo — 12	10	GRIMORIO	1445	SPL	Livro que pode ensinar um feitiço de nível 10 quando estudado em local apropriado ou com um instrutor.
GRIM_10_13	Grimório do 10º Círculo — 13	10	GRIMORIO	1460	SPL	Livro que pode ensinar um feitiço de nível 10 quando estudado em local apropriado ou com um instrutor.
GRIM_10_14	Grimório do 10º Círculo — 14	10	GRIMORIO	1475	SPL	Livro que pode ensinar um feitiço de nível 10 quando estudado em local apropriado ou com um instrutor.
GRIM_10_15	Grimório do 10º Círculo — 15	10	GRIMORIO	1490	SPL	Livro que pode ensinar um feitiço de nível 10 quando estudado em local apropriado ou com um instrutor.
GRIM_10_16	Grimório do 10º Círculo — 16	10	GRIMORIO	1505	SPL	Livro que pode ensinar um feitiço de nível 10 quando estudado em local apropriado ou com um instrutor.
GRIM_10_17	Grimório do 10º Círculo — 17	10	GRIMORIO	1520	SPL	Livro que pode ensinar um feitiço de nível 10 quando estudado em local apropriado ou com um instrutor.
GRIM_10_18	Grimório do 10º Círculo — 18	10	GRIMORIO	1535	SPL	Livro que pode ensinar um feitiço de nível 10 quando estudado em local apropriado ou com um instrutor.
GRIM_10_19	Grimório do 10º Círculo — 19	10	GRIMORIO	1550	SPL	Livro que pode ensinar um feitiço de nível 10 quando estudado em local apropriado ou com um instrutor.
GRIM_10_20	Grimório do 10º Círculo — 20	10	GRIMORIO	1565	SPL	Livro que pode ensinar um feitiço de nível 10 quando estudado em local apropriado ou com um instrutor.
