tier	minLevel	minMana	requiredStudyDays	sources	failure
1	1	20	4	GRIMORIO|MESTRE|ACADEMIA|DESCOBERTA	fadiga=2
2	5	30	6	GRIMORIO|MESTRE|ACADEMIA|DESCOBERTA	fadiga=2
3	9	40	8	GRIMORIO|MESTRE|ACADEMIA|DESCOBERTA	fadiga=2
4	13	50	10	GRIMORIO|MESTRE|ACADEMIA|DESCOBERTA	fadiga=2
5	17	60	12	GRIMORIO|MESTRE|ACADEMIA|DESCOBERTA	fadiga=2
6	21	70	14	GRIMORIO|MESTRE|ACADEMIA|DESCOBERTA	fadiga=2
7	25	80	16	GRIMORIO|MESTRE|ACADEMIA|DESCOBERTA	fadiga=2
8	29	90	18	GRIMORIO|MESTRE|ACADEMIA|DESCOBERTA	fadiga=2
9	33	100	20	GRIMORIO|MESTRE|ACADEMIA|DESCOBERTA	fadiga=2
10	37	110	22	GRIMORIO|MESTRE|ACADEMIA|DESCOBERTA	fadiga=2
