id	year	semester	phase	title	text	activity	reward
ACAD_EVT_0001	1	1	TURMAS	Rotina da Academia — Fundamentos da Elyth	O dia na Academia de Valdora começa cedo. Entre aulas, treino e corredores cheios de estudantes, fundamentos da elyth coloca suas escolhas à prova. A vida acadêmica não é uma sucessão de batalhas: é onde o futuro Valaryn aprende quando lutar, quando proteger e quando ouvir.	aula_teorica	4
ACAD_EVT_0002	1	1	TURMAS	Rotina da Academia — Controle de Mana	O dia na Academia de Valdora começa cedo. Entre aulas, treino e corredores cheios de estudantes, controle de mana coloca suas escolhas à prova. A vida acadêmica não é uma sucessão de batalhas: é onde o futuro Valaryn aprende quando lutar, quando proteger e quando ouvir.	aula_pratica	5
ACAD_EVT_0003	1	1	TURMAS	Rotina da Academia — História de Aeloria	O dia na Academia de Valdora começa cedo. Entre aulas, treino e corredores cheios de estudantes, história de aeloria coloca suas escolhas à prova. A vida acadêmica não é uma sucessão de batalhas: é onde o futuro Valaryn aprende quando lutar, quando proteger e quando ouvir.	aula_teorica	6
ACAD_EVT_0004	1	1	TURMAS	Rotina da Academia — Anatomia de monstros	O dia na Academia de Valdora começa cedo. Entre aulas, treino e corredores cheios de estudantes, anatomia de monstros coloca suas escolhas à prova. A vida acadêmica não é uma sucessão de batalhas: é onde o futuro Valaryn aprende quando lutar, quando proteger e quando ouvir.	aula_pratica	7
ACAD_EVT_0005	1	1	TURMAS	Rotina da Academia — Tática de campo	O dia na Academia de Valdora começa cedo. Entre aulas, treino e corredores cheios de estudantes, tática de campo coloca suas escolhas à prova. A vida acadêmica não é uma sucessão de batalhas: é onde o futuro Valaryn aprende quando lutar, quando proteger e quando ouvir.	aula_teorica	8
ACAD_EVT_0006	1	1	TURMAS	Rotina da Academia — Ética do Valaryn	O dia na Academia de Valdora começa cedo. Entre aulas, treino e corredores cheios de estudantes, ética do valaryn coloca suas escolhas à prova. A vida acadêmica não é uma sucessão de batalhas: é onde o futuro Valaryn aprende quando lutar, quando proteger e quando ouvir.	aula_pratica	9
ACAD_EVT_0007	1	1	TURMAS	Rotina da Academia — Rastreamento	O dia na Academia de Valdora começa cedo. Entre aulas, treino e corredores cheios de estudantes, rastreamento coloca suas escolhas à prova. A vida acadêmica não é uma sucessão de batalhas: é onde o futuro Valaryn aprende quando lutar, quando proteger e quando ouvir.	aula_teorica	10
ACAD_EVT_0008	1	1	TURMAS	Rotina da Academia — Primeiros socorros	O dia na Academia de Valdora começa cedo. Entre aulas, treino e corredores cheios de estudantes, primeiros socorros coloca suas escolhas à prova. A vida acadêmica não é uma sucessão de batalhas: é onde o futuro Valaryn aprende quando lutar, quando proteger e quando ouvir.	aula_pratica	11
ACAD_EVT_0009	1	1	TURMAS	Rotina da Academia — Defesa contra criaturas	O dia na Academia de Valdora começa cedo. Entre aulas, treino e corredores cheios de estudantes, defesa contra criaturas coloca suas escolhas à prova. A vida acadêmica não é uma sucessão de batalhas: é onde o futuro Valaryn aprende quando lutar, quando proteger e quando ouvir.	aula_teorica	12
ACAD_EVT_0010	1	1	TURMAS	Rotina da Academia — Cartografia	O dia na Academia de Valdora começa cedo. Entre aulas, treino e corredores cheios de estudantes, cartografia coloca suas escolhas à prova. A vida acadêmica não é uma sucessão de batalhas: é onde o futuro Valaryn aprende quando lutar, quando proteger e quando ouvir.	aula_pratica	4
ACAD_EVT_0011	1	1	TURMAS	Rotina da Academia — Runas básicas	O dia na Academia de Valdora começa cedo. Entre aulas, treino e corredores cheios de estudantes, runas básicas coloca suas escolhas à prova. A vida acadêmica não é uma sucessão de batalhas: é onde o futuro Valaryn aprende quando lutar, quando proteger e quando ouvir.	aula_teorica	5
ACAD_EVT_0012	1	1	TURMAS	Rotina da Academia — Duelo supervisionado	O dia na Academia de Valdora começa cedo. Entre aulas, treino e corredores cheios de estudantes, duelo supervisionado coloca suas escolhas à prova. A vida acadêmica não é uma sucessão de batalhas: é onde o futuro Valaryn aprende quando lutar, quando proteger e quando ouvir.	aula_pratica	6
ACAD_EVT_0013	1	1	TURMAS	Rotina da Academia — Fundamentos da Elyth	O dia na Academia de Valdora começa cedo. Entre aulas, treino e corredores cheios de estudantes, fundamentos da elyth coloca suas escolhas à prova. A vida acadêmica não é uma sucessão de batalhas: é onde o futuro Valaryn aprende quando lutar, quando proteger e quando ouvir.	aula_teorica	7
ACAD_EVT_0014	1	1	TURMAS	Rotina da Academia — Controle de Mana	O dia na Academia de Valdora começa cedo. Entre aulas, treino e corredores cheios de estudantes, controle de mana coloca suas escolhas à prova. A vida acadêmica não é uma sucessão de batalhas: é onde o futuro Valaryn aprende quando lutar, quando proteger e quando ouvir.	aula_pratica	8
ACAD_EVT_0015	1	1	TURMAS	Rotina da Academia — História de Aeloria	O dia na Academia de Valdora começa cedo. Entre aulas, treino e corredores cheios de estudantes, história de aeloria coloca suas escolhas à prova. A vida acadêmica não é uma sucessão de batalhas: é onde o futuro Valaryn aprende quando lutar, quando proteger e quando ouvir.	aula_teorica	9
ACAD_EVT_0016	1	1	TURMAS	Rotina da Academia — Anatomia de monstros	O dia na Academia de Valdora começa cedo. Entre aulas, treino e corredores cheios de estudantes, anatomia de monstros coloca suas escolhas à prova. A vida acadêmica não é uma sucessão de batalhas: é onde o futuro Valaryn aprende quando lutar, quando proteger e quando ouvir.	aula_pratica	10
ACAD_EVT_0017	1	1	TURMAS	Rotina da Academia — Tática de campo	O dia na Academia de Valdora começa cedo. Entre aulas, treino e corredores cheios de estudantes, tática de campo coloca suas escolhas à prova. A vida acadêmica não é uma sucessão de batalhas: é onde o futuro Valaryn aprende quando lutar, quando proteger e quando ouvir.	aula_teorica	11
ACAD_EVT_0018	1	1	TURMAS	Rotina da Academia — Ética do Valaryn	O dia na Academia de Valdora começa cedo. Entre aulas, treino e corredores cheios de estudantes, ética do valaryn coloca suas escolhas à prova. A vida acadêmica não é uma sucessão de batalhas: é onde o futuro Valaryn aprende quando lutar, quando proteger e quando ouvir.	aula_pratica	12
ACAD_EVT_0019	1	1	TURMAS	Rotina da Academia — Rastreamento	O dia na Academia de Valdora começa cedo. Entre aulas, treino e corredores cheios de estudantes, rastreamento coloca suas escolhas à prova. A vida acadêmica não é uma sucessão de batalhas: é onde o futuro Valaryn aprende quando lutar, quando proteger e quando ouvir.	aula_teorica	4
ACAD_EVT_0020	1	1	TURMAS	Rotina da Academia — Primeiros socorros	O dia na Academia de Valdora começa cedo. Entre aulas, treino e corredores cheios de estudantes, primeiros socorros coloca suas escolhas à prova. A vida acadêmica não é uma sucessão de batalhas: é onde o futuro Valaryn aprende quando lutar, quando proteger e quando ouvir.	aula_pratica	5
ACAD_EVT_0021	1	1	TURMAS	Rotina da Academia — Defesa contra criaturas	O dia na Academia de Valdora começa cedo. Entre aulas, treino e corredores cheios de estudantes, defesa contra criaturas coloca suas escolhas à prova. A vida acadêmica não é uma sucessão de batalhas: é onde o futuro Valaryn aprende quando lutar, quando proteger e quando ouvir.	aula_teorica	6
ACAD_EVT_0022	1	1	TURMAS	Rotina da Academia — Cartografia	O dia na Academia de Valdora começa cedo. Entre aulas, treino e corredores cheios de estudantes, cartografia coloca suas escolhas à prova. A vida acadêmica não é uma sucessão de batalhas: é onde o futuro Valaryn aprende quando lutar, quando proteger e quando ouvir.	aula_pratica	7
ACAD_EVT_0023	1	1	TURMAS	Rotina da Academia — Runas básicas	O dia na Academia de Valdora começa cedo. Entre aulas, treino e corredores cheios de estudantes, runas básicas coloca suas escolhas à prova. A vida acadêmica não é uma sucessão de batalhas: é onde o futuro Valaryn aprende quando lutar, quando proteger e quando ouvir.	aula_teorica	8
ACAD_EVT_0024	1	1	TURMAS	Rotina da Academia — Duelo supervisionado	O dia na Academia de Valdora começa cedo. Entre aulas, treino e corredores cheios de estudantes, duelo supervisionado coloca suas escolhas à prova. A vida acadêmica não é uma sucessão de batalhas: é onde o futuro Valaryn aprende quando lutar, quando proteger e quando ouvir.	aula_pratica	9
ACAD_EVT_0025	1	1	TURMAS	Rotina da Academia — Fundamentos da Elyth	O dia na Academia de Valdora começa cedo. Entre aulas, treino e corredores cheios de estudantes, fundamentos da elyth coloca suas escolhas à prova. A vida acadêmica não é uma sucessão de batalhas: é onde o futuro Valaryn aprende quando lutar, quando proteger e quando ouvir.	aula_teorica	10
ACAD_EVT_0026	1	1	TURMAS	Rotina da Academia — Controle de Mana	O dia na Academia de Valdora começa cedo. Entre aulas, treino e corredores cheios de estudantes, controle de mana coloca suas escolhas à prova. A vida acadêmica não é uma sucessão de batalhas: é onde o futuro Valaryn aprende quando lutar, quando proteger e quando ouvir.	aula_pratica	11
ACAD_EVT_0027	1	1	TURMAS	Rotina da Academia — História de Aeloria	O dia na Academia de Valdora começa cedo. Entre aulas, treino e corredores cheios de estudantes, história de aeloria coloca suas escolhas à prova. A vida acadêmica não é uma sucessão de batalhas: é onde o futuro Valaryn aprende quando lutar, quando proteger e quando ouvir.	aula_teorica	12
ACAD_EVT_0028	1	1	TURMAS	Rotina da Academia — Anatomia de monstros	O dia na Academia de Valdora começa cedo. Entre aulas, treino e corredores cheios de estudantes, anatomia de monstros coloca suas escolhas à prova. A vida acadêmica não é uma sucessão de batalhas: é onde o futuro Valaryn aprende quando lutar, quando proteger e quando ouvir.	aula_pratica	4
ACAD_EVT_0029	1	1	TURMAS	Rotina da Academia — Tática de campo	O dia na Academia de Valdora começa cedo. Entre aulas, treino e corredores cheios de estudantes, tática de campo coloca suas escolhas à prova. A vida acadêmica não é uma sucessão de batalhas: é onde o futuro Valaryn aprende quando lutar, quando proteger e quando ouvir.	aula_teorica	5
ACAD_EVT_0030	1	1	TURMAS	Rotina da Academia — Ética do Valaryn	O dia na Academia de Valdora começa cedo. Entre aulas, treino e corredores cheios de estudantes, ética do valaryn coloca suas escolhas à prova. A vida acadêmica não é uma sucessão de batalhas: é onde o futuro Valaryn aprende quando lutar, quando proteger e quando ouvir.	aula_pratica	6
ACAD_EVT_0031	1	2	TURMAS	Rotina da Academia — Rastreamento	O dia na Academia de Valdora começa cedo. Entre aulas, treino e corredores cheios de estudantes, rastreamento coloca suas escolhas à prova. A vida acadêmica não é uma sucessão de batalhas: é onde o futuro Valaryn aprende quando lutar, quando proteger e quando ouvir.	aula_teorica	7
ACAD_EVT_0032	1	2	TURMAS	Rotina da Academia — Primeiros socorros	O dia na Academia de Valdora começa cedo. Entre aulas, treino e corredores cheios de estudantes, primeiros socorros coloca suas escolhas à prova. A vida acadêmica não é uma sucessão de batalhas: é onde o futuro Valaryn aprende quando lutar, quando proteger e quando ouvir.	aula_pratica	8
ACAD_EVT_0033	1	2	TURMAS	Rotina da Academia — Defesa contra criaturas	O dia na Academia de Valdora começa cedo. Entre aulas, treino e corredores cheios de estudantes, defesa contra criaturas coloca suas escolhas à prova. A vida acadêmica não é uma sucessão de batalhas: é onde o futuro Valaryn aprende quando lutar, quando proteger e quando ouvir.	aula_teorica	9
ACAD_EVT_0034	1	2	TURMAS	Rotina da Academia — Cartografia	O dia na Academia de Valdora começa cedo. Entre aulas, treino e corredores cheios de estudantes, cartografia coloca suas escolhas à prova. A vida acadêmica não é uma sucessão de batalhas: é onde o futuro Valaryn aprende quando lutar, quando proteger e quando ouvir.	aula_pratica	10
ACAD_EVT_0035	1	2	TURMAS	Rotina da Academia — Runas básicas	O dia na Academia de Valdora começa cedo. Entre aulas, treino e corredores cheios de estudantes, runas básicas coloca suas escolhas à prova. A vida acadêmica não é uma sucessão de batalhas: é onde o futuro Valaryn aprende quando lutar, quando proteger e quando ouvir.	aula_teorica	11
ACAD_EVT_0036	1	2	TURMAS	Rotina da Academia — Duelo supervisionado	O dia na Academia de Valdora começa cedo. Entre aulas, treino e corredores cheios de estudantes, duelo supervisionado coloca suas escolhas à prova. A vida acadêmica não é uma sucessão de batalhas: é onde o futuro Valaryn aprende quando lutar, quando proteger e quando ouvir.	aula_pratica	12
ACAD_EVT_0037	1	2	TURMAS	Rotina da Academia — Fundamentos da Elyth	O dia na Academia de Valdora começa cedo. Entre aulas, treino e corredores cheios de estudantes, fundamentos da elyth coloca suas escolhas à prova. A vida acadêmica não é uma sucessão de batalhas: é onde o futuro Valaryn aprende quando lutar, quando proteger e quando ouvir.	aula_teorica	4
ACAD_EVT_0038	1	2	TURMAS	Rotina da Academia — Controle de Mana	O dia na Academia de Valdora começa cedo. Entre aulas, treino e corredores cheios de estudantes, controle de mana coloca suas escolhas à prova. A vida acadêmica não é uma sucessão de batalhas: é onde o futuro Valaryn aprende quando lutar, quando proteger e quando ouvir.	aula_pratica	5
ACAD_EVT_0039	1	2	TURMAS	Rotina da Academia — História de Aeloria	O dia na Academia de Valdora começa cedo. Entre aulas, treino e corredores cheios de estudantes, história de aeloria coloca suas escolhas à prova. A vida acadêmica não é uma sucessão de batalhas: é onde o futuro Valaryn aprende quando lutar, quando proteger e quando ouvir.	aula_teorica	6
ACAD_EVT_0040	1	2	TURMAS	Rotina da Academia — Anatomia de monstros	O dia na Academia de Valdora começa cedo. Entre aulas, treino e corredores cheios de estudantes, anatomia de monstros coloca suas escolhas à prova. A vida acadêmica não é uma sucessão de batalhas: é onde o futuro Valaryn aprende quando lutar, quando proteger e quando ouvir.	aula_pratica	7
ACAD_EVT_0041	1	2	TURMAS	Rotina da Academia — Tática de campo	O dia na Academia de Valdora começa cedo. Entre aulas, treino e corredores cheios de estudantes, tática de campo coloca suas escolhas à prova. A vida acadêmica não é uma sucessão de batalhas: é onde o futuro Valaryn aprende quando lutar, quando proteger e quando ouvir.	aula_teorica	8
ACAD_EVT_0042	1	2	TURMAS	Rotina da Academia — Ética do Valaryn	O dia na Academia de Valdora começa cedo. Entre aulas, treino e corredores cheios de estudantes, ética do valaryn coloca suas escolhas à prova. A vida acadêmica não é uma sucessão de batalhas: é onde o futuro Valaryn aprende quando lutar, quando proteger e quando ouvir.	aula_pratica	9
ACAD_EVT_0043	1	2	TURMAS	Rotina da Academia — Rastreamento	O dia na Academia de Valdora começa cedo. Entre aulas, treino e corredores cheios de estudantes, rastreamento coloca suas escolhas à prova. A vida acadêmica não é uma sucessão de batalhas: é onde o futuro Valaryn aprende quando lutar, quando proteger e quando ouvir.	aula_teorica	10
ACAD_EVT_0044	1	2	TURMAS	Rotina da Academia — Primeiros socorros	O dia na Academia de Valdora começa cedo. Entre aulas, treino e corredores cheios de estudantes, primeiros socorros coloca suas escolhas à prova. A vida acadêmica não é uma sucessão de batalhas: é onde o futuro Valaryn aprende quando lutar, quando proteger e quando ouvir.	aula_pratica	11
ACAD_EVT_0045	1	2	TURMAS	Rotina da Academia — Defesa contra criaturas	O dia na Academia de Valdora começa cedo. Entre aulas, treino e corredores cheios de estudantes, defesa contra criaturas coloca suas escolhas à prova. A vida acadêmica não é uma sucessão de batalhas: é onde o futuro Valaryn aprende quando lutar, quando proteger e quando ouvir.	aula_teorica	12
ACAD_EVT_0046	1	2	TURMAS	Rotina da Academia — Cartografia	O dia na Academia de Valdora começa cedo. Entre aulas, treino e corredores cheios de estudantes, cartografia coloca suas escolhas à prova. A vida acadêmica não é uma sucessão de batalhas: é onde o futuro Valaryn aprende quando lutar, quando proteger e quando ouvir.	aula_pratica	4
ACAD_EVT_0047	1	2	TURMAS	Rotina da Academia — Runas básicas	O dia na Academia de Valdora começa cedo. Entre aulas, treino e corredores cheios de estudantes, runas básicas coloca suas escolhas à prova. A vida acadêmica não é uma sucessão de batalhas: é onde o futuro Valaryn aprende quando lutar, quando proteger e quando ouvir.	aula_teorica	5
ACAD_EVT_0048	1	2	TURMAS	Rotina da Academia — Duelo supervisionado	O dia na Academia de Valdora começa cedo. Entre aulas, treino e corredores cheios de estudantes, duelo supervisionado coloca suas escolhas à prova. A vida acadêmica não é uma sucessão de batalhas: é onde o futuro Valaryn aprende quando lutar, quando proteger e quando ouvir.	aula_pratica	6
ACAD_EVT_0049	1	2	TURMAS	Rotina da Academia — Fundamentos da Elyth	O dia na Academia de Valdora começa cedo. Entre aulas, treino e corredores cheios de estudantes, fundamentos da elyth coloca suas escolhas à prova. A vida acadêmica não é uma sucessão de batalhas: é onde o futuro Valaryn aprende quando lutar, quando proteger e quando ouvir.	aula_teorica	7
ACAD_EVT_0050	1	2	TURMAS	Rotina da Academia — Controle de Mana	O dia na Academia de Valdora começa cedo. Entre aulas, treino e corredores cheios de estudantes, controle de mana coloca suas escolhas à prova. A vida acadêmica não é uma sucessão de batalhas: é onde o futuro Valaryn aprende quando lutar, quando proteger e quando ouvir.	aula_pratica	8
ACAD_EVT_0051	1	2	TURMAS	Rotina da Academia — História de Aeloria	O dia na Academia de Valdora começa cedo. Entre aulas, treino e corredores cheios de estudantes, história de aeloria coloca suas escolhas à prova. A vida acadêmica não é uma sucessão de batalhas: é onde o futuro Valaryn aprende quando lutar, quando proteger e quando ouvir.	aula_teorica	9
ACAD_EVT_0052	1	2	TURMAS	Rotina da Academia — Anatomia de monstros	O dia na Academia de Valdora começa cedo. Entre aulas, treino e corredores cheios de estudantes, anatomia de monstros coloca suas escolhas à prova. A vida acadêmica não é uma sucessão de batalhas: é onde o futuro Valaryn aprende quando lutar, quando proteger e quando ouvir.	aula_pratica	10
ACAD_EVT_0053	1	2	TURMAS	Rotina da Academia — Tática de campo	O dia na Academia de Valdora começa cedo. Entre aulas, treino e corredores cheios de estudantes, tática de campo coloca suas escolhas à prova. A vida acadêmica não é uma sucessão de batalhas: é onde o futuro Valaryn aprende quando lutar, quando proteger e quando ouvir.	aula_teorica	11
ACAD_EVT_0054	1	2	TURMAS	Rotina da Academia — Ética do Valaryn	O dia na Academia de Valdora começa cedo. Entre aulas, treino e corredores cheios de estudantes, ética do valaryn coloca suas escolhas à prova. A vida acadêmica não é uma sucessão de batalhas: é onde o futuro Valaryn aprende quando lutar, quando proteger e quando ouvir.	aula_pratica	12
ACAD_EVT_0055	1	2	TURMAS	Rotina da Academia — Rastreamento	O dia na Academia de Valdora começa cedo. Entre aulas, treino e corredores cheios de estudantes, rastreamento coloca suas escolhas à prova. A vida acadêmica não é uma sucessão de batalhas: é onde o futuro Valaryn aprende quando lutar, quando proteger e quando ouvir.	aula_teorica	4
ACAD_EVT_0056	1	2	TURMAS	Rotina da Academia — Primeiros socorros	O dia na Academia de Valdora começa cedo. Entre aulas, treino e corredores cheios de estudantes, primeiros socorros coloca suas escolhas à prova. A vida acadêmica não é uma sucessão de batalhas: é onde o futuro Valaryn aprende quando lutar, quando proteger e quando ouvir.	aula_pratica	5
ACAD_EVT_0057	1	2	TURMAS	Rotina da Academia — Defesa contra criaturas	O dia na Academia de Valdora começa cedo. Entre aulas, treino e corredores cheios de estudantes, defesa contra criaturas coloca suas escolhas à prova. A vida acadêmica não é uma sucessão de batalhas: é onde o futuro Valaryn aprende quando lutar, quando proteger e quando ouvir.	aula_teorica	6
ACAD_EVT_0058	1	2	TURMAS	Rotina da Academia — Cartografia	O dia na Academia de Valdora começa cedo. Entre aulas, treino e corredores cheios de estudantes, cartografia coloca suas escolhas à prova. A vida acadêmica não é uma sucessão de batalhas: é onde o futuro Valaryn aprende quando lutar, quando proteger e quando ouvir.	aula_pratica	7
ACAD_EVT_0059	1	2	TURMAS	Rotina da Academia — Runas básicas	O dia na Academia de Valdora começa cedo. Entre aulas, treino e corredores cheios de estudantes, runas básicas coloca suas escolhas à prova. A vida acadêmica não é uma sucessão de batalhas: é onde o futuro Valaryn aprende quando lutar, quando proteger e quando ouvir.	aula_teorica	8
ACAD_EVT_0060	1	2	TURMAS	Rotina da Academia — Duelo supervisionado	O dia na Academia de Valdora começa cedo. Entre aulas, treino e corredores cheios de estudantes, duelo supervisionado coloca suas escolhas à prova. A vida acadêmica não é uma sucessão de batalhas: é onde o futuro Valaryn aprende quando lutar, quando proteger e quando ouvir.	aula_pratica	9
ACAD_EVT_0061	2	1	CLAS	Rotina da Academia — Fundamentos da Elyth	O dia na Academia de Valdora começa cedo. Entre aulas, treino e corredores cheios de estudantes, fundamentos da elyth coloca suas escolhas à prova. A vida acadêmica não é uma sucessão de batalhas: é onde o futuro Valaryn aprende quando lutar, quando proteger e quando ouvir.	aula_teorica	10
ACAD_EVT_0062	2	1	CLAS	Rotina da Academia — Controle de Mana	O dia na Academia de Valdora começa cedo. Entre aulas, treino e corredores cheios de estudantes, controle de mana coloca suas escolhas à prova. A vida acadêmica não é uma sucessão de batalhas: é onde o futuro Valaryn aprende quando lutar, quando proteger e quando ouvir.	aula_pratica	11
ACAD_EVT_0063	2	1	CLAS	Rotina da Academia — História de Aeloria	O dia na Academia de Valdora começa cedo. Entre aulas, treino e corredores cheios de estudantes, história de aeloria coloca suas escolhas à prova. A vida acadêmica não é uma sucessão de batalhas: é onde o futuro Valaryn aprende quando lutar, quando proteger e quando ouvir.	aula_teorica	12
ACAD_EVT_0064	2	1	CLAS	Rotina da Academia — Anatomia de monstros	O dia na Academia de Valdora começa cedo. Entre aulas, treino e corredores cheios de estudantes, anatomia de monstros coloca suas escolhas à prova. A vida acadêmica não é uma sucessão de batalhas: é onde o futuro Valaryn aprende quando lutar, quando proteger e quando ouvir.	aula_pratica	4
ACAD_EVT_0065	2	1	CLAS	Rotina da Academia — Tática de campo	O dia na Academia de Valdora começa cedo. Entre aulas, treino e corredores cheios de estudantes, tática de campo coloca suas escolhas à prova. A vida acadêmica não é uma sucessão de batalhas: é onde o futuro Valaryn aprende quando lutar, quando proteger e quando ouvir.	aula_teorica	5
ACAD_EVT_0066	2	1	CLAS	Rotina da Academia — Ética do Valaryn	O dia na Academia de Valdora começa cedo. Entre aulas, treino e corredores cheios de estudantes, ética do valaryn coloca suas escolhas à prova. A vida acadêmica não é uma sucessão de batalhas: é onde o futuro Valaryn aprende quando lutar, quando proteger e quando ouvir.	aula_pratica	6
ACAD_EVT_0067	2	1	CLAS	Rotina da Academia — Rastreamento	O dia na Academia de Valdora começa cedo. Entre aulas, treino e corredores cheios de estudantes, rastreamento coloca suas escolhas à prova. A vida acadêmica não é uma sucessão de batalhas: é onde o futuro Valaryn aprende quando lutar, quando proteger e quando ouvir.	aula_teorica	7
ACAD_EVT_0068	2	1	CLAS	Rotina da Academia — Primeiros socorros	O dia na Academia de Valdora começa cedo. Entre aulas, treino e corredores cheios de estudantes, primeiros socorros coloca suas escolhas à prova. A vida acadêmica não é uma sucessão de batalhas: é onde o futuro Valaryn aprende quando lutar, quando proteger e quando ouvir.	aula_pratica	8
ACAD_EVT_0069	2	1	CLAS	Rotina da Academia — Defesa contra criaturas	O dia na Academia de Valdora começa cedo. Entre aulas, treino e corredores cheios de estudantes, defesa contra criaturas coloca suas escolhas à prova. A vida acadêmica não é uma sucessão de batalhas: é onde o futuro Valaryn aprende quando lutar, quando proteger e quando ouvir.	aula_teorica	9
ACAD_EVT_0070	2	1	CLAS	Rotina da Academia — Cartografia	O dia na Academia de Valdora começa cedo. Entre aulas, treino e corredores cheios de estudantes, cartografia coloca suas escolhas à prova. A vida acadêmica não é uma sucessão de batalhas: é onde o futuro Valaryn aprende quando lutar, quando proteger e quando ouvir.	aula_pratica	10
ACAD_EVT_0071	2	1	CLAS	Rotina da Academia — Runas básicas	O dia na Academia de Valdora começa cedo. Entre aulas, treino e corredores cheios de estudantes, runas básicas coloca suas escolhas à prova. A vida acadêmica não é uma sucessão de batalhas: é onde o futuro Valaryn aprende quando lutar, quando proteger e quando ouvir.	aula_teorica	11
ACAD_EVT_0072	2	1	CLAS	Rotina da Academia — Duelo supervisionado	O dia na Academia de Valdora começa cedo. Entre aulas, treino e corredores cheios de estudantes, duelo supervisionado coloca suas escolhas à prova. A vida acadêmica não é uma sucessão de batalhas: é onde o futuro Valaryn aprende quando lutar, quando proteger e quando ouvir.	aula_pratica	12
ACAD_EVT_0073	2	1	CLAS	Rotina da Academia — Fundamentos da Elyth	O dia na Academia de Valdora começa cedo. Entre aulas, treino e corredores cheios de estudantes, fundamentos da elyth coloca suas escolhas à prova. A vida acadêmica não é uma sucessão de batalhas: é onde o futuro Valaryn aprende quando lutar, quando proteger e quando ouvir.	aula_teorica	4
ACAD_EVT_0074	2	1	CLAS	Rotina da Academia — Controle de Mana	O dia na Academia de Valdora começa cedo. Entre aulas, treino e corredores cheios de estudantes, controle de mana coloca suas escolhas à prova. A vida acadêmica não é uma sucessão de batalhas: é onde o futuro Valaryn aprende quando lutar, quando proteger e quando ouvir.	aula_pratica	5
ACAD_EVT_0075	2	1	CLAS	Rotina da Academia — História de Aeloria	O dia na Academia de Valdora começa cedo. Entre aulas, treino e corredores cheios de estudantes, história de aeloria coloca suas escolhas à prova. A vida acadêmica não é uma sucessão de batalhas: é onde o futuro Valaryn aprende quando lutar, quando proteger e quando ouvir.	aula_teorica	6
ACAD_EVT_0076	2	1	CLAS	Rotina da Academia — Anatomia de monstros	O dia na Academia de Valdora começa cedo. Entre aulas, treino e corredores cheios de estudantes, anatomia de monstros coloca suas escolhas à prova. A vida acadêmica não é uma sucessão de batalhas: é onde o futuro Valaryn aprende quando lutar, quando proteger e quando ouvir.	aula_pratica	7
ACAD_EVT_0077	2	1	CLAS	Rotina da Academia — Tática de campo	O dia na Academia de Valdora começa cedo. Entre aulas, treino e corredores cheios de estudantes, tática de campo coloca suas escolhas à prova. A vida acadêmica não é uma sucessão de batalhas: é onde o futuro Valaryn aprende quando lutar, quando proteger e quando ouvir.	aula_teorica	8
ACAD_EVT_0078	2	1	CLAS	Rotina da Academia — Ética do Valaryn	O dia na Academia de Valdora começa cedo. Entre aulas, treino e corredores cheios de estudantes, ética do valaryn coloca suas escolhas à prova. A vida acadêmica não é uma sucessão de batalhas: é onde o futuro Valaryn aprende quando lutar, quando proteger e quando ouvir.	aula_pratica	9
ACAD_EVT_0079	2	1	CLAS	Rotina da Academia — Rastreamento	O dia na Academia de Valdora começa cedo. Entre aulas, treino e corredores cheios de estudantes, rastreamento coloca suas escolhas à prova. A vida acadêmica não é uma sucessão de batalhas: é onde o futuro Valaryn aprende quando lutar, quando proteger e quando ouvir.	aula_teorica	10
ACAD_EVT_0080	2	1	CLAS	Rotina da Academia — Primeiros socorros	O dia na Academia de Valdora começa cedo. Entre aulas, treino e corredores cheios de estudantes, primeiros socorros coloca suas escolhas à prova. A vida acadêmica não é uma sucessão de batalhas: é onde o futuro Valaryn aprende quando lutar, quando proteger e quando ouvir.	aula_pratica	11
ACAD_EVT_0081	2	1	CLAS	Rotina da Academia — Defesa contra criaturas	O dia na Academia de Valdora começa cedo. Entre aulas, treino e corredores cheios de estudantes, defesa contra criaturas coloca suas escolhas à prova. A vida acadêmica não é uma sucessão de batalhas: é onde o futuro Valaryn aprende quando lutar, quando proteger e quando ouvir.	aula_teorica	12
ACAD_EVT_0082	2	1	CLAS	Rotina da Academia — Cartografia	O dia na Academia de Valdora começa cedo. Entre aulas, treino e corredores cheios de estudantes, cartografia coloca suas escolhas à prova. A vida acadêmica não é uma sucessão de batalhas: é onde o futuro Valaryn aprende quando lutar, quando proteger e quando ouvir.	aula_pratica	4
ACAD_EVT_0083	2	1	CLAS	Rotina da Academia — Runas básicas	O dia na Academia de Valdora começa cedo. Entre aulas, treino e corredores cheios de estudantes, runas básicas coloca suas escolhas à prova. A vida acadêmica não é uma sucessão de batalhas: é onde o futuro Valaryn aprende quando lutar, quando proteger e quando ouvir.	aula_teorica	5
ACAD_EVT_0084	2	1	CLAS	Rotina da Academia — Duelo supervisionado	O dia na Academia de Valdora começa cedo. Entre aulas, treino e corredores cheios de estudantes, duelo supervisionado coloca suas escolhas à prova. A vida acadêmica não é uma sucessão de batalhas: é onde o futuro Valaryn aprende quando lutar, quando proteger e quando ouvir.	aula_pratica	6
ACAD_EVT_0085	2	1	CLAS	Rotina da Academia — Fundamentos da Elyth	O dia na Academia de Valdora começa cedo. Entre aulas, treino e corredores cheios de estudantes, fundamentos da elyth coloca suas escolhas à prova. A vida acadêmica não é uma sucessão de batalhas: é onde o futuro Valaryn aprende quando lutar, quando proteger e quando ouvir.	aula_teorica	7
ACAD_EVT_0086	2	1	CLAS	Rotina da Academia — Controle de Mana	O dia na Academia de Valdora começa cedo. Entre aulas, treino e corredores cheios de estudantes, controle de mana coloca suas escolhas à prova. A vida acadêmica não é uma sucessão de batalhas: é onde o futuro Valaryn aprende quando lutar, quando proteger e quando ouvir.	aula_pratica	8
ACAD_EVT_0087	2	1	CLAS	Rotina da Academia — História de Aeloria	O dia na Academia de Valdora começa cedo. Entre aulas, treino e corredores cheios de estudantes, história de aeloria coloca suas escolhas à prova. A vida acadêmica não é uma sucessão de batalhas: é onde o futuro Valaryn aprende quando lutar, quando proteger e quando ouvir.	aula_teorica	9
ACAD_EVT_0088	2	1	CLAS	Rotina da Academia — Anatomia de monstros	O dia na Academia de Valdora começa cedo. Entre aulas, treino e corredores cheios de estudantes, anatomia de monstros coloca suas escolhas à prova. A vida acadêmica não é uma sucessão de batalhas: é onde o futuro Valaryn aprende quando lutar, quando proteger e quando ouvir.	aula_pratica	10
ACAD_EVT_0089	2	1	CLAS	Rotina da Academia — Tática de campo	O dia na Academia de Valdora começa cedo. Entre aulas, treino e corredores cheios de estudantes, tática de campo coloca suas escolhas à prova. A vida acadêmica não é uma sucessão de batalhas: é onde o futuro Valaryn aprende quando lutar, quando proteger e quando ouvir.	aula_teorica	11
ACAD_EVT_0090	2	1	CLAS	Rotina da Academia — Ética do Valaryn	O dia na Academia de Valdora começa cedo. Entre aulas, treino e corredores cheios de estudantes, ética do valaryn coloca suas escolhas à prova. A vida acadêmica não é uma sucessão de batalhas: é onde o futuro Valaryn aprende quando lutar, quando proteger e quando ouvir.	aula_pratica	12
ACAD_EVT_0091	2	2	CLAS	Rotina da Academia — Rastreamento	O dia na Academia de Valdora começa cedo. Entre aulas, treino e corredores cheios de estudantes, rastreamento coloca suas escolhas à prova. A vida acadêmica não é uma sucessão de batalhas: é onde o futuro Valaryn aprende quando lutar, quando proteger e quando ouvir.	aula_teorica	4
ACAD_EVT_0092	2	2	CLAS	Rotina da Academia — Primeiros socorros	O dia na Academia de Valdora começa cedo. Entre aulas, treino e corredores cheios de estudantes, primeiros socorros coloca suas escolhas à prova. A vida acadêmica não é uma sucessão de batalhas: é onde o futuro Valaryn aprende quando lutar, quando proteger e quando ouvir.	aula_pratica	5
ACAD_EVT_0093	2	2	CLAS	Rotina da Academia — Defesa contra criaturas	O dia na Academia de Valdora começa cedo. Entre aulas, treino e corredores cheios de estudantes, defesa contra criaturas coloca suas escolhas à prova. A vida acadêmica não é uma sucessão de batalhas: é onde o futuro Valaryn aprende quando lutar, quando proteger e quando ouvir.	aula_teorica	6
ACAD_EVT_0094	2	2	CLAS	Rotina da Academia — Cartografia	O dia na Academia de Valdora começa cedo. Entre aulas, treino e corredores cheios de estudantes, cartografia coloca suas escolhas à prova. A vida acadêmica não é uma sucessão de batalhas: é onde o futuro Valaryn aprende quando lutar, quando proteger e quando ouvir.	aula_pratica	7
ACAD_EVT_0095	2	2	CLAS	Rotina da Academia — Runas básicas	O dia na Academia de Valdora começa cedo. Entre aulas, treino e corredores cheios de estudantes, runas básicas coloca suas escolhas à prova. A vida acadêmica não é uma sucessão de batalhas: é onde o futuro Valaryn aprende quando lutar, quando proteger e quando ouvir.	aula_teorica	8
ACAD_EVT_0096	2	2	CLAS	Rotina da Academia — Duelo supervisionado	O dia na Academia de Valdora começa cedo. Entre aulas, treino e corredores cheios de estudantes, duelo supervisionado coloca suas escolhas à prova. A vida acadêmica não é uma sucessão de batalhas: é onde o futuro Valaryn aprende quando lutar, quando proteger e quando ouvir.	aula_pratica	9
ACAD_EVT_0097	2	2	CLAS	Rotina da Academia — Fundamentos da Elyth	O dia na Academia de Valdora começa cedo. Entre aulas, treino e corredores cheios de estudantes, fundamentos da elyth coloca suas escolhas à prova. A vida acadêmica não é uma sucessão de batalhas: é onde o futuro Valaryn aprende quando lutar, quando proteger e quando ouvir.	aula_teorica	10
ACAD_EVT_0098	2	2	CLAS	Rotina da Academia — Controle de Mana	O dia na Academia de Valdora começa cedo. Entre aulas, treino e corredores cheios de estudantes, controle de mana coloca suas escolhas à prova. A vida acadêmica não é uma sucessão de batalhas: é onde o futuro Valaryn aprende quando lutar, quando proteger e quando ouvir.	aula_pratica	11
ACAD_EVT_0099	2	2	CLAS	Rotina da Academia — História de Aeloria	O dia na Academia de Valdora começa cedo. Entre aulas, treino e corredores cheios de estudantes, história de aeloria coloca suas escolhas à prova. A vida acadêmica não é uma sucessão de batalhas: é onde o futuro Valaryn aprende quando lutar, quando proteger e quando ouvir.	aula_teorica	12
ACAD_EVT_0100	2	2	CLAS	Rotina da Academia — Anatomia de monstros	O dia na Academia de Valdora começa cedo. Entre aulas, treino e corredores cheios de estudantes, anatomia de monstros coloca suas escolhas à prova. A vida acadêmica não é uma sucessão de batalhas: é onde o futuro Valaryn aprende quando lutar, quando proteger e quando ouvir.	aula_pratica	4
ACAD_EVT_0101	2	2	CLAS	Rotina da Academia — Tática de campo	O dia na Academia de Valdora começa cedo. Entre aulas, treino e corredores cheios de estudantes, tática de campo coloca suas escolhas à prova. A vida acadêmica não é uma sucessão de batalhas: é onde o futuro Valaryn aprende quando lutar, quando proteger e quando ouvir.	aula_teorica	5
ACAD_EVT_0102	2	2	CLAS	Rotina da Academia — Ética do Valaryn	O dia na Academia de Valdora começa cedo. Entre aulas, treino e corredores cheios de estudantes, ética do valaryn coloca suas escolhas à prova. A vida acadêmica não é uma sucessão de batalhas: é onde o futuro Valaryn aprende quando lutar, quando proteger e quando ouvir.	aula_pratica	6
ACAD_EVT_0103	2	2	CLAS	Rotina da Academia — Rastreamento	O dia na Academia de Valdora começa cedo. Entre aulas, treino e corredores cheios de estudantes, rastreamento coloca suas escolhas à prova. A vida acadêmica não é uma sucessão de batalhas: é onde o futuro Valaryn aprende quando lutar, quando proteger e quando ouvir.	aula_teorica	7
ACAD_EVT_0104	2	2	CLAS	Rotina da Academia — Primeiros socorros	O dia na Academia de Valdora começa cedo. Entre aulas, treino e corredores cheios de estudantes, primeiros socorros coloca suas escolhas à prova. A vida acadêmica não é uma sucessão de batalhas: é onde o futuro Valaryn aprende quando lutar, quando proteger e quando ouvir.	aula_pratica	8
ACAD_EVT_0105	2	2	CLAS	Rotina da Academia — Defesa contra criaturas	O dia na Academia de Valdora começa cedo. Entre aulas, treino e corredores cheios de estudantes, defesa contra criaturas coloca suas escolhas à prova. A vida acadêmica não é uma sucessão de batalhas: é onde o futuro Valaryn aprende quando lutar, quando proteger e quando ouvir.	aula_teorica	9
ACAD_EVT_0106	2	2	CLAS	Rotina da Academia — Cartografia	O dia na Academia de Valdora começa cedo. Entre aulas, treino e corredores cheios de estudantes, cartografia coloca suas escolhas à prova. A vida acadêmica não é uma sucessão de batalhas: é onde o futuro Valaryn aprende quando lutar, quando proteger e quando ouvir.	aula_pratica	10
ACAD_EVT_0107	2	2	CLAS	Rotina da Academia — Runas básicas	O dia na Academia de Valdora começa cedo. Entre aulas, treino e corredores cheios de estudantes, runas básicas coloca suas escolhas à prova. A vida acadêmica não é uma sucessão de batalhas: é onde o futuro Valaryn aprende quando lutar, quando proteger e quando ouvir.	aula_teorica	11
ACAD_EVT_0108	2	2	CLAS	Rotina da Academia — Duelo supervisionado	O dia na Academia de Valdora começa cedo. Entre aulas, treino e corredores cheios de estudantes, duelo supervisionado coloca suas escolhas à prova. A vida acadêmica não é uma sucessão de batalhas: é onde o futuro Valaryn aprende quando lutar, quando proteger e quando ouvir.	aula_pratica	12
ACAD_EVT_0109	2	2	CLAS	Rotina da Academia — Fundamentos da Elyth	O dia na Academia de Valdora começa cedo. Entre aulas, treino e corredores cheios de estudantes, fundamentos da elyth coloca suas escolhas à prova. A vida acadêmica não é uma sucessão de batalhas: é onde o futuro Valaryn aprende quando lutar, quando proteger e quando ouvir.	aula_teorica	4
ACAD_EVT_0110	2	2	CLAS	Rotina da Academia — Controle de Mana	O dia na Academia de Valdora começa cedo. Entre aulas, treino e corredores cheios de estudantes, controle de mana coloca suas escolhas à prova. A vida acadêmica não é uma sucessão de batalhas: é onde o futuro Valaryn aprende quando lutar, quando proteger e quando ouvir.	aula_pratica	5
ACAD_EVT_0111	2	2	CLAS	Rotina da Academia — História de Aeloria	O dia na Academia de Valdora começa cedo. Entre aulas, treino e corredores cheios de estudantes, história de aeloria coloca suas escolhas à prova. A vida acadêmica não é uma sucessão de batalhas: é onde o futuro Valaryn aprende quando lutar, quando proteger e quando ouvir.	aula_teorica	6
ACAD_EVT_0112	2	2	CLAS	Rotina da Academia — Anatomia de monstros	O dia na Academia de Valdora começa cedo. Entre aulas, treino e corredores cheios de estudantes, anatomia de monstros coloca suas escolhas à prova. A vida acadêmica não é uma sucessão de batalhas: é onde o futuro Valaryn aprende quando lutar, quando proteger e quando ouvir.	aula_pratica	7
ACAD_EVT_0113	2	2	CLAS	Rotina da Academia — Tática de campo	O dia na Academia de Valdora começa cedo. Entre aulas, treino e corredores cheios de estudantes, tática de campo coloca suas escolhas à prova. A vida acadêmica não é uma sucessão de batalhas: é onde o futuro Valaryn aprende quando lutar, quando proteger e quando ouvir.	aula_teorica	8
ACAD_EVT_0114	2	2	CLAS	Rotina da Academia — Ética do Valaryn	O dia na Academia de Valdora começa cedo. Entre aulas, treino e corredores cheios de estudantes, ética do valaryn coloca suas escolhas à prova. A vida acadêmica não é uma sucessão de batalhas: é onde o futuro Valaryn aprende quando lutar, quando proteger e quando ouvir.	aula_pratica	9
ACAD_EVT_0115	2	2	CLAS	Rotina da Academia — Rastreamento	O dia na Academia de Valdora começa cedo. Entre aulas, treino e corredores cheios de estudantes, rastreamento coloca suas escolhas à prova. A vida acadêmica não é uma sucessão de batalhas: é onde o futuro Valaryn aprende quando lutar, quando proteger e quando ouvir.	aula_teorica	10
ACAD_EVT_0116	2	2	CLAS	Rotina da Academia — Primeiros socorros	O dia na Academia de Valdora começa cedo. Entre aulas, treino e corredores cheios de estudantes, primeiros socorros coloca suas escolhas à prova. A vida acadêmica não é uma sucessão de batalhas: é onde o futuro Valaryn aprende quando lutar, quando proteger e quando ouvir.	aula_pratica	11
ACAD_EVT_0117	2	2	CLAS	Rotina da Academia — Defesa contra criaturas	O dia na Academia de Valdora começa cedo. Entre aulas, treino e corredores cheios de estudantes, defesa contra criaturas coloca suas escolhas à prova. A vida acadêmica não é uma sucessão de batalhas: é onde o futuro Valaryn aprende quando lutar, quando proteger e quando ouvir.	aula_teorica	12
ACAD_EVT_0118	2	2	CLAS	Rotina da Academia — Cartografia	O dia na Academia de Valdora começa cedo. Entre aulas, treino e corredores cheios de estudantes, cartografia coloca suas escolhas à prova. A vida acadêmica não é uma sucessão de batalhas: é onde o futuro Valaryn aprende quando lutar, quando proteger e quando ouvir.	aula_pratica	4
ACAD_EVT_0119	2	2	CLAS	Rotina da Academia — Runas básicas	O dia na Academia de Valdora começa cedo. Entre aulas, treino e corredores cheios de estudantes, runas básicas coloca suas escolhas à prova. A vida acadêmica não é uma sucessão de batalhas: é onde o futuro Valaryn aprende quando lutar, quando proteger e quando ouvir.	aula_teorica	5
ACAD_EVT_0120	2	2	CLAS	Rotina da Academia — Duelo supervisionado	O dia na Academia de Valdora começa cedo. Entre aulas, treino e corredores cheios de estudantes, duelo supervisionado coloca suas escolhas à prova. A vida acadêmica não é uma sucessão de batalhas: é onde o futuro Valaryn aprende quando lutar, quando proteger e quando ouvir.	aula_pratica	6
ACAD_EVT_0121	3	1	ESTAGIO	Rotina da Academia — Fundamentos da Elyth	O dia na Academia de Valdora começa cedo. Entre aulas, treino e corredores cheios de estudantes, fundamentos da elyth coloca suas escolhas à prova. A vida acadêmica não é uma sucessão de batalhas: é onde o futuro Valaryn aprende quando lutar, quando proteger e quando ouvir.	aula_teorica	7
ACAD_EVT_0122	3	1	ESTAGIO	Rotina da Academia — Controle de Mana	O dia na Academia de Valdora começa cedo. Entre aulas, treino e corredores cheios de estudantes, controle de mana coloca suas escolhas à prova. A vida acadêmica não é uma sucessão de batalhas: é onde o futuro Valaryn aprende quando lutar, quando proteger e quando ouvir.	aula_pratica	8
ACAD_EVT_0123	3	1	ESTAGIO	Rotina da Academia — História de Aeloria	O dia na Academia de Valdora começa cedo. Entre aulas, treino e corredores cheios de estudantes, história de aeloria coloca suas escolhas à prova. A vida acadêmica não é uma sucessão de batalhas: é onde o futuro Valaryn aprende quando lutar, quando proteger e quando ouvir.	aula_teorica	9
ACAD_EVT_0124	3	1	ESTAGIO	Rotina da Academia — Anatomia de monstros	O dia na Academia de Valdora começa cedo. Entre aulas, treino e corredores cheios de estudantes, anatomia de monstros coloca suas escolhas à prova. A vida acadêmica não é uma sucessão de batalhas: é onde o futuro Valaryn aprende quando lutar, quando proteger e quando ouvir.	aula_pratica	10
ACAD_EVT_0125	3	1	ESTAGIO	Rotina da Academia — Tática de campo	O dia na Academia de Valdora começa cedo. Entre aulas, treino e corredores cheios de estudantes, tática de campo coloca suas escolhas à prova. A vida acadêmica não é uma sucessão de batalhas: é onde o futuro Valaryn aprende quando lutar, quando proteger e quando ouvir.	aula_teorica	11
ACAD_EVT_0126	3	1	ESTAGIO	Rotina da Academia — Ética do Valaryn	O dia na Academia de Valdora começa cedo. Entre aulas, treino e corredores cheios de estudantes, ética do valaryn coloca suas escolhas à prova. A vida acadêmica não é uma sucessão de batalhas: é onde o futuro Valaryn aprende quando lutar, quando proteger e quando ouvir.	aula_pratica	12
ACAD_EVT_0127	3	1	ESTAGIO	Rotina da Academia — Rastreamento	O dia na Academia de Valdora começa cedo. Entre aulas, treino e corredores cheios de estudantes, rastreamento coloca suas escolhas à prova. A vida acadêmica não é uma sucessão de batalhas: é onde o futuro Valaryn aprende quando lutar, quando proteger e quando ouvir.	aula_teorica	4
ACAD_EVT_0128	3	1	ESTAGIO	Rotina da Academia — Primeiros socorros	O dia na Academia de Valdora começa cedo. Entre aulas, treino e corredores cheios de estudantes, primeiros socorros coloca suas escolhas à prova. A vida acadêmica não é uma sucessão de batalhas: é onde o futuro Valaryn aprende quando lutar, quando proteger e quando ouvir.	aula_pratica	5
ACAD_EVT_0129	3	1	ESTAGIO	Rotina da Academia — Defesa contra criaturas	O dia na Academia de Valdora começa cedo. Entre aulas, treino e corredores cheios de estudantes, defesa contra criaturas coloca suas escolhas à prova. A vida acadêmica não é uma sucessão de batalhas: é onde o futuro Valaryn aprende quando lutar, quando proteger e quando ouvir.	aula_teorica	6
ACAD_EVT_0130	3	1	ESTAGIO	Rotina da Academia — Cartografia	O dia na Academia de Valdora começa cedo. Entre aulas, treino e corredores cheios de estudantes, cartografia coloca suas escolhas à prova. A vida acadêmica não é uma sucessão de batalhas: é onde o futuro Valaryn aprende quando lutar, quando proteger e quando ouvir.	aula_pratica	7
ACAD_EVT_0131	3	1	ESTAGIO	Rotina da Academia — Runas básicas	O dia na Academia de Valdora começa cedo. Entre aulas, treino e corredores cheios de estudantes, runas básicas coloca suas escolhas à prova. A vida acadêmica não é uma sucessão de batalhas: é onde o futuro Valaryn aprende quando lutar, quando proteger e quando ouvir.	aula_teorica	8
ACAD_EVT_0132	3	1	ESTAGIO	Rotina da Academia — Duelo supervisionado	O dia na Academia de Valdora começa cedo. Entre aulas, treino e corredores cheios de estudantes, duelo supervisionado coloca suas escolhas à prova. A vida acadêmica não é uma sucessão de batalhas: é onde o futuro Valaryn aprende quando lutar, quando proteger e quando ouvir.	aula_pratica	9
ACAD_EVT_0133	3	1	ESTAGIO	Rotina da Academia — Fundamentos da Elyth	O dia na Academia de Valdora começa cedo. Entre aulas, treino e corredores cheios de estudantes, fundamentos da elyth coloca suas escolhas à prova. A vida acadêmica não é uma sucessão de batalhas: é onde o futuro Valaryn aprende quando lutar, quando proteger e quando ouvir.	aula_teorica	10
ACAD_EVT_0134	3	1	ESTAGIO	Rotina da Academia — Controle de Mana	O dia na Academia de Valdora começa cedo. Entre aulas, treino e corredores cheios de estudantes, controle de mana coloca suas escolhas à prova. A vida acadêmica não é uma sucessão de batalhas: é onde o futuro Valaryn aprende quando lutar, quando proteger e quando ouvir.	aula_pratica	11
ACAD_EVT_0135	3	1	ESTAGIO	Rotina da Academia — História de Aeloria	O dia na Academia de Valdora começa cedo. Entre aulas, treino e corredores cheios de estudantes, história de aeloria coloca suas escolhas à prova. A vida acadêmica não é uma sucessão de batalhas: é onde o futuro Valaryn aprende quando lutar, quando proteger e quando ouvir.	aula_teorica	12
ACAD_EVT_0136	3	1	ESTAGIO	Rotina da Academia — Anatomia de monstros	O dia na Academia de Valdora começa cedo. Entre aulas, treino e corredores cheios de estudantes, anatomia de monstros coloca suas escolhas à prova. A vida acadêmica não é uma sucessão de batalhas: é onde o futuro Valaryn aprende quando lutar, quando proteger e quando ouvir.	aula_pratica	4
ACAD_EVT_0137	3	1	ESTAGIO	Rotina da Academia — Tática de campo	O dia na Academia de Valdora começa cedo. Entre aulas, treino e corredores cheios de estudantes, tática de campo coloca suas escolhas à prova. A vida acadêmica não é uma sucessão de batalhas: é onde o futuro Valaryn aprende quando lutar, quando proteger e quando ouvir.	aula_teorica	5
ACAD_EVT_0138	3	1	ESTAGIO	Rotina da Academia — Ética do Valaryn	O dia na Academia de Valdora começa cedo. Entre aulas, treino e corredores cheios de estudantes, ética do valaryn coloca suas escolhas à prova. A vida acadêmica não é uma sucessão de batalhas: é onde o futuro Valaryn aprende quando lutar, quando proteger e quando ouvir.	aula_pratica	6
ACAD_EVT_0139	3	1	ESTAGIO	Rotina da Academia — Rastreamento	O dia na Academia de Valdora começa cedo. Entre aulas, treino e corredores cheios de estudantes, rastreamento coloca suas escolhas à prova. A vida acadêmica não é uma sucessão de batalhas: é onde o futuro Valaryn aprende quando lutar, quando proteger e quando ouvir.	aula_teorica	7
ACAD_EVT_0140	3	1	ESTAGIO	Rotina da Academia — Primeiros socorros	O dia na Academia de Valdora começa cedo. Entre aulas, treino e corredores cheios de estudantes, primeiros socorros coloca suas escolhas à prova. A vida acadêmica não é uma sucessão de batalhas: é onde o futuro Valaryn aprende quando lutar, quando proteger e quando ouvir.	aula_pratica	8
ACAD_EVT_0141	3	1	ESTAGIO	Rotina da Academia — Defesa contra criaturas	O dia na Academia de Valdora começa cedo. Entre aulas, treino e corredores cheios de estudantes, defesa contra criaturas coloca suas escolhas à prova. A vida acadêmica não é uma sucessão de batalhas: é onde o futuro Valaryn aprende quando lutar, quando proteger e quando ouvir.	aula_teorica	9
ACAD_EVT_0142	3	1	ESTAGIO	Rotina da Academia — Cartografia	O dia na Academia de Valdora começa cedo. Entre aulas, treino e corredores cheios de estudantes, cartografia coloca suas escolhas à prova. A vida acadêmica não é uma sucessão de batalhas: é onde o futuro Valaryn aprende quando lutar, quando proteger e quando ouvir.	aula_pratica	10
ACAD_EVT_0143	3	1	ESTAGIO	Rotina da Academia — Runas básicas	O dia na Academia de Valdora começa cedo. Entre aulas, treino e corredores cheios de estudantes, runas básicas coloca suas escolhas à prova. A vida acadêmica não é uma sucessão de batalhas: é onde o futuro Valaryn aprende quando lutar, quando proteger e quando ouvir.	aula_teorica	11
ACAD_EVT_0144	3	1	ESTAGIO	Rotina da Academia — Duelo supervisionado	O dia na Academia de Valdora começa cedo. Entre aulas, treino e corredores cheios de estudantes, duelo supervisionado coloca suas escolhas à prova. A vida acadêmica não é uma sucessão de batalhas: é onde o futuro Valaryn aprende quando lutar, quando proteger e quando ouvir.	aula_pratica	12
ACAD_EVT_0145	3	1	ESTAGIO	Rotina da Academia — Fundamentos da Elyth	O dia na Academia de Valdora começa cedo. Entre aulas, treino e corredores cheios de estudantes, fundamentos da elyth coloca suas escolhas à prova. A vida acadêmica não é uma sucessão de batalhas: é onde o futuro Valaryn aprende quando lutar, quando proteger e quando ouvir.	aula_teorica	4
ACAD_EVT_0146	3	1	ESTAGIO	Rotina da Academia — Controle de Mana	O dia na Academia de Valdora começa cedo. Entre aulas, treino e corredores cheios de estudantes, controle de mana coloca suas escolhas à prova. A vida acadêmica não é uma sucessão de batalhas: é onde o futuro Valaryn aprende quando lutar, quando proteger e quando ouvir.	aula_pratica	5
ACAD_EVT_0147	3	1	ESTAGIO	Rotina da Academia — História de Aeloria	O dia na Academia de Valdora começa cedo. Entre aulas, treino e corredores cheios de estudantes, história de aeloria coloca suas escolhas à prova. A vida acadêmica não é uma sucessão de batalhas: é onde o futuro Valaryn aprende quando lutar, quando proteger e quando ouvir.	aula_teorica	6
ACAD_EVT_0148	3	1	ESTAGIO	Rotina da Academia — Anatomia de monstros	O dia na Academia de Valdora começa cedo. Entre aulas, treino e corredores cheios de estudantes, anatomia de monstros coloca suas escolhas à prova. A vida acadêmica não é uma sucessão de batalhas: é onde o futuro Valaryn aprende quando lutar, quando proteger e quando ouvir.	aula_pratica	7
ACAD_EVT_0149	3	1	ESTAGIO	Rotina da Academia — Tática de campo	O dia na Academia de Valdora começa cedo. Entre aulas, treino e corredores cheios de estudantes, tática de campo coloca suas escolhas à prova. A vida acadêmica não é uma sucessão de batalhas: é onde o futuro Valaryn aprende quando lutar, quando proteger e quando ouvir.	aula_teorica	8
ACAD_EVT_0150	3	1	ESTAGIO	Rotina da Academia — Ética do Valaryn	O dia na Academia de Valdora começa cedo. Entre aulas, treino e corredores cheios de estudantes, ética do valaryn coloca suas escolhas à prova. A vida acadêmica não é uma sucessão de batalhas: é onde o futuro Valaryn aprende quando lutar, quando proteger e quando ouvir.	aula_pratica	9
ACAD_EVT_0151	3	2	ESTAGIO	Rotina da Academia — Rastreamento	O dia na Academia de Valdora começa cedo. Entre aulas, treino e corredores cheios de estudantes, rastreamento coloca suas escolhas à prova. A vida acadêmica não é uma sucessão de batalhas: é onde o futuro Valaryn aprende quando lutar, quando proteger e quando ouvir.	aula_teorica	10
ACAD_EVT_0152	3	2	ESTAGIO	Rotina da Academia — Primeiros socorros	O dia na Academia de Valdora começa cedo. Entre aulas, treino e corredores cheios de estudantes, primeiros socorros coloca suas escolhas à prova. A vida acadêmica não é uma sucessão de batalhas: é onde o futuro Valaryn aprende quando lutar, quando proteger e quando ouvir.	aula_pratica	11
ACAD_EVT_0153	3	2	ESTAGIO	Rotina da Academia — Defesa contra criaturas	O dia na Academia de Valdora começa cedo. Entre aulas, treino e corredores cheios de estudantes, defesa contra criaturas coloca suas escolhas à prova. A vida acadêmica não é uma sucessão de batalhas: é onde o futuro Valaryn aprende quando lutar, quando proteger e quando ouvir.	aula_teorica	12
ACAD_EVT_0154	3	2	ESTAGIO	Rotina da Academia — Cartografia	O dia na Academia de Valdora começa cedo. Entre aulas, treino e corredores cheios de estudantes, cartografia coloca suas escolhas à prova. A vida acadêmica não é uma sucessão de batalhas: é onde o futuro Valaryn aprende quando lutar, quando proteger e quando ouvir.	aula_pratica	4
ACAD_EVT_0155	3	2	ESTAGIO	Rotina da Academia — Runas básicas	O dia na Academia de Valdora começa cedo. Entre aulas, treino e corredores cheios de estudantes, runas básicas coloca suas escolhas à prova. A vida acadêmica não é uma sucessão de batalhas: é onde o futuro Valaryn aprende quando lutar, quando proteger e quando ouvir.	aula_teorica	5
ACAD_EVT_0156	3	2	ESTAGIO	Rotina da Academia — Duelo supervisionado	O dia na Academia de Valdora começa cedo. Entre aulas, treino e corredores cheios de estudantes, duelo supervisionado coloca suas escolhas à prova. A vida acadêmica não é uma sucessão de batalhas: é onde o futuro Valaryn aprende quando lutar, quando proteger e quando ouvir.	aula_pratica	6
ACAD_EVT_0157	3	2	ESTAGIO	Rotina da Academia — Fundamentos da Elyth	O dia na Academia de Valdora começa cedo. Entre aulas, treino e corredores cheios de estudantes, fundamentos da elyth coloca suas escolhas à prova. A vida acadêmica não é uma sucessão de batalhas: é onde o futuro Valaryn aprende quando lutar, quando proteger e quando ouvir.	aula_teorica	7
ACAD_EVT_0158	3	2	ESTAGIO	Rotina da Academia — Controle de Mana	O dia na Academia de Valdora começa cedo. Entre aulas, treino e corredores cheios de estudantes, controle de mana coloca suas escolhas à prova. A vida acadêmica não é uma sucessão de batalhas: é onde o futuro Valaryn aprende quando lutar, quando proteger e quando ouvir.	aula_pratica	8
ACAD_EVT_0159	3	2	ESTAGIO	Rotina da Academia — História de Aeloria	O dia na Academia de Valdora começa cedo. Entre aulas, treino e corredores cheios de estudantes, história de aeloria coloca suas escolhas à prova. A vida acadêmica não é uma sucessão de batalhas: é onde o futuro Valaryn aprende quando lutar, quando proteger e quando ouvir.	aula_teorica	9
ACAD_EVT_0160	3	2	ESTAGIO	Rotina da Academia — Anatomia de monstros	O dia na Academia de Valdora começa cedo. Entre aulas, treino e corredores cheios de estudantes, anatomia de monstros coloca suas escolhas à prova. A vida acadêmica não é uma sucessão de batalhas: é onde o futuro Valaryn aprende quando lutar, quando proteger e quando ouvir.	aula_pratica	10
ACAD_EVT_0161	3	2	ESTAGIO	Rotina da Academia — Tática de campo	O dia na Academia de Valdora começa cedo. Entre aulas, treino e corredores cheios de estudantes, tática de campo coloca suas escolhas à prova. A vida acadêmica não é uma sucessão de batalhas: é onde o futuro Valaryn aprende quando lutar, quando proteger e quando ouvir.	aula_teorica	11
ACAD_EVT_0162	3	2	ESTAGIO	Rotina da Academia — Ética do Valaryn	O dia na Academia de Valdora começa cedo. Entre aulas, treino e corredores cheios de estudantes, ética do valaryn coloca suas escolhas à prova. A vida acadêmica não é uma sucessão de batalhas: é onde o futuro Valaryn aprende quando lutar, quando proteger e quando ouvir.	aula_pratica	12
ACAD_EVT_0163	3	2	ESTAGIO	Rotina da Academia — Rastreamento	O dia na Academia de Valdora começa cedo. Entre aulas, treino e corredores cheios de estudantes, rastreamento coloca suas escolhas à prova. A vida acadêmica não é uma sucessão de batalhas: é onde o futuro Valaryn aprende quando lutar, quando proteger e quando ouvir.	aula_teorica	4
ACAD_EVT_0164	3	2	ESTAGIO	Rotina da Academia — Primeiros socorros	O dia na Academia de Valdora começa cedo. Entre aulas, treino e corredores cheios de estudantes, primeiros socorros coloca suas escolhas à prova. A vida acadêmica não é uma sucessão de batalhas: é onde o futuro Valaryn aprende quando lutar, quando proteger e quando ouvir.	aula_pratica	5
ACAD_EVT_0165	3	2	ESTAGIO	Rotina da Academia — Defesa contra criaturas	O dia na Academia de Valdora começa cedo. Entre aulas, treino e corredores cheios de estudantes, defesa contra criaturas coloca suas escolhas à prova. A vida acadêmica não é uma sucessão de batalhas: é onde o futuro Valaryn aprende quando lutar, quando proteger e quando ouvir.	aula_teorica	6
ACAD_EVT_0166	3	2	ESTAGIO	Rotina da Academia — Cartografia	O dia na Academia de Valdora começa cedo. Entre aulas, treino e corredores cheios de estudantes, cartografia coloca suas escolhas à prova. A vida acadêmica não é uma sucessão de batalhas: é onde o futuro Valaryn aprende quando lutar, quando proteger e quando ouvir.	aula_pratica	7
ACAD_EVT_0167	3	2	ESTAGIO	Rotina da Academia — Runas básicas	O dia na Academia de Valdora começa cedo. Entre aulas, treino e corredores cheios de estudantes, runas básicas coloca suas escolhas à prova. A vida acadêmica não é uma sucessão de batalhas: é onde o futuro Valaryn aprende quando lutar, quando proteger e quando ouvir.	aula_teorica	8
ACAD_EVT_0168	3	2	ESTAGIO	Rotina da Academia — Duelo supervisionado	O dia na Academia de Valdora começa cedo. Entre aulas, treino e corredores cheios de estudantes, duelo supervisionado coloca suas escolhas à prova. A vida acadêmica não é uma sucessão de batalhas: é onde o futuro Valaryn aprende quando lutar, quando proteger e quando ouvir.	aula_pratica	9
ACAD_EVT_0169	3	2	ESTAGIO	Rotina da Academia — Fundamentos da Elyth	O dia na Academia de Valdora começa cedo. Entre aulas, treino e corredores cheios de estudantes, fundamentos da elyth coloca suas escolhas à prova. A vida acadêmica não é uma sucessão de batalhas: é onde o futuro Valaryn aprende quando lutar, quando proteger e quando ouvir.	aula_teorica	10
ACAD_EVT_0170	3	2	ESTAGIO	Rotina da Academia — Controle de Mana	O dia na Academia de Valdora começa cedo. Entre aulas, treino e corredores cheios de estudantes, controle de mana coloca suas escolhas à prova. A vida acadêmica não é uma sucessão de batalhas: é onde o futuro Valaryn aprende quando lutar, quando proteger e quando ouvir.	aula_pratica	11
ACAD_EVT_0171	3	2	ESTAGIO	Rotina da Academia — História de Aeloria	O dia na Academia de Valdora começa cedo. Entre aulas, treino e corredores cheios de estudantes, história de aeloria coloca suas escolhas à prova. A vida acadêmica não é uma sucessão de batalhas: é onde o futuro Valaryn aprende quando lutar, quando proteger e quando ouvir.	aula_teorica	12
ACAD_EVT_0172	3	2	ESTAGIO	Rotina da Academia — Anatomia de monstros	O dia na Academia de Valdora começa cedo. Entre aulas, treino e corredores cheios de estudantes, anatomia de monstros coloca suas escolhas à prova. A vida acadêmica não é uma sucessão de batalhas: é onde o futuro Valaryn aprende quando lutar, quando proteger e quando ouvir.	aula_pratica	4
ACAD_EVT_0173	3	2	ESTAGIO	Rotina da Academia — Tática de campo	O dia na Academia de Valdora começa cedo. Entre aulas, treino e corredores cheios de estudantes, tática de campo coloca suas escolhas à prova. A vida acadêmica não é uma sucessão de batalhas: é onde o futuro Valaryn aprende quando lutar, quando proteger e quando ouvir.	aula_teorica	5
ACAD_EVT_0174	3	2	ESTAGIO	Rotina da Academia — Ética do Valaryn	O dia na Academia de Valdora começa cedo. Entre aulas, treino e corredores cheios de estudantes, ética do valaryn coloca suas escolhas à prova. A vida acadêmica não é uma sucessão de batalhas: é onde o futuro Valaryn aprende quando lutar, quando proteger e quando ouvir.	aula_pratica	6
ACAD_EVT_0175	3	2	ESTAGIO	Rotina da Academia — Rastreamento	O dia na Academia de Valdora começa cedo. Entre aulas, treino e corredores cheios de estudantes, rastreamento coloca suas escolhas à prova. A vida acadêmica não é uma sucessão de batalhas: é onde o futuro Valaryn aprende quando lutar, quando proteger e quando ouvir.	aula_teorica	7
ACAD_EVT_0176	3	2	ESTAGIO	Rotina da Academia — Primeiros socorros	O dia na Academia de Valdora começa cedo. Entre aulas, treino e corredores cheios de estudantes, primeiros socorros coloca suas escolhas à prova. A vida acadêmica não é uma sucessão de batalhas: é onde o futuro Valaryn aprende quando lutar, quando proteger e quando ouvir.	aula_pratica	8
ACAD_EVT_0177	3	2	ESTAGIO	Rotina da Academia — Defesa contra criaturas	O dia na Academia de Valdora começa cedo. Entre aulas, treino e corredores cheios de estudantes, defesa contra criaturas coloca suas escolhas à prova. A vida acadêmica não é uma sucessão de batalhas: é onde o futuro Valaryn aprende quando lutar, quando proteger e quando ouvir.	aula_teorica	9
ACAD_EVT_0178	3	2	ESTAGIO	Rotina da Academia — Cartografia	O dia na Academia de Valdora começa cedo. Entre aulas, treino e corredores cheios de estudantes, cartografia coloca suas escolhas à prova. A vida acadêmica não é uma sucessão de batalhas: é onde o futuro Valaryn aprende quando lutar, quando proteger e quando ouvir.	aula_pratica	10
ACAD_EVT_0179	3	2	ESTAGIO	Rotina da Academia — Runas básicas	O dia na Academia de Valdora começa cedo. Entre aulas, treino e corredores cheios de estudantes, runas básicas coloca suas escolhas à prova. A vida acadêmica não é uma sucessão de batalhas: é onde o futuro Valaryn aprende quando lutar, quando proteger e quando ouvir.	aula_teorica	11
ACAD_EVT_0180	3	2	ESTAGIO	Rotina da Academia — Duelo supervisionado	O dia na Academia de Valdora começa cedo. Entre aulas, treino e corredores cheios de estudantes, duelo supervisionado coloca suas escolhas à prova. A vida acadêmica não é uma sucessão de batalhas: é onde o futuro Valaryn aprende quando lutar, quando proteger e quando ouvir.	aula_pratica	12
