id	prerequisite	tree	status
ELY_0001		ELYTH:Pyron:BRANCH1	GAME_PROPOSAL
ELY_0008		ELYTH:Pyron:BRANCH2	GAME_PROPOSAL
ELY_0015		ELYTH:Pyron:BRANCH3	GAME_PROPOSAL
ELY_0002	ELY_0001	ELYTH:Pyron:BRANCH1	GAME_PROPOSAL
ELY_0009	ELY_0008	ELYTH:Pyron:BRANCH2	GAME_PROPOSAL
ELY_0016	ELY_0015	ELYTH:Pyron:BRANCH3	GAME_PROPOSAL
ELY_0003	ELY_0002	ELYTH:Pyron:BRANCH1	GAME_PROPOSAL
ELY_0010	ELY_0009	ELYTH:Pyron:BRANCH2	GAME_PROPOSAL
ELY_0017	ELY_0016	ELYTH:Pyron:BRANCH3	GAME_PROPOSAL
ELY_0004	ELY_0003	ELYTH:Pyron:BRANCH1	GAME_PROPOSAL
ELY_0011	ELY_0010	ELYTH:Pyron:BRANCH2	GAME_PROPOSAL
ELY_0018	ELY_0017	ELYTH:Pyron:BRANCH3	GAME_PROPOSAL
ELY_0005	ELY_0004	ELYTH:Pyron:BRANCH1	GAME_PROPOSAL
ELY_0012	ELY_0011	ELYTH:Pyron:BRANCH2	GAME_PROPOSAL
ELY_0019	ELY_0018	ELYTH:Pyron:BRANCH3	GAME_PROPOSAL
ELY_0006	ELY_0005	ELYTH:Pyron:BRANCH1	GAME_PROPOSAL
ELY_0013	ELY_0012	ELYTH:Pyron:BRANCH2	GAME_PROPOSAL
ELY_0020	ELY_0019	ELYTH:Pyron:BRANCH3	GAME_PROPOSAL
ELY_0007	ELY_0006	ELYTH:Pyron:BRANCH1	GAME_PROPOSAL
ELY_0014	ELY_0013	ELYTH:Pyron:BRANCH2	GAME_PROPOSAL
ELY_0021		ELYTH:Hydron:BRANCH1	GAME_PROPOSAL
ELY_0028		ELYTH:Hydron:BRANCH2	GAME_PROPOSAL
ELY_0035		ELYTH:Hydron:BRANCH3	GAME_PROPOSAL
ELY_0022	ELY_0021	ELYTH:Hydron:BRANCH1	GAME_PROPOSAL
ELY_0029	ELY_0028	ELYTH:Hydron:BRANCH2	GAME_PROPOSAL
ELY_0036	ELY_0035	ELYTH:Hydron:BRANCH3	GAME_PROPOSAL
ELY_0023	ELY_0022	ELYTH:Hydron:BRANCH1	GAME_PROPOSAL
ELY_0030	ELY_0029	ELYTH:Hydron:BRANCH2	GAME_PROPOSAL
ELY_0037	ELY_0036	ELYTH:Hydron:BRANCH3	GAME_PROPOSAL
ELY_0024	ELY_0023	ELYTH:Hydron:BRANCH1	GAME_PROPOSAL
ELY_0031	ELY_0030	ELYTH:Hydron:BRANCH2	GAME_PROPOSAL
ELY_0038	ELY_0037	ELYTH:Hydron:BRANCH3	GAME_PROPOSAL
ELY_0025	ELY_0024	ELYTH:Hydron:BRANCH1	GAME_PROPOSAL
ELY_0032	ELY_0031	ELYTH:Hydron:BRANCH2	GAME_PROPOSAL
ELY_0039	ELY_0038	ELYTH:Hydron:BRANCH3	GAME_PROPOSAL
ELY_0026	ELY_0025	ELYTH:Hydron:BRANCH1	GAME_PROPOSAL
ELY_0033	ELY_0032	ELYTH:Hydron:BRANCH2	GAME_PROPOSAL
ELY_0040	ELY_0039	ELYTH:Hydron:BRANCH3	GAME_PROPOSAL
ELY_0027	ELY_0026	ELYTH:Hydron:BRANCH1	GAME_PROPOSAL
ELY_0034	ELY_0033	ELYTH:Hydron:BRANCH2	GAME_PROPOSAL
ELY_0041		ELYTH:Sylvan:BRANCH1	GAME_PROPOSAL
ELY_0048		ELYTH:Sylvan:BRANCH2	GAME_PROPOSAL
ELY_0055		ELYTH:Sylvan:BRANCH3	GAME_PROPOSAL
ELY_0042	ELY_0041	ELYTH:Sylvan:BRANCH1	GAME_PROPOSAL
ELY_0049	ELY_0048	ELYTH:Sylvan:BRANCH2	GAME_PROPOSAL
ELY_0056	ELY_0055	ELYTH:Sylvan:BRANCH3	GAME_PROPOSAL
ELY_0043	ELY_0042	ELYTH:Sylvan:BRANCH1	GAME_PROPOSAL
ELY_0050	ELY_0049	ELYTH:Sylvan:BRANCH2	GAME_PROPOSAL
ELY_0057	ELY_0056	ELYTH:Sylvan:BRANCH3	GAME_PROPOSAL
ELY_0044	ELY_0043	ELYTH:Sylvan:BRANCH1	GAME_PROPOSAL
ELY_0051	ELY_0050	ELYTH:Sylvan:BRANCH2	GAME_PROPOSAL
ELY_0058	ELY_0057	ELYTH:Sylvan:BRANCH3	GAME_PROPOSAL
ELY_0045	ELY_0044	ELYTH:Sylvan:BRANCH1	GAME_PROPOSAL
ELY_0052	ELY_0051	ELYTH:Sylvan:BRANCH2	GAME_PROPOSAL
ELY_0059	ELY_0058	ELYTH:Sylvan:BRANCH3	GAME_PROPOSAL
ELY_0046	ELY_0045	ELYTH:Sylvan:BRANCH1	GAME_PROPOSAL
ELY_0053	ELY_0052	ELYTH:Sylvan:BRANCH2	GAME_PROPOSAL
ELY_0060	ELY_0059	ELYTH:Sylvan:BRANCH3	GAME_PROPOSAL
ELY_0047	ELY_0046	ELYTH:Sylvan:BRANCH1	GAME_PROPOSAL
ELY_0054	ELY_0053	ELYTH:Sylvan:BRANCH2	GAME_PROPOSAL
ELY_0061		ELYTH:Terran:BRANCH1	GAME_PROPOSAL
ELY_0068		ELYTH:Terran:BRANCH2	GAME_PROPOSAL
ELY_0075		ELYTH:Terran:BRANCH3	GAME_PROPOSAL
ELY_0062	ELY_0061	ELYTH:Terran:BRANCH1	GAME_PROPOSAL
ELY_0069	ELY_0068	ELYTH:Terran:BRANCH2	GAME_PROPOSAL
ELY_0076	ELY_0075	ELYTH:Terran:BRANCH3	GAME_PROPOSAL
ELY_0063	ELY_0062	ELYTH:Terran:BRANCH1	GAME_PROPOSAL
ELY_0070	ELY_0069	ELYTH:Terran:BRANCH2	GAME_PROPOSAL
ELY_0077	ELY_0076	ELYTH:Terran:BRANCH3	GAME_PROPOSAL
ELY_0064	ELY_0063	ELYTH:Terran:BRANCH1	GAME_PROPOSAL
ELY_0071	ELY_0070	ELYTH:Terran:BRANCH2	GAME_PROPOSAL
ELY_0078	ELY_0077	ELYTH:Terran:BRANCH3	GAME_PROPOSAL
ELY_0065	ELY_0064	ELYTH:Terran:BRANCH1	GAME_PROPOSAL
ELY_0072	ELY_0071	ELYTH:Terran:BRANCH2	GAME_PROPOSAL
ELY_0079	ELY_0078	ELYTH:Terran:BRANCH3	GAME_PROPOSAL
ELY_0066	ELY_0065	ELYTH:Terran:BRANCH1	GAME_PROPOSAL
ELY_0073	ELY_0072	ELYTH:Terran:BRANCH2	GAME_PROPOSAL
ELY_0080	ELY_0079	ELYTH:Terran:BRANCH3	GAME_PROPOSAL
ELY_0067	ELY_0066	ELYTH:Terran:BRANCH1	GAME_PROPOSAL
ELY_0074	ELY_0073	ELYTH:Terran:BRANCH2	GAME_PROPOSAL
ELY_0081		ELYTH:Lumin:BRANCH1	GAME_PROPOSAL
ELY_0088		ELYTH:Lumin:BRANCH2	GAME_PROPOSAL
ELY_0095		ELYTH:Lumin:BRANCH3	GAME_PROPOSAL
ELY_0082	ELY_0081	ELYTH:Lumin:BRANCH1	GAME_PROPOSAL
ELY_0089	ELY_0088	ELYTH:Lumin:BRANCH2	GAME_PROPOSAL
ELY_0096	ELY_0095	ELYTH:Lumin:BRANCH3	GAME_PROPOSAL
ELY_0083	ELY_0082	ELYTH:Lumin:BRANCH1	GAME_PROPOSAL
ELY_0090	ELY_0089	ELYTH:Lumin:BRANCH2	GAME_PROPOSAL
ELY_0097	ELY_0096	ELYTH:Lumin:BRANCH3	GAME_PROPOSAL
ELY_0084	ELY_0083	ELYTH:Lumin:BRANCH1	GAME_PROPOSAL
ELY_0091	ELY_0090	ELYTH:Lumin:BRANCH2	GAME_PROPOSAL
ELY_0098	ELY_0097	ELYTH:Lumin:BRANCH3	GAME_PROPOSAL
ELY_0085	ELY_0084	ELYTH:Lumin:BRANCH1	GAME_PROPOSAL
ELY_0092	ELY_0091	ELYTH:Lumin:BRANCH2	GAME_PROPOSAL
ELY_0099	ELY_0098	ELYTH:Lumin:BRANCH3	GAME_PROPOSAL
ELY_0086	ELY_0085	ELYTH:Lumin:BRANCH1	GAME_PROPOSAL
ELY_0093	ELY_0092	ELYTH:Lumin:BRANCH2	GAME_PROPOSAL
ELY_0100	ELY_0099	ELYTH:Lumin:BRANCH3	GAME_PROPOSAL
ELY_0087	ELY_0086	ELYTH:Lumin:BRANCH1	GAME_PROPOSAL
ELY_0094	ELY_0093	ELYTH:Lumin:BRANCH2	GAME_PROPOSAL
ELY_0101		ELYTH:Umbra:BRANCH1	GAME_PROPOSAL
ELY_0108		ELYTH:Umbra:BRANCH2	GAME_PROPOSAL
ELY_0115		ELYTH:Umbra:BRANCH3	GAME_PROPOSAL
ELY_0102	ELY_0101	ELYTH:Umbra:BRANCH1	GAME_PROPOSAL
ELY_0109	ELY_0108	ELYTH:Umbra:BRANCH2	GAME_PROPOSAL
ELY_0116	ELY_0115	ELYTH:Umbra:BRANCH3	GAME_PROPOSAL
ELY_0103	ELY_0102	ELYTH:Umbra:BRANCH1	GAME_PROPOSAL
ELY_0110	ELY_0109	ELYTH:Umbra:BRANCH2	GAME_PROPOSAL
ELY_0117	ELY_0116	ELYTH:Umbra:BRANCH3	GAME_PROPOSAL
ELY_0104	ELY_0103	ELYTH:Umbra:BRANCH1	GAME_PROPOSAL
ELY_0111	ELY_0110	ELYTH:Umbra:BRANCH2	GAME_PROPOSAL
ELY_0118	ELY_0117	ELYTH:Umbra:BRANCH3	GAME_PROPOSAL
ELY_0105	ELY_0104	ELYTH:Umbra:BRANCH1	GAME_PROPOSAL
ELY_0112	ELY_0111	ELYTH:Umbra:BRANCH2	GAME_PROPOSAL
ELY_0119	ELY_0118	ELYTH:Umbra:BRANCH3	GAME_PROPOSAL
ELY_0106	ELY_0105	ELYTH:Umbra:BRANCH1	GAME_PROPOSAL
ELY_0113	ELY_0112	ELYTH:Umbra:BRANCH2	GAME_PROPOSAL
ELY_0120	ELY_0119	ELYTH:Umbra:BRANCH3	GAME_PROPOSAL
ELY_0107	ELY_0106	ELYTH:Umbra:BRANCH1	GAME_PROPOSAL
ELY_0114	ELY_0113	ELYTH:Umbra:BRANCH2	GAME_PROPOSAL
ELY_0121		ELYTH:Volt:BRANCH1	GAME_PROPOSAL
ELY_0128		ELYTH:Volt:BRANCH2	GAME_PROPOSAL
ELY_0135		ELYTH:Volt:BRANCH3	GAME_PROPOSAL
ELY_0122	ELY_0121	ELYTH:Volt:BRANCH1	GAME_PROPOSAL
ELY_0129	ELY_0128	ELYTH:Volt:BRANCH2	GAME_PROPOSAL
ELY_0136	ELY_0135	ELYTH:Volt:BRANCH3	GAME_PROPOSAL
ELY_0123	ELY_0122	ELYTH:Volt:BRANCH1	GAME_PROPOSAL
ELY_0130	ELY_0129	ELYTH:Volt:BRANCH2	GAME_PROPOSAL
ELY_0137	ELY_0136	ELYTH:Volt:BRANCH3	GAME_PROPOSAL
ELY_0124	ELY_0123	ELYTH:Volt:BRANCH1	GAME_PROPOSAL
ELY_0131	ELY_0130	ELYTH:Volt:BRANCH2	GAME_PROPOSAL
ELY_0138	ELY_0137	ELYTH:Volt:BRANCH3	GAME_PROPOSAL
ELY_0125	ELY_0124	ELYTH:Volt:BRANCH1	GAME_PROPOSAL
ELY_0132	ELY_0131	ELYTH:Volt:BRANCH2	GAME_PROPOSAL
ELY_0139	ELY_0138	ELYTH:Volt:BRANCH3	GAME_PROPOSAL
ELY_0126	ELY_0125	ELYTH:Volt:BRANCH1	GAME_PROPOSAL
ELY_0133	ELY_0132	ELYTH:Volt:BRANCH2	GAME_PROPOSAL
ELY_0140	ELY_0139	ELYTH:Volt:BRANCH3	GAME_PROPOSAL
ELY_0127	ELY_0126	ELYTH:Volt:BRANCH1	GAME_PROPOSAL
ELY_0134	ELY_0133	ELYTH:Volt:BRANCH2	GAME_PROPOSAL
ELY_0141		ELYTH:Ferron:BRANCH1	GAME_PROPOSAL
ELY_0148		ELYTH:Ferron:BRANCH2	GAME_PROPOSAL
ELY_0155		ELYTH:Ferron:BRANCH3	GAME_PROPOSAL
ELY_0142	ELY_0141	ELYTH:Ferron:BRANCH1	GAME_PROPOSAL
ELY_0149	ELY_0148	ELYTH:Ferron:BRANCH2	GAME_PROPOSAL
ELY_0156	ELY_0155	ELYTH:Ferron:BRANCH3	GAME_PROPOSAL
ELY_0143	ELY_0142	ELYTH:Ferron:BRANCH1	GAME_PROPOSAL
ELY_0150	ELY_0149	ELYTH:Ferron:BRANCH2	GAME_PROPOSAL
ELY_0157	ELY_0156	ELYTH:Ferron:BRANCH3	GAME_PROPOSAL
ELY_0144	ELY_0143	ELYTH:Ferron:BRANCH1	GAME_PROPOSAL
ELY_0151	ELY_0150	ELYTH:Ferron:BRANCH2	GAME_PROPOSAL
ELY_0158	ELY_0157	ELYTH:Ferron:BRANCH3	GAME_PROPOSAL
ELY_0145	ELY_0144	ELYTH:Ferron:BRANCH1	GAME_PROPOSAL
ELY_0152	ELY_0151	ELYTH:Ferron:BRANCH2	GAME_PROPOSAL
ELY_0159	ELY_0158	ELYTH:Ferron:BRANCH3	GAME_PROPOSAL
ELY_0146	ELY_0145	ELYTH:Ferron:BRANCH1	GAME_PROPOSAL
ELY_0153	ELY_0152	ELYTH:Ferron:BRANCH2	GAME_PROPOSAL
ELY_0160	ELY_0159	ELYTH:Ferron:BRANCH3	GAME_PROPOSAL
ELY_0147	ELY_0146	ELYTH:Ferron:BRANCH1	GAME_PROPOSAL
ELY_0154	ELY_0153	ELYTH:Ferron:BRANCH2	GAME_PROPOSAL
ELY_0161		ELYTH:Arbor:BRANCH1	GAME_PROPOSAL
ELY_0168		ELYTH:Arbor:BRANCH2	GAME_PROPOSAL
ELY_0175		ELYTH:Arbor:BRANCH3	GAME_PROPOSAL
ELY_0162	ELY_0161	ELYTH:Arbor:BRANCH1	GAME_PROPOSAL
ELY_0169	ELY_0168	ELYTH:Arbor:BRANCH2	GAME_PROPOSAL
ELY_0176	ELY_0175	ELYTH:Arbor:BRANCH3	GAME_PROPOSAL
ELY_0163	ELY_0162	ELYTH:Arbor:BRANCH1	GAME_PROPOSAL
ELY_0170	ELY_0169	ELYTH:Arbor:BRANCH2	GAME_PROPOSAL
ELY_0177	ELY_0176	ELYTH:Arbor:BRANCH3	GAME_PROPOSAL
ELY_0164	ELY_0163	ELYTH:Arbor:BRANCH1	GAME_PROPOSAL
ELY_0171	ELY_0170	ELYTH:Arbor:BRANCH2	GAME_PROPOSAL
ELY_0178	ELY_0177	ELYTH:Arbor:BRANCH3	GAME_PROPOSAL
ELY_0165	ELY_0164	ELYTH:Arbor:BRANCH1	GAME_PROPOSAL
ELY_0172	ELY_0171	ELYTH:Arbor:BRANCH2	GAME_PROPOSAL
ELY_0179	ELY_0178	ELYTH:Arbor:BRANCH3	GAME_PROPOSAL
ELY_0166	ELY_0165	ELYTH:Arbor:BRANCH1	GAME_PROPOSAL
ELY_0173	ELY_0172	ELYTH:Arbor:BRANCH2	GAME_PROPOSAL
ELY_0180	ELY_0179	ELYTH:Arbor:BRANCH3	GAME_PROPOSAL
ELY_0167	ELY_0166	ELYTH:Arbor:BRANCH1	GAME_PROPOSAL
ELY_0174	ELY_0173	ELYTH:Arbor:BRANCH2	GAME_PROPOSAL
ELY_0181		ELYTH:Sangre:BRANCH1	GAME_PROPOSAL
ELY_0188		ELYTH:Sangre:BRANCH2	GAME_PROPOSAL
ELY_0195		ELYTH:Sangre:BRANCH3	GAME_PROPOSAL
ELY_0182	ELY_0181	ELYTH:Sangre:BRANCH1	GAME_PROPOSAL
ELY_0189	ELY_0188	ELYTH:Sangre:BRANCH2	GAME_PROPOSAL
ELY_0196	ELY_0195	ELYTH:Sangre:BRANCH3	GAME_PROPOSAL
ELY_0183	ELY_0182	ELYTH:Sangre:BRANCH1	GAME_PROPOSAL
ELY_0190	ELY_0189	ELYTH:Sangre:BRANCH2	GAME_PROPOSAL
ELY_0197	ELY_0196	ELYTH:Sangre:BRANCH3	GAME_PROPOSAL
ELY_0184	ELY_0183	ELYTH:Sangre:BRANCH1	GAME_PROPOSAL
ELY_0191	ELY_0190	ELYTH:Sangre:BRANCH2	GAME_PROPOSAL
ELY_0198	ELY_0197	ELYTH:Sangre:BRANCH3	GAME_PROPOSAL
ELY_0185	ELY_0184	ELYTH:Sangre:BRANCH1	GAME_PROPOSAL
ELY_0192	ELY_0191	ELYTH:Sangre:BRANCH2	GAME_PROPOSAL
ELY_0199	ELY_0198	ELYTH:Sangre:BRANCH3	GAME_PROPOSAL
ELY_0186	ELY_0185	ELYTH:Sangre:BRANCH1	GAME_PROPOSAL
ELY_0193	ELY_0192	ELYTH:Sangre:BRANCH2	GAME_PROPOSAL
ELY_0200	ELY_0199	ELYTH:Sangre:BRANCH3	GAME_PROPOSAL
ELY_0187	ELY_0186	ELYTH:Sangre:BRANCH1	GAME_PROPOSAL
ELY_0194	ELY_0193	ELYTH:Sangre:BRANCH2	GAME_PROPOSAL
ELY_0201		ELYTH:Glacis:BRANCH1	GAME_PROPOSAL
ELY_0208		ELYTH:Glacis:BRANCH2	GAME_PROPOSAL
ELY_0215		ELYTH:Glacis:BRANCH3	GAME_PROPOSAL
ELY_0202	ELY_0201	ELYTH:Glacis:BRANCH1	GAME_PROPOSAL
ELY_0209	ELY_0208	ELYTH:Glacis:BRANCH2	GAME_PROPOSAL
ELY_0216	ELY_0215	ELYTH:Glacis:BRANCH3	GAME_PROPOSAL
ELY_0203	ELY_0202	ELYTH:Glacis:BRANCH1	GAME_PROPOSAL
ELY_0210	ELY_0209	ELYTH:Glacis:BRANCH2	GAME_PROPOSAL
ELY_0217	ELY_0216	ELYTH:Glacis:BRANCH3	GAME_PROPOSAL
ELY_0204	ELY_0203	ELYTH:Glacis:BRANCH1	GAME_PROPOSAL
ELY_0211	ELY_0210	ELYTH:Glacis:BRANCH2	GAME_PROPOSAL
ELY_0218	ELY_0217	ELYTH:Glacis:BRANCH3	GAME_PROPOSAL
ELY_0205	ELY_0204	ELYTH:Glacis:BRANCH1	GAME_PROPOSAL
ELY_0212	ELY_0211	ELYTH:Glacis:BRANCH2	GAME_PROPOSAL
ELY_0219	ELY_0218	ELYTH:Glacis:BRANCH3	GAME_PROPOSAL
ELY_0206	ELY_0205	ELYTH:Glacis:BRANCH1	GAME_PROPOSAL
ELY_0213	ELY_0212	ELYTH:Glacis:BRANCH2	GAME_PROPOSAL
ELY_0220	ELY_0219	ELYTH:Glacis:BRANCH3	GAME_PROPOSAL
ELY_0207	ELY_0206	ELYTH:Glacis:BRANCH1	GAME_PROPOSAL
ELY_0214	ELY_0213	ELYTH:Glacis:BRANCH2	GAME_PROPOSAL
ELY_0221		ELYTH:Aether:BRANCH1	GAME_PROPOSAL
ELY_0228		ELYTH:Aether:BRANCH2	GAME_PROPOSAL
ELY_0235		ELYTH:Aether:BRANCH3	GAME_PROPOSAL
ELY_0222	ELY_0221	ELYTH:Aether:BRANCH1	GAME_PROPOSAL
ELY_0229	ELY_0228	ELYTH:Aether:BRANCH2	GAME_PROPOSAL
ELY_0236	ELY_0235	ELYTH:Aether:BRANCH3	GAME_PROPOSAL
ELY_0223	ELY_0222	ELYTH:Aether:BRANCH1	GAME_PROPOSAL
ELY_0230	ELY_0229	ELYTH:Aether:BRANCH2	GAME_PROPOSAL
ELY_0237	ELY_0236	ELYTH:Aether:BRANCH3	GAME_PROPOSAL
ELY_0224	ELY_0223	ELYTH:Aether:BRANCH1	GAME_PROPOSAL
ELY_0231	ELY_0230	ELYTH:Aether:BRANCH2	GAME_PROPOSAL
ELY_0238	ELY_0237	ELYTH:Aether:BRANCH3	GAME_PROPOSAL
ELY_0225	ELY_0224	ELYTH:Aether:BRANCH1	GAME_PROPOSAL
ELY_0232	ELY_0231	ELYTH:Aether:BRANCH2	GAME_PROPOSAL
ELY_0239	ELY_0238	ELYTH:Aether:BRANCH3	GAME_PROPOSAL
ELY_0226	ELY_0225	ELYTH:Aether:BRANCH1	GAME_PROPOSAL
ELY_0233	ELY_0232	ELYTH:Aether:BRANCH2	GAME_PROPOSAL
ELY_0240	ELY_0239	ELYTH:Aether:BRANCH3	GAME_PROPOSAL
ELY_0227	ELY_0226	ELYTH:Aether:BRANCH1	GAME_PROPOSAL
ELY_0234	ELY_0233	ELYTH:Aether:BRANCH2	GAME_PROPOSAL
ELY_0241		ELYTH:Claym:BRANCH1	GAME_PROPOSAL
ELY_0248		ELYTH:Claym:BRANCH2	GAME_PROPOSAL
ELY_0255		ELYTH:Claym:BRANCH3	GAME_PROPOSAL
ELY_0242	ELY_0241	ELYTH:Claym:BRANCH1	GAME_PROPOSAL
ELY_0249	ELY_0248	ELYTH:Claym:BRANCH2	GAME_PROPOSAL
ELY_0256	ELY_0255	ELYTH:Claym:BRANCH3	GAME_PROPOSAL
ELY_0243	ELY_0242	ELYTH:Claym:BRANCH1	GAME_PROPOSAL
ELY_0250	ELY_0249	ELYTH:Claym:BRANCH2	GAME_PROPOSAL
ELY_0257	ELY_0256	ELYTH:Claym:BRANCH3	GAME_PROPOSAL
ELY_0244	ELY_0243	ELYTH:Claym:BRANCH1	GAME_PROPOSAL
ELY_0251	ELY_0250	ELYTH:Claym:BRANCH2	GAME_PROPOSAL
ELY_0258	ELY_0257	ELYTH:Claym:BRANCH3	GAME_PROPOSAL
ELY_0245	ELY_0244	ELYTH:Claym:BRANCH1	GAME_PROPOSAL
ELY_0252	ELY_0251	ELYTH:Claym:BRANCH2	GAME_PROPOSAL
ELY_0259	ELY_0258	ELYTH:Claym:BRANCH3	GAME_PROPOSAL
ELY_0246	ELY_0245	ELYTH:Claym:BRANCH1	GAME_PROPOSAL
ELY_0253	ELY_0252	ELYTH:Claym:BRANCH2	GAME_PROPOSAL
ELY_0260	ELY_0259	ELYTH:Claym:BRANCH3	GAME_PROPOSAL
ELY_0247	ELY_0246	ELYTH:Claym:BRANCH1	GAME_PROPOSAL
ELY_0254	ELY_0253	ELYTH:Claym:BRANCH2	GAME_PROPOSAL
ELY_0261		ELYTH:Gale:BRANCH1	GAME_PROPOSAL
ELY_0268		ELYTH:Gale:BRANCH2	GAME_PROPOSAL
ELY_0275		ELYTH:Gale:BRANCH3	GAME_PROPOSAL
ELY_0262	ELY_0261	ELYTH:Gale:BRANCH1	GAME_PROPOSAL
ELY_0269	ELY_0268	ELYTH:Gale:BRANCH2	GAME_PROPOSAL
ELY_0276	ELY_0275	ELYTH:Gale:BRANCH3	GAME_PROPOSAL
ELY_0263	ELY_0262	ELYTH:Gale:BRANCH1	GAME_PROPOSAL
ELY_0270	ELY_0269	ELYTH:Gale:BRANCH2	GAME_PROPOSAL
ELY_0277	ELY_0276	ELYTH:Gale:BRANCH3	GAME_PROPOSAL
ELY_0264	ELY_0263	ELYTH:Gale:BRANCH1	GAME_PROPOSAL
ELY_0271	ELY_0270	ELYTH:Gale:BRANCH2	GAME_PROPOSAL
ELY_0278	ELY_0277	ELYTH:Gale:BRANCH3	GAME_PROPOSAL
ELY_0265	ELY_0264	ELYTH:Gale:BRANCH1	GAME_PROPOSAL
ELY_0272	ELY_0271	ELYTH:Gale:BRANCH2	GAME_PROPOSAL
ELY_0279	ELY_0278	ELYTH:Gale:BRANCH3	GAME_PROPOSAL
ELY_0266	ELY_0265	ELYTH:Gale:BRANCH1	GAME_PROPOSAL
ELY_0273	ELY_0272	ELYTH:Gale:BRANCH2	GAME_PROPOSAL
ELY_0280	ELY_0279	ELYTH:Gale:BRANCH3	GAME_PROPOSAL
ELY_0267	ELY_0266	ELYTH:Gale:BRANCH1	GAME_PROPOSAL
ELY_0274	ELY_0273	ELYTH:Gale:BRANCH2	GAME_PROPOSAL
ELY_0281		ELYTH:Mist:BRANCH1	GAME_PROPOSAL
ELY_0288		ELYTH:Mist:BRANCH2	GAME_PROPOSAL
ELY_0295		ELYTH:Mist:BRANCH3	GAME_PROPOSAL
ELY_0282	ELY_0281	ELYTH:Mist:BRANCH1	GAME_PROPOSAL
ELY_0289	ELY_0288	ELYTH:Mist:BRANCH2	GAME_PROPOSAL
ELY_0296	ELY_0295	ELYTH:Mist:BRANCH3	GAME_PROPOSAL
ELY_0283	ELY_0282	ELYTH:Mist:BRANCH1	GAME_PROPOSAL
ELY_0290	ELY_0289	ELYTH:Mist:BRANCH2	GAME_PROPOSAL
ELY_0297	ELY_0296	ELYTH:Mist:BRANCH3	GAME_PROPOSAL
ELY_0284	ELY_0283	ELYTH:Mist:BRANCH1	GAME_PROPOSAL
ELY_0291	ELY_0290	ELYTH:Mist:BRANCH2	GAME_PROPOSAL
ELY_0298	ELY_0297	ELYTH:Mist:BRANCH3	GAME_PROPOSAL
ELY_0285	ELY_0284	ELYTH:Mist:BRANCH1	GAME_PROPOSAL
ELY_0292	ELY_0291	ELYTH:Mist:BRANCH2	GAME_PROPOSAL
ELY_0299	ELY_0298	ELYTH:Mist:BRANCH3	GAME_PROPOSAL
ELY_0286	ELY_0285	ELYTH:Mist:BRANCH1	GAME_PROPOSAL
ELY_0293	ELY_0292	ELYTH:Mist:BRANCH2	GAME_PROPOSAL
ELY_0300	ELY_0299	ELYTH:Mist:BRANCH3	GAME_PROPOSAL
ELY_0287	ELY_0286	ELYTH:Mist:BRANCH1	GAME_PROPOSAL
ELY_0294	ELY_0293	ELYTH:Mist:BRANCH2	GAME_PROPOSAL
ELY_0301		ELYTH:Solar:BRANCH1	GAME_PROPOSAL
ELY_0308		ELYTH:Solar:BRANCH2	GAME_PROPOSAL
ELY_0315		ELYTH:Solar:BRANCH3	GAME_PROPOSAL
ELY_0302	ELY_0301	ELYTH:Solar:BRANCH1	GAME_PROPOSAL
ELY_0309	ELY_0308	ELYTH:Solar:BRANCH2	GAME_PROPOSAL
ELY_0316	ELY_0315	ELYTH:Solar:BRANCH3	GAME_PROPOSAL
ELY_0303	ELY_0302	ELYTH:Solar:BRANCH1	GAME_PROPOSAL
ELY_0310	ELY_0309	ELYTH:Solar:BRANCH2	GAME_PROPOSAL
ELY_0317	ELY_0316	ELYTH:Solar:BRANCH3	GAME_PROPOSAL
ELY_0304	ELY_0303	ELYTH:Solar:BRANCH1	GAME_PROPOSAL
ELY_0311	ELY_0310	ELYTH:Solar:BRANCH2	GAME_PROPOSAL
ELY_0318	ELY_0317	ELYTH:Solar:BRANCH3	GAME_PROPOSAL
ELY_0305	ELY_0304	ELYTH:Solar:BRANCH1	GAME_PROPOSAL
ELY_0312	ELY_0311	ELYTH:Solar:BRANCH2	GAME_PROPOSAL
ELY_0319	ELY_0318	ELYTH:Solar:BRANCH3	GAME_PROPOSAL
ELY_0306	ELY_0305	ELYTH:Solar:BRANCH1	GAME_PROPOSAL
ELY_0313	ELY_0312	ELYTH:Solar:BRANCH2	GAME_PROPOSAL
ELY_0320	ELY_0319	ELYTH:Solar:BRANCH3	GAME_PROPOSAL
ELY_0307	ELY_0306	ELYTH:Solar:BRANCH1	GAME_PROPOSAL
ELY_0314	ELY_0313	ELYTH:Solar:BRANCH2	GAME_PROPOSAL
ELY_0321		ELYTH:Gravon:BRANCH1	GAME_PROPOSAL
ELY_0328		ELYTH:Gravon:BRANCH2	GAME_PROPOSAL
ELY_0335		ELYTH:Gravon:BRANCH3	GAME_PROPOSAL
ELY_0322	ELY_0321	ELYTH:Gravon:BRANCH1	GAME_PROPOSAL
ELY_0329	ELY_0328	ELYTH:Gravon:BRANCH2	GAME_PROPOSAL
ELY_0336	ELY_0335	ELYTH:Gravon:BRANCH3	GAME_PROPOSAL
ELY_0323	ELY_0322	ELYTH:Gravon:BRANCH1	GAME_PROPOSAL
ELY_0330	ELY_0329	ELYTH:Gravon:BRANCH2	GAME_PROPOSAL
ELY_0337	ELY_0336	ELYTH:Gravon:BRANCH3	GAME_PROPOSAL
ELY_0324	ELY_0323	ELYTH:Gravon:BRANCH1	GAME_PROPOSAL
ELY_0331	ELY_0330	ELYTH:Gravon:BRANCH2	GAME_PROPOSAL
ELY_0338	ELY_0337	ELYTH:Gravon:BRANCH3	GAME_PROPOSAL
ELY_0325	ELY_0324	ELYTH:Gravon:BRANCH1	GAME_PROPOSAL
ELY_0332	ELY_0331	ELYTH:Gravon:BRANCH2	GAME_PROPOSAL
ELY_0339	ELY_0338	ELYTH:Gravon:BRANCH3	GAME_PROPOSAL
ELY_0326	ELY_0325	ELYTH:Gravon:BRANCH1	GAME_PROPOSAL
ELY_0333	ELY_0332	ELYTH:Gravon:BRANCH2	GAME_PROPOSAL
ELY_0340	ELY_0339	ELYTH:Gravon:BRANCH3	GAME_PROPOSAL
ELY_0327	ELY_0326	ELYTH:Gravon:BRANCH1	GAME_PROPOSAL
ELY_0334	ELY_0333	ELYTH:Gravon:BRANCH2	GAME_PROPOSAL
ELY_0341		ELYTH:Chrona:BRANCH1	GAME_PROPOSAL
ELY_0348		ELYTH:Chrona:BRANCH2	GAME_PROPOSAL
ELY_0355		ELYTH:Chrona:BRANCH3	GAME_PROPOSAL
ELY_0342	ELY_0341	ELYTH:Chrona:BRANCH1	GAME_PROPOSAL
ELY_0349	ELY_0348	ELYTH:Chrona:BRANCH2	GAME_PROPOSAL
ELY_0356	ELY_0355	ELYTH:Chrona:BRANCH3	GAME_PROPOSAL
ELY_0343	ELY_0342	ELYTH:Chrona:BRANCH1	GAME_PROPOSAL
ELY_0350	ELY_0349	ELYTH:Chrona:BRANCH2	GAME_PROPOSAL
ELY_0357	ELY_0356	ELYTH:Chrona:BRANCH3	GAME_PROPOSAL
ELY_0344	ELY_0343	ELYTH:Chrona:BRANCH1	GAME_PROPOSAL
ELY_0351	ELY_0350	ELYTH:Chrona:BRANCH2	GAME_PROPOSAL
ELY_0358	ELY_0357	ELYTH:Chrona:BRANCH3	GAME_PROPOSAL
ELY_0345	ELY_0344	ELYTH:Chrona:BRANCH1	GAME_PROPOSAL
ELY_0352	ELY_0351	ELYTH:Chrona:BRANCH2	GAME_PROPOSAL
ELY_0359	ELY_0358	ELYTH:Chrona:BRANCH3	GAME_PROPOSAL
ELY_0346	ELY_0345	ELYTH:Chrona:BRANCH1	GAME_PROPOSAL
ELY_0353	ELY_0352	ELYTH:Chrona:BRANCH2	GAME_PROPOSAL
ELY_0360	ELY_0359	ELYTH:Chrona:BRANCH3	GAME_PROPOSAL
ELY_0347	ELY_0346	ELYTH:Chrona:BRANCH1	GAME_PROPOSAL
ELY_0354	ELY_0353	ELYTH:Chrona:BRANCH2	GAME_PROPOSAL
ELY_0361		ELYTH:Stone:BRANCH1	GAME_PROPOSAL
ELY_0368		ELYTH:Stone:BRANCH2	GAME_PROPOSAL
ELY_0375		ELYTH:Stone:BRANCH3	GAME_PROPOSAL
ELY_0362	ELY_0361	ELYTH:Stone:BRANCH1	GAME_PROPOSAL
ELY_0369	ELY_0368	ELYTH:Stone:BRANCH2	GAME_PROPOSAL
ELY_0376	ELY_0375	ELYTH:Stone:BRANCH3	GAME_PROPOSAL
ELY_0363	ELY_0362	ELYTH:Stone:BRANCH1	GAME_PROPOSAL
ELY_0370	ELY_0369	ELYTH:Stone:BRANCH2	GAME_PROPOSAL
ELY_0377	ELY_0376	ELYTH:Stone:BRANCH3	GAME_PROPOSAL
ELY_0364	ELY_0363	ELYTH:Stone:BRANCH1	GAME_PROPOSAL
ELY_0371	ELY_0370	ELYTH:Stone:BRANCH2	GAME_PROPOSAL
ELY_0378	ELY_0377	ELYTH:Stone:BRANCH3	GAME_PROPOSAL
ELY_0365	ELY_0364	ELYTH:Stone:BRANCH1	GAME_PROPOSAL
ELY_0372	ELY_0371	ELYTH:Stone:BRANCH2	GAME_PROPOSAL
ELY_0379	ELY_0378	ELYTH:Stone:BRANCH3	GAME_PROPOSAL
ELY_0366	ELY_0365	ELYTH:Stone:BRANCH1	GAME_PROPOSAL
ELY_0373	ELY_0372	ELYTH:Stone:BRANCH2	GAME_PROPOSAL
ELY_0380	ELY_0379	ELYTH:Stone:BRANCH3	GAME_PROPOSAL
ELY_0367	ELY_0366	ELYTH:Stone:BRANCH1	GAME_PROPOSAL
ELY_0374	ELY_0373	ELYTH:Stone:BRANCH2	GAME_PROPOSAL
ELY_0381		ELYTH:Fungal:BRANCH1	GAME_PROPOSAL
ELY_0388		ELYTH:Fungal:BRANCH2	GAME_PROPOSAL
ELY_0395		ELYTH:Fungal:BRANCH3	GAME_PROPOSAL
ELY_0382	ELY_0381	ELYTH:Fungal:BRANCH1	GAME_PROPOSAL
ELY_0389	ELY_0388	ELYTH:Fungal:BRANCH2	GAME_PROPOSAL
ELY_0396	ELY_0395	ELYTH:Fungal:BRANCH3	GAME_PROPOSAL
ELY_0383	ELY_0382	ELYTH:Fungal:BRANCH1	GAME_PROPOSAL
ELY_0390	ELY_0389	ELYTH:Fungal:BRANCH2	GAME_PROPOSAL
ELY_0397	ELY_0396	ELYTH:Fungal:BRANCH3	GAME_PROPOSAL
ELY_0384	ELY_0383	ELYTH:Fungal:BRANCH1	GAME_PROPOSAL
ELY_0391	ELY_0390	ELYTH:Fungal:BRANCH2	GAME_PROPOSAL
ELY_0398	ELY_0397	ELYTH:Fungal:BRANCH3	GAME_PROPOSAL
ELY_0385	ELY_0384	ELYTH:Fungal:BRANCH1	GAME_PROPOSAL
ELY_0392	ELY_0391	ELYTH:Fungal:BRANCH2	GAME_PROPOSAL
ELY_0399	ELY_0398	ELYTH:Fungal:BRANCH3	GAME_PROPOSAL
ELY_0386	ELY_0385	ELYTH:Fungal:BRANCH1	GAME_PROPOSAL
ELY_0393	ELY_0392	ELYTH:Fungal:BRANCH2	GAME_PROPOSAL
ELY_0400	ELY_0399	ELYTH:Fungal:BRANCH3	GAME_PROPOSAL
ELY_0387	ELY_0386	ELYTH:Fungal:BRANCH1	GAME_PROPOSAL
ELY_0394	ELY_0393	ELYTH:Fungal:BRANCH2	GAME_PROPOSAL
ELY_0401		ELYTH:Tide:BRANCH1	GAME_PROPOSAL
ELY_0408		ELYTH:Tide:BRANCH2	GAME_PROPOSAL
ELY_0415		ELYTH:Tide:BRANCH3	GAME_PROPOSAL
ELY_0402	ELY_0401	ELYTH:Tide:BRANCH1	GAME_PROPOSAL
ELY_0409	ELY_0408	ELYTH:Tide:BRANCH2	GAME_PROPOSAL
ELY_0416	ELY_0415	ELYTH:Tide:BRANCH3	GAME_PROPOSAL
ELY_0403	ELY_0402	ELYTH:Tide:BRANCH1	GAME_PROPOSAL
ELY_0410	ELY_0409	ELYTH:Tide:BRANCH2	GAME_PROPOSAL
ELY_0417	ELY_0416	ELYTH:Tide:BRANCH3	GAME_PROPOSAL
ELY_0404	ELY_0403	ELYTH:Tide:BRANCH1	GAME_PROPOSAL
ELY_0411	ELY_0410	ELYTH:Tide:BRANCH2	GAME_PROPOSAL
ELY_0418	ELY_0417	ELYTH:Tide:BRANCH3	GAME_PROPOSAL
ELY_0405	ELY_0404	ELYTH:Tide:BRANCH1	GAME_PROPOSAL
ELY_0412	ELY_0411	ELYTH:Tide:BRANCH2	GAME_PROPOSAL
ELY_0419	ELY_0418	ELYTH:Tide:BRANCH3	GAME_PROPOSAL
ELY_0406	ELY_0405	ELYTH:Tide:BRANCH1	GAME_PROPOSAL
ELY_0413	ELY_0412	ELYTH:Tide:BRANCH2	GAME_PROPOSAL
ELY_0420	ELY_0419	ELYTH:Tide:BRANCH3	GAME_PROPOSAL
ELY_0407	ELY_0406	ELYTH:Tide:BRANCH1	GAME_PROPOSAL
ELY_0414	ELY_0413	ELYTH:Tide:BRANCH2	GAME_PROPOSAL
ELY_0421		ELYTH:Ember:BRANCH1	GAME_PROPOSAL
ELY_0428		ELYTH:Ember:BRANCH2	GAME_PROPOSAL
ELY_0435		ELYTH:Ember:BRANCH3	GAME_PROPOSAL
ELY_0422	ELY_0421	ELYTH:Ember:BRANCH1	GAME_PROPOSAL
ELY_0429	ELY_0428	ELYTH:Ember:BRANCH2	GAME_PROPOSAL
ELY_0436	ELY_0435	ELYTH:Ember:BRANCH3	GAME_PROPOSAL
ELY_0423	ELY_0422	ELYTH:Ember:BRANCH1	GAME_PROPOSAL
ELY_0430	ELY_0429	ELYTH:Ember:BRANCH2	GAME_PROPOSAL
ELY_0437	ELY_0436	ELYTH:Ember:BRANCH3	GAME_PROPOSAL
ELY_0424	ELY_0423	ELYTH:Ember:BRANCH1	GAME_PROPOSAL
ELY_0431	ELY_0430	ELYTH:Ember:BRANCH2	GAME_PROPOSAL
ELY_0438	ELY_0437	ELYTH:Ember:BRANCH3	GAME_PROPOSAL
ELY_0425	ELY_0424	ELYTH:Ember:BRANCH1	GAME_PROPOSAL
ELY_0432	ELY_0431	ELYTH:Ember:BRANCH2	GAME_PROPOSAL
ELY_0439	ELY_0438	ELYTH:Ember:BRANCH3	GAME_PROPOSAL
ELY_0426	ELY_0425	ELYTH:Ember:BRANCH1	GAME_PROPOSAL
ELY_0433	ELY_0432	ELYTH:Ember:BRANCH2	GAME_PROPOSAL
ELY_0440	ELY_0439	ELYTH:Ember:BRANCH3	GAME_PROPOSAL
ELY_0427	ELY_0426	ELYTH:Ember:BRANCH1	GAME_PROPOSAL
ELY_0434	ELY_0433	ELYTH:Ember:BRANCH2	GAME_PROPOSAL
ELY_0441		ELYTH:Void:BRANCH1	GAME_PROPOSAL
ELY_0448		ELYTH:Void:BRANCH2	GAME_PROPOSAL
ELY_0455		ELYTH:Void:BRANCH3	GAME_PROPOSAL
ELY_0442	ELY_0441	ELYTH:Void:BRANCH1	GAME_PROPOSAL
ELY_0449	ELY_0448	ELYTH:Void:BRANCH2	GAME_PROPOSAL
ELY_0456	ELY_0455	ELYTH:Void:BRANCH3	GAME_PROPOSAL
ELY_0443	ELY_0442	ELYTH:Void:BRANCH1	GAME_PROPOSAL
ELY_0450	ELY_0449	ELYTH:Void:BRANCH2	GAME_PROPOSAL
ELY_0457	ELY_0456	ELYTH:Void:BRANCH3	GAME_PROPOSAL
ELY_0444	ELY_0443	ELYTH:Void:BRANCH1	GAME_PROPOSAL
ELY_0451	ELY_0450	ELYTH:Void:BRANCH2	GAME_PROPOSAL
ELY_0458	ELY_0457	ELYTH:Void:BRANCH3	GAME_PROPOSAL
ELY_0445	ELY_0444	ELYTH:Void:BRANCH1	GAME_PROPOSAL
ELY_0452	ELY_0451	ELYTH:Void:BRANCH2	GAME_PROPOSAL
ELY_0459	ELY_0458	ELYTH:Void:BRANCH3	GAME_PROPOSAL
ELY_0446	ELY_0445	ELYTH:Void:BRANCH1	GAME_PROPOSAL
ELY_0453	ELY_0452	ELYTH:Void:BRANCH2	GAME_PROPOSAL
ELY_0460	ELY_0459	ELYTH:Void:BRANCH3	GAME_PROPOSAL
ELY_0447	ELY_0446	ELYTH:Void:BRANCH1	GAME_PROPOSAL
ELY_0454	ELY_0453	ELYTH:Void:BRANCH2	GAME_PROPOSAL
ELY_0461		ELYTH:Radiant:BRANCH1	GAME_PROPOSAL
ELY_0468		ELYTH:Radiant:BRANCH2	GAME_PROPOSAL
ELY_0475		ELYTH:Radiant:BRANCH3	GAME_PROPOSAL
ELY_0462	ELY_0461	ELYTH:Radiant:BRANCH1	GAME_PROPOSAL
ELY_0469	ELY_0468	ELYTH:Radiant:BRANCH2	GAME_PROPOSAL
ELY_0476	ELY_0475	ELYTH:Radiant:BRANCH3	GAME_PROPOSAL
ELY_0463	ELY_0462	ELYTH:Radiant:BRANCH1	GAME_PROPOSAL
ELY_0470	ELY_0469	ELYTH:Radiant:BRANCH2	GAME_PROPOSAL
ELY_0477	ELY_0476	ELYTH:Radiant:BRANCH3	GAME_PROPOSAL
ELY_0464	ELY_0463	ELYTH:Radiant:BRANCH1	GAME_PROPOSAL
ELY_0471	ELY_0470	ELYTH:Radiant:BRANCH2	GAME_PROPOSAL
ELY_0478	ELY_0477	ELYTH:Radiant:BRANCH3	GAME_PROPOSAL
ELY_0465	ELY_0464	ELYTH:Radiant:BRANCH1	GAME_PROPOSAL
ELY_0472	ELY_0471	ELYTH:Radiant:BRANCH2	GAME_PROPOSAL
ELY_0479	ELY_0478	ELYTH:Radiant:BRANCH3	GAME_PROPOSAL
ELY_0466	ELY_0465	ELYTH:Radiant:BRANCH1	GAME_PROPOSAL
ELY_0473	ELY_0472	ELYTH:Radiant:BRANCH2	GAME_PROPOSAL
ELY_0480	ELY_0479	ELYTH:Radiant:BRANCH3	GAME_PROPOSAL
ELY_0467	ELY_0466	ELYTH:Radiant:BRANCH1	GAME_PROPOSAL
ELY_0474	ELY_0473	ELYTH:Radiant:BRANCH2	GAME_PROPOSAL
ELY_0481		ELYTH:Rust:BRANCH1	GAME_PROPOSAL
ELY_0488		ELYTH:Rust:BRANCH2	GAME_PROPOSAL
ELY_0495		ELYTH:Rust:BRANCH3	GAME_PROPOSAL
ELY_0482	ELY_0481	ELYTH:Rust:BRANCH1	GAME_PROPOSAL
ELY_0489	ELY_0488	ELYTH:Rust:BRANCH2	GAME_PROPOSAL
ELY_0496	ELY_0495	ELYTH:Rust:BRANCH3	GAME_PROPOSAL
ELY_0483	ELY_0482	ELYTH:Rust:BRANCH1	GAME_PROPOSAL
ELY_0490	ELY_0489	ELYTH:Rust:BRANCH2	GAME_PROPOSAL
ELY_0497	ELY_0496	ELYTH:Rust:BRANCH3	GAME_PROPOSAL
ELY_0484	ELY_0483	ELYTH:Rust:BRANCH1	GAME_PROPOSAL
ELY_0491	ELY_0490	ELYTH:Rust:BRANCH2	GAME_PROPOSAL
ELY_0498	ELY_0497	ELYTH:Rust:BRANCH3	GAME_PROPOSAL
ELY_0485	ELY_0484	ELYTH:Rust:BRANCH1	GAME_PROPOSAL
ELY_0492	ELY_0491	ELYTH:Rust:BRANCH2	GAME_PROPOSAL
ELY_0499	ELY_0498	ELYTH:Rust:BRANCH3	GAME_PROPOSAL
ELY_0486	ELY_0485	ELYTH:Rust:BRANCH1	GAME_PROPOSAL
ELY_0493	ELY_0492	ELYTH:Rust:BRANCH2	GAME_PROPOSAL
ELY_0500	ELY_0499	ELYTH:Rust:BRANCH3	GAME_PROPOSAL
ELY_0487	ELY_0486	ELYTH:Rust:BRANCH1	GAME_PROPOSAL
ELY_0494	ELY_0493	ELYTH:Rust:BRANCH2	GAME_PROPOSAL
ELY_0501		ELYTH:Thorn:BRANCH1	GAME_PROPOSAL
ELY_0508		ELYTH:Thorn:BRANCH2	GAME_PROPOSAL
ELY_0515		ELYTH:Thorn:BRANCH3	GAME_PROPOSAL
ELY_0502	ELY_0501	ELYTH:Thorn:BRANCH1	GAME_PROPOSAL
ELY_0509	ELY_0508	ELYTH:Thorn:BRANCH2	GAME_PROPOSAL
ELY_0516	ELY_0515	ELYTH:Thorn:BRANCH3	GAME_PROPOSAL
ELY_0503	ELY_0502	ELYTH:Thorn:BRANCH1	GAME_PROPOSAL
ELY_0510	ELY_0509	ELYTH:Thorn:BRANCH2	GAME_PROPOSAL
ELY_0517	ELY_0516	ELYTH:Thorn:BRANCH3	GAME_PROPOSAL
ELY_0504	ELY_0503	ELYTH:Thorn:BRANCH1	GAME_PROPOSAL
ELY_0511	ELY_0510	ELYTH:Thorn:BRANCH2	GAME_PROPOSAL
ELY_0518	ELY_0517	ELYTH:Thorn:BRANCH3	GAME_PROPOSAL
ELY_0505	ELY_0504	ELYTH:Thorn:BRANCH1	GAME_PROPOSAL
ELY_0512	ELY_0511	ELYTH:Thorn:BRANCH2	GAME_PROPOSAL
ELY_0519	ELY_0518	ELYTH:Thorn:BRANCH3	GAME_PROPOSAL
ELY_0506	ELY_0505	ELYTH:Thorn:BRANCH1	GAME_PROPOSAL
ELY_0513	ELY_0512	ELYTH:Thorn:BRANCH2	GAME_PROPOSAL
ELY_0520	ELY_0519	ELYTH:Thorn:BRANCH3	GAME_PROPOSAL
ELY_0507	ELY_0506	ELYTH:Thorn:BRANCH1	GAME_PROPOSAL
ELY_0514	ELY_0513	ELYTH:Thorn:BRANCH2	GAME_PROPOSAL
ELY_0521		ELYTH:Frost:BRANCH1	GAME_PROPOSAL
ELY_0528		ELYTH:Frost:BRANCH2	GAME_PROPOSAL
ELY_0535		ELYTH:Frost:BRANCH3	GAME_PROPOSAL
ELY_0522	ELY_0521	ELYTH:Frost:BRANCH1	GAME_PROPOSAL
ELY_0529	ELY_0528	ELYTH:Frost:BRANCH2	GAME_PROPOSAL
ELY_0536	ELY_0535	ELYTH:Frost:BRANCH3	GAME_PROPOSAL
ELY_0523	ELY_0522	ELYTH:Frost:BRANCH1	GAME_PROPOSAL
ELY_0530	ELY_0529	ELYTH:Frost:BRANCH2	GAME_PROPOSAL
ELY_0537	ELY_0536	ELYTH:Frost:BRANCH3	GAME_PROPOSAL
ELY_0524	ELY_0523	ELYTH:Frost:BRANCH1	GAME_PROPOSAL
ELY_0531	ELY_0530	ELYTH:Frost:BRANCH2	GAME_PROPOSAL
ELY_0538	ELY_0537	ELYTH:Frost:BRANCH3	GAME_PROPOSAL
ELY_0525	ELY_0524	ELYTH:Frost:BRANCH1	GAME_PROPOSAL
ELY_0532	ELY_0531	ELYTH:Frost:BRANCH2	GAME_PROPOSAL
ELY_0539	ELY_0538	ELYTH:Frost:BRANCH3	GAME_PROPOSAL
ELY_0526	ELY_0525	ELYTH:Frost:BRANCH1	GAME_PROPOSAL
ELY_0533	ELY_0532	ELYTH:Frost:BRANCH2	GAME_PROPOSAL
ELY_0540	ELY_0539	ELYTH:Frost:BRANCH3	GAME_PROPOSAL
ELY_0527	ELY_0526	ELYTH:Frost:BRANCH1	GAME_PROPOSAL
ELY_0534	ELY_0533	ELYTH:Frost:BRANCH2	GAME_PROPOSAL
ELY_0541		ELYTH:Psion:BRANCH1	GAME_PROPOSAL
ELY_0548		ELYTH:Psion:BRANCH2	GAME_PROPOSAL
ELY_0555		ELYTH:Psion:BRANCH3	GAME_PROPOSAL
ELY_0542	ELY_0541	ELYTH:Psion:BRANCH1	GAME_PROPOSAL
ELY_0549	ELY_0548	ELYTH:Psion:BRANCH2	GAME_PROPOSAL
ELY_0556	ELY_0555	ELYTH:Psion:BRANCH3	GAME_PROPOSAL
ELY_0543	ELY_0542	ELYTH:Psion:BRANCH1	GAME_PROPOSAL
ELY_0550	ELY_0549	ELYTH:Psion:BRANCH2	GAME_PROPOSAL
ELY_0557	ELY_0556	ELYTH:Psion:BRANCH3	GAME_PROPOSAL
ELY_0544	ELY_0543	ELYTH:Psion:BRANCH1	GAME_PROPOSAL
ELY_0551	ELY_0550	ELYTH:Psion:BRANCH2	GAME_PROPOSAL
ELY_0558	ELY_0557	ELYTH:Psion:BRANCH3	GAME_PROPOSAL
ELY_0545	ELY_0544	ELYTH:Psion:BRANCH1	GAME_PROPOSAL
ELY_0552	ELY_0551	ELYTH:Psion:BRANCH2	GAME_PROPOSAL
ELY_0559	ELY_0558	ELYTH:Psion:BRANCH3	GAME_PROPOSAL
ELY_0546	ELY_0545	ELYTH:Psion:BRANCH1	GAME_PROPOSAL
ELY_0553	ELY_0552	ELYTH:Psion:BRANCH2	GAME_PROPOSAL
ELY_0560	ELY_0559	ELYTH:Psion:BRANCH3	GAME_PROPOSAL
ELY_0547	ELY_0546	ELYTH:Psion:BRANCH1	GAME_PROPOSAL
ELY_0554	ELY_0553	ELYTH:Psion:BRANCH2	GAME_PROPOSAL
ELY_0561		ELYTH:Ash:BRANCH1	GAME_PROPOSAL
ELY_0568		ELYTH:Ash:BRANCH2	GAME_PROPOSAL
ELY_0575		ELYTH:Ash:BRANCH3	GAME_PROPOSAL
ELY_0562	ELY_0561	ELYTH:Ash:BRANCH1	GAME_PROPOSAL
ELY_0569	ELY_0568	ELYTH:Ash:BRANCH2	GAME_PROPOSAL
ELY_0576	ELY_0575	ELYTH:Ash:BRANCH3	GAME_PROPOSAL
ELY_0563	ELY_0562	ELYTH:Ash:BRANCH1	GAME_PROPOSAL
ELY_0570	ELY_0569	ELYTH:Ash:BRANCH2	GAME_PROPOSAL
ELY_0577	ELY_0576	ELYTH:Ash:BRANCH3	GAME_PROPOSAL
ELY_0564	ELY_0563	ELYTH:Ash:BRANCH1	GAME_PROPOSAL
ELY_0571	ELY_0570	ELYTH:Ash:BRANCH2	GAME_PROPOSAL
ELY_0578	ELY_0577	ELYTH:Ash:BRANCH3	GAME_PROPOSAL
ELY_0565	ELY_0564	ELYTH:Ash:BRANCH1	GAME_PROPOSAL
ELY_0572	ELY_0571	ELYTH:Ash:BRANCH2	GAME_PROPOSAL
ELY_0579	ELY_0578	ELYTH:Ash:BRANCH3	GAME_PROPOSAL
ELY_0566	ELY_0565	ELYTH:Ash:BRANCH1	GAME_PROPOSAL
ELY_0573	ELY_0572	ELYTH:Ash:BRANCH2	GAME_PROPOSAL
ELY_0580	ELY_0579	ELYTH:Ash:BRANCH3	GAME_PROPOSAL
ELY_0567	ELY_0566	ELYTH:Ash:BRANCH1	GAME_PROPOSAL
ELY_0574	ELY_0573	ELYTH:Ash:BRANCH2	GAME_PROPOSAL
ELY_0581		ELYTH:Gild:BRANCH1	GAME_PROPOSAL
ELY_0588		ELYTH:Gild:BRANCH2	GAME_PROPOSAL
ELY_0595		ELYTH:Gild:BRANCH3	GAME_PROPOSAL
ELY_0582	ELY_0581	ELYTH:Gild:BRANCH1	GAME_PROPOSAL
ELY_0589	ELY_0588	ELYTH:Gild:BRANCH2	GAME_PROPOSAL
ELY_0596	ELY_0595	ELYTH:Gild:BRANCH3	GAME_PROPOSAL
ELY_0583	ELY_0582	ELYTH:Gild:BRANCH1	GAME_PROPOSAL
ELY_0590	ELY_0589	ELYTH:Gild:BRANCH2	GAME_PROPOSAL
ELY_0597	ELY_0596	ELYTH:Gild:BRANCH3	GAME_PROPOSAL
ELY_0584	ELY_0583	ELYTH:Gild:BRANCH1	GAME_PROPOSAL
ELY_0591	ELY_0590	ELYTH:Gild:BRANCH2	GAME_PROPOSAL
ELY_0598	ELY_0597	ELYTH:Gild:BRANCH3	GAME_PROPOSAL
ELY_0585	ELY_0584	ELYTH:Gild:BRANCH1	GAME_PROPOSAL
ELY_0592	ELY_0591	ELYTH:Gild:BRANCH2	GAME_PROPOSAL
ELY_0599	ELY_0598	ELYTH:Gild:BRANCH3	GAME_PROPOSAL
ELY_0586	ELY_0585	ELYTH:Gild:BRANCH1	GAME_PROPOSAL
ELY_0593	ELY_0592	ELYTH:Gild:BRANCH2	GAME_PROPOSAL
ELY_0600	ELY_0599	ELYTH:Gild:BRANCH3	GAME_PROPOSAL
ELY_0587	ELY_0586	ELYTH:Gild:BRANCH1	GAME_PROPOSAL
ELY_0594	ELY_0593	ELYTH:Gild:BRANCH2	GAME_PROPOSAL
ELY_0601		ELYTH:Quake:BRANCH1	GAME_PROPOSAL
ELY_0608		ELYTH:Quake:BRANCH2	GAME_PROPOSAL
ELY_0615		ELYTH:Quake:BRANCH3	GAME_PROPOSAL
ELY_0602	ELY_0601	ELYTH:Quake:BRANCH1	GAME_PROPOSAL
ELY_0609	ELY_0608	ELYTH:Quake:BRANCH2	GAME_PROPOSAL
ELY_0616	ELY_0615	ELYTH:Quake:BRANCH3	GAME_PROPOSAL
ELY_0603	ELY_0602	ELYTH:Quake:BRANCH1	GAME_PROPOSAL
ELY_0610	ELY_0609	ELYTH:Quake:BRANCH2	GAME_PROPOSAL
ELY_0617	ELY_0616	ELYTH:Quake:BRANCH3	GAME_PROPOSAL
ELY_0604	ELY_0603	ELYTH:Quake:BRANCH1	GAME_PROPOSAL
ELY_0611	ELY_0610	ELYTH:Quake:BRANCH2	GAME_PROPOSAL
ELY_0618	ELY_0617	ELYTH:Quake:BRANCH3	GAME_PROPOSAL
ELY_0605	ELY_0604	ELYTH:Quake:BRANCH1	GAME_PROPOSAL
ELY_0612	ELY_0611	ELYTH:Quake:BRANCH2	GAME_PROPOSAL
ELY_0619	ELY_0618	ELYTH:Quake:BRANCH3	GAME_PROPOSAL
ELY_0606	ELY_0605	ELYTH:Quake:BRANCH1	GAME_PROPOSAL
ELY_0613	ELY_0612	ELYTH:Quake:BRANCH2	GAME_PROPOSAL
ELY_0620	ELY_0619	ELYTH:Quake:BRANCH3	GAME_PROPOSAL
ELY_0607	ELY_0606	ELYTH:Quake:BRANCH1	GAME_PROPOSAL
ELY_0614	ELY_0613	ELYTH:Quake:BRANCH2	GAME_PROPOSAL
ELY_0621		ELYTH:Bloom:BRANCH1	GAME_PROPOSAL
ELY_0628		ELYTH:Bloom:BRANCH2	GAME_PROPOSAL
ELY_0635		ELYTH:Bloom:BRANCH3	GAME_PROPOSAL
ELY_0622	ELY_0621	ELYTH:Bloom:BRANCH1	GAME_PROPOSAL
ELY_0629	ELY_0628	ELYTH:Bloom:BRANCH2	GAME_PROPOSAL
ELY_0636	ELY_0635	ELYTH:Bloom:BRANCH3	GAME_PROPOSAL
ELY_0623	ELY_0622	ELYTH:Bloom:BRANCH1	GAME_PROPOSAL
ELY_0630	ELY_0629	ELYTH:Bloom:BRANCH2	GAME_PROPOSAL
ELY_0637	ELY_0636	ELYTH:Bloom:BRANCH3	GAME_PROPOSAL
ELY_0624	ELY_0623	ELYTH:Bloom:BRANCH1	GAME_PROPOSAL
ELY_0631	ELY_0630	ELYTH:Bloom:BRANCH2	GAME_PROPOSAL
ELY_0638	ELY_0637	ELYTH:Bloom:BRANCH3	GAME_PROPOSAL
ELY_0625	ELY_0624	ELYTH:Bloom:BRANCH1	GAME_PROPOSAL
ELY_0632	ELY_0631	ELYTH:Bloom:BRANCH2	GAME_PROPOSAL
ELY_0639	ELY_0638	ELYTH:Bloom:BRANCH3	GAME_PROPOSAL
ELY_0626	ELY_0625	ELYTH:Bloom:BRANCH1	GAME_PROPOSAL
ELY_0633	ELY_0632	ELYTH:Bloom:BRANCH2	GAME_PROPOSAL
ELY_0640	ELY_0639	ELYTH:Bloom:BRANCH3	GAME_PROPOSAL
ELY_0627	ELY_0626	ELYTH:Bloom:BRANCH1	GAME_PROPOSAL
ELY_0634	ELY_0633	ELYTH:Bloom:BRANCH2	GAME_PROPOSAL
ELY_0641		ELYTH:Sky:BRANCH1	GAME_PROPOSAL
ELY_0648		ELYTH:Sky:BRANCH2	GAME_PROPOSAL
ELY_0655		ELYTH:Sky:BRANCH3	GAME_PROPOSAL
ELY_0642	ELY_0641	ELYTH:Sky:BRANCH1	GAME_PROPOSAL
ELY_0649	ELY_0648	ELYTH:Sky:BRANCH2	GAME_PROPOSAL
ELY_0656	ELY_0655	ELYTH:Sky:BRANCH3	GAME_PROPOSAL
ELY_0643	ELY_0642	ELYTH:Sky:BRANCH1	GAME_PROPOSAL
ELY_0650	ELY_0649	ELYTH:Sky:BRANCH2	GAME_PROPOSAL
ELY_0657	ELY_0656	ELYTH:Sky:BRANCH3	GAME_PROPOSAL
ELY_0644	ELY_0643	ELYTH:Sky:BRANCH1	GAME_PROPOSAL
ELY_0651	ELY_0650	ELYTH:Sky:BRANCH2	GAME_PROPOSAL
ELY_0658	ELY_0657	ELYTH:Sky:BRANCH3	GAME_PROPOSAL
ELY_0645	ELY_0644	ELYTH:Sky:BRANCH1	GAME_PROPOSAL
ELY_0652	ELY_0651	ELYTH:Sky:BRANCH2	GAME_PROPOSAL
ELY_0659	ELY_0658	ELYTH:Sky:BRANCH3	GAME_PROPOSAL
ELY_0646	ELY_0645	ELYTH:Sky:BRANCH1	GAME_PROPOSAL
ELY_0653	ELY_0652	ELYTH:Sky:BRANCH2	GAME_PROPOSAL
ELY_0660	ELY_0659	ELYTH:Sky:BRANCH3	GAME_PROPOSAL
ELY_0647	ELY_0646	ELYTH:Sky:BRANCH1	GAME_PROPOSAL
ELY_0654	ELY_0653	ELYTH:Sky:BRANCH2	GAME_PROPOSAL
ELY_0661		ELYTH:Echo:BRANCH1	GAME_PROPOSAL
ELY_0668		ELYTH:Echo:BRANCH2	GAME_PROPOSAL
ELY_0675		ELYTH:Echo:BRANCH3	GAME_PROPOSAL
ELY_0662	ELY_0661	ELYTH:Echo:BRANCH1	GAME_PROPOSAL
ELY_0669	ELY_0668	ELYTH:Echo:BRANCH2	GAME_PROPOSAL
ELY_0676	ELY_0675	ELYTH:Echo:BRANCH3	GAME_PROPOSAL
ELY_0663	ELY_0662	ELYTH:Echo:BRANCH1	GAME_PROPOSAL
ELY_0670	ELY_0669	ELYTH:Echo:BRANCH2	GAME_PROPOSAL
ELY_0677	ELY_0676	ELYTH:Echo:BRANCH3	GAME_PROPOSAL
ELY_0664	ELY_0663	ELYTH:Echo:BRANCH1	GAME_PROPOSAL
ELY_0671	ELY_0670	ELYTH:Echo:BRANCH2	GAME_PROPOSAL
ELY_0678	ELY_0677	ELYTH:Echo:BRANCH3	GAME_PROPOSAL
ELY_0665	ELY_0664	ELYTH:Echo:BRANCH1	GAME_PROPOSAL
ELY_0672	ELY_0671	ELYTH:Echo:BRANCH2	GAME_PROPOSAL
ELY_0679	ELY_0678	ELYTH:Echo:BRANCH3	GAME_PROPOSAL
ELY_0666	ELY_0665	ELYTH:Echo:BRANCH1	GAME_PROPOSAL
ELY_0673	ELY_0672	ELYTH:Echo:BRANCH2	GAME_PROPOSAL
ELY_0680	ELY_0679	ELYTH:Echo:BRANCH3	GAME_PROPOSAL
ELY_0667	ELY_0666	ELYTH:Echo:BRANCH1	GAME_PROPOSAL
ELY_0674	ELY_0673	ELYTH:Echo:BRANCH2	GAME_PROPOSAL
ELY_0681		ELYTH:Root:BRANCH1	GAME_PROPOSAL
ELY_0688		ELYTH:Root:BRANCH2	GAME_PROPOSAL
ELY_0695		ELYTH:Root:BRANCH3	GAME_PROPOSAL
ELY_0682	ELY_0681	ELYTH:Root:BRANCH1	GAME_PROPOSAL
ELY_0689	ELY_0688	ELYTH:Root:BRANCH2	GAME_PROPOSAL
ELY_0696	ELY_0695	ELYTH:Root:BRANCH3	GAME_PROPOSAL
ELY_0683	ELY_0682	ELYTH:Root:BRANCH1	GAME_PROPOSAL
ELY_0690	ELY_0689	ELYTH:Root:BRANCH2	GAME_PROPOSAL
ELY_0697	ELY_0696	ELYTH:Root:BRANCH3	GAME_PROPOSAL
ELY_0684	ELY_0683	ELYTH:Root:BRANCH1	GAME_PROPOSAL
ELY_0691	ELY_0690	ELYTH:Root:BRANCH2	GAME_PROPOSAL
ELY_0698	ELY_0697	ELYTH:Root:BRANCH3	GAME_PROPOSAL
ELY_0685	ELY_0684	ELYTH:Root:BRANCH1	GAME_PROPOSAL
ELY_0692	ELY_0691	ELYTH:Root:BRANCH2	GAME_PROPOSAL
ELY_0699	ELY_0698	ELYTH:Root:BRANCH3	GAME_PROPOSAL
ELY_0686	ELY_0685	ELYTH:Root:BRANCH1	GAME_PROPOSAL
ELY_0693	ELY_0692	ELYTH:Root:BRANCH2	GAME_PROPOSAL
ELY_0700	ELY_0699	ELYTH:Root:BRANCH3	GAME_PROPOSAL
ELY_0687	ELY_0686	ELYTH:Root:BRANCH1	GAME_PROPOSAL
ELY_0694	ELY_0693	ELYTH:Root:BRANCH2	GAME_PROPOSAL
ELY_0701		ELYTH:Vine:BRANCH1	GAME_PROPOSAL
ELY_0708		ELYTH:Vine:BRANCH2	GAME_PROPOSAL
ELY_0715		ELYTH:Vine:BRANCH3	GAME_PROPOSAL
ELY_0702	ELY_0701	ELYTH:Vine:BRANCH1	GAME_PROPOSAL
ELY_0709	ELY_0708	ELYTH:Vine:BRANCH2	GAME_PROPOSAL
ELY_0716	ELY_0715	ELYTH:Vine:BRANCH3	GAME_PROPOSAL
ELY_0703	ELY_0702	ELYTH:Vine:BRANCH1	GAME_PROPOSAL
ELY_0710	ELY_0709	ELYTH:Vine:BRANCH2	GAME_PROPOSAL
ELY_0717	ELY_0716	ELYTH:Vine:BRANCH3	GAME_PROPOSAL
ELY_0704	ELY_0703	ELYTH:Vine:BRANCH1	GAME_PROPOSAL
ELY_0711	ELY_0710	ELYTH:Vine:BRANCH2	GAME_PROPOSAL
ELY_0718	ELY_0717	ELYTH:Vine:BRANCH3	GAME_PROPOSAL
ELY_0705	ELY_0704	ELYTH:Vine:BRANCH1	GAME_PROPOSAL
ELY_0712	ELY_0711	ELYTH:Vine:BRANCH2	GAME_PROPOSAL
ELY_0719	ELY_0718	ELYTH:Vine:BRANCH3	GAME_PROPOSAL
ELY_0706	ELY_0705	ELYTH:Vine:BRANCH1	GAME_PROPOSAL
ELY_0713	ELY_0712	ELYTH:Vine:BRANCH2	GAME_PROPOSAL
ELY_0720	ELY_0719	ELYTH:Vine:BRANCH3	GAME_PROPOSAL
ELY_0707	ELY_0706	ELYTH:Vine:BRANCH1	GAME_PROPOSAL
ELY_0714	ELY_0713	ELYTH:Vine:BRANCH2	GAME_PROPOSAL
ELY_0721		ELYTH:Brine:BRANCH1	GAME_PROPOSAL
ELY_0728		ELYTH:Brine:BRANCH2	GAME_PROPOSAL
ELY_0735		ELYTH:Brine:BRANCH3	GAME_PROPOSAL
ELY_0722	ELY_0721	ELYTH:Brine:BRANCH1	GAME_PROPOSAL
ELY_0729	ELY_0728	ELYTH:Brine:BRANCH2	GAME_PROPOSAL
ELY_0736	ELY_0735	ELYTH:Brine:BRANCH3	GAME_PROPOSAL
ELY_0723	ELY_0722	ELYTH:Brine:BRANCH1	GAME_PROPOSAL
ELY_0730	ELY_0729	ELYTH:Brine:BRANCH2	GAME_PROPOSAL
ELY_0737	ELY_0736	ELYTH:Brine:BRANCH3	GAME_PROPOSAL
ELY_0724	ELY_0723	ELYTH:Brine:BRANCH1	GAME_PROPOSAL
ELY_0731	ELY_0730	ELYTH:Brine:BRANCH2	GAME_PROPOSAL
ELY_0738	ELY_0737	ELYTH:Brine:BRANCH3	GAME_PROPOSAL
ELY_0725	ELY_0724	ELYTH:Brine:BRANCH1	GAME_PROPOSAL
ELY_0732	ELY_0731	ELYTH:Brine:BRANCH2	GAME_PROPOSAL
ELY_0739	ELY_0738	ELYTH:Brine:BRANCH3	GAME_PROPOSAL
ELY_0726	ELY_0725	ELYTH:Brine:BRANCH1	GAME_PROPOSAL
ELY_0733	ELY_0732	ELYTH:Brine:BRANCH2	GAME_PROPOSAL
ELY_0740	ELY_0739	ELYTH:Brine:BRANCH3	GAME_PROPOSAL
ELY_0727	ELY_0726	ELYTH:Brine:BRANCH1	GAME_PROPOSAL
ELY_0734	ELY_0733	ELYTH:Brine:BRANCH2	GAME_PROPOSAL
ELY_0741		ELYTH:Halo:BRANCH1	GAME_PROPOSAL
ELY_0748		ELYTH:Halo:BRANCH2	GAME_PROPOSAL
ELY_0755		ELYTH:Halo:BRANCH3	GAME_PROPOSAL
ELY_0742	ELY_0741	ELYTH:Halo:BRANCH1	GAME_PROPOSAL
ELY_0749	ELY_0748	ELYTH:Halo:BRANCH2	GAME_PROPOSAL
ELY_0756	ELY_0755	ELYTH:Halo:BRANCH3	GAME_PROPOSAL
ELY_0743	ELY_0742	ELYTH:Halo:BRANCH1	GAME_PROPOSAL
ELY_0750	ELY_0749	ELYTH:Halo:BRANCH2	GAME_PROPOSAL
ELY_0757	ELY_0756	ELYTH:Halo:BRANCH3	GAME_PROPOSAL
ELY_0744	ELY_0743	ELYTH:Halo:BRANCH1	GAME_PROPOSAL
ELY_0751	ELY_0750	ELYTH:Halo:BRANCH2	GAME_PROPOSAL
ELY_0758	ELY_0757	ELYTH:Halo:BRANCH3	GAME_PROPOSAL
ELY_0745	ELY_0744	ELYTH:Halo:BRANCH1	GAME_PROPOSAL
ELY_0752	ELY_0751	ELYTH:Halo:BRANCH2	GAME_PROPOSAL
ELY_0759	ELY_0758	ELYTH:Halo:BRANCH3	GAME_PROPOSAL
ELY_0746	ELY_0745	ELYTH:Halo:BRANCH1	GAME_PROPOSAL
ELY_0753	ELY_0752	ELYTH:Halo:BRANCH2	GAME_PROPOSAL
ELY_0760	ELY_0759	ELYTH:Halo:BRANCH3	GAME_PROPOSAL
ELY_0747	ELY_0746	ELYTH:Halo:BRANCH1	GAME_PROPOSAL
ELY_0754	ELY_0753	ELYTH:Halo:BRANCH2	GAME_PROPOSAL
ELY_0761		ELYTH:Sand:BRANCH1	GAME_PROPOSAL
ELY_0768		ELYTH:Sand:BRANCH2	GAME_PROPOSAL
ELY_0775		ELYTH:Sand:BRANCH3	GAME_PROPOSAL
ELY_0762	ELY_0761	ELYTH:Sand:BRANCH1	GAME_PROPOSAL
ELY_0769	ELY_0768	ELYTH:Sand:BRANCH2	GAME_PROPOSAL
ELY_0776	ELY_0775	ELYTH:Sand:BRANCH3	GAME_PROPOSAL
ELY_0763	ELY_0762	ELYTH:Sand:BRANCH1	GAME_PROPOSAL
ELY_0770	ELY_0769	ELYTH:Sand:BRANCH2	GAME_PROPOSAL
ELY_0777	ELY_0776	ELYTH:Sand:BRANCH3	GAME_PROPOSAL
ELY_0764	ELY_0763	ELYTH:Sand:BRANCH1	GAME_PROPOSAL
ELY_0771	ELY_0770	ELYTH:Sand:BRANCH2	GAME_PROPOSAL
ELY_0778	ELY_0777	ELYTH:Sand:BRANCH3	GAME_PROPOSAL
ELY_0765	ELY_0764	ELYTH:Sand:BRANCH1	GAME_PROPOSAL
ELY_0772	ELY_0771	ELYTH:Sand:BRANCH2	GAME_PROPOSAL
ELY_0779	ELY_0778	ELYTH:Sand:BRANCH3	GAME_PROPOSAL
ELY_0766	ELY_0765	ELYTH:Sand:BRANCH1	GAME_PROPOSAL
ELY_0773	ELY_0772	ELYTH:Sand:BRANCH2	GAME_PROPOSAL
ELY_0780	ELY_0779	ELYTH:Sand:BRANCH3	GAME_PROPOSAL
ELY_0767	ELY_0766	ELYTH:Sand:BRANCH1	GAME_PROPOSAL
ELY_0774	ELY_0773	ELYTH:Sand:BRANCH2	GAME_PROPOSAL
ELY_0781		ELYTH:Gloom:BRANCH1	GAME_PROPOSAL
ELY_0788		ELYTH:Gloom:BRANCH2	GAME_PROPOSAL
ELY_0795		ELYTH:Gloom:BRANCH3	GAME_PROPOSAL
ELY_0782	ELY_0781	ELYTH:Gloom:BRANCH1	GAME_PROPOSAL
ELY_0789	ELY_0788	ELYTH:Gloom:BRANCH2	GAME_PROPOSAL
ELY_0796	ELY_0795	ELYTH:Gloom:BRANCH3	GAME_PROPOSAL
ELY_0783	ELY_0782	ELYTH:Gloom:BRANCH1	GAME_PROPOSAL
ELY_0790	ELY_0789	ELYTH:Gloom:BRANCH2	GAME_PROPOSAL
ELY_0797	ELY_0796	ELYTH:Gloom:BRANCH3	GAME_PROPOSAL
ELY_0784	ELY_0783	ELYTH:Gloom:BRANCH1	GAME_PROPOSAL
ELY_0791	ELY_0790	ELYTH:Gloom:BRANCH2	GAME_PROPOSAL
ELY_0798	ELY_0797	ELYTH:Gloom:BRANCH3	GAME_PROPOSAL
ELY_0785	ELY_0784	ELYTH:Gloom:BRANCH1	GAME_PROPOSAL
ELY_0792	ELY_0791	ELYTH:Gloom:BRANCH2	GAME_PROPOSAL
ELY_0799	ELY_0798	ELYTH:Gloom:BRANCH3	GAME_PROPOSAL
ELY_0786	ELY_0785	ELYTH:Gloom:BRANCH1	GAME_PROPOSAL
ELY_0793	ELY_0792	ELYTH:Gloom:BRANCH2	GAME_PROPOSAL
ELY_0800	ELY_0799	ELYTH:Gloom:BRANCH3	GAME_PROPOSAL
ELY_0787	ELY_0786	ELYTH:Gloom:BRANCH1	GAME_PROPOSAL
ELY_0794	ELY_0793	ELYTH:Gloom:BRANCH2	GAME_PROPOSAL
ELY_0801		ELYTH:Moss:BRANCH1	GAME_PROPOSAL
ELY_0808		ELYTH:Moss:BRANCH2	GAME_PROPOSAL
ELY_0815		ELYTH:Moss:BRANCH3	GAME_PROPOSAL
ELY_0802	ELY_0801	ELYTH:Moss:BRANCH1	GAME_PROPOSAL
ELY_0809	ELY_0808	ELYTH:Moss:BRANCH2	GAME_PROPOSAL
ELY_0816	ELY_0815	ELYTH:Moss:BRANCH3	GAME_PROPOSAL
ELY_0803	ELY_0802	ELYTH:Moss:BRANCH1	GAME_PROPOSAL
ELY_0810	ELY_0809	ELYTH:Moss:BRANCH2	GAME_PROPOSAL
ELY_0817	ELY_0816	ELYTH:Moss:BRANCH3	GAME_PROPOSAL
ELY_0804	ELY_0803	ELYTH:Moss:BRANCH1	GAME_PROPOSAL
ELY_0811	ELY_0810	ELYTH:Moss:BRANCH2	GAME_PROPOSAL
ELY_0818	ELY_0817	ELYTH:Moss:BRANCH3	GAME_PROPOSAL
ELY_0805	ELY_0804	ELYTH:Moss:BRANCH1	GAME_PROPOSAL
ELY_0812	ELY_0811	ELYTH:Moss:BRANCH2	GAME_PROPOSAL
ELY_0819	ELY_0818	ELYTH:Moss:BRANCH3	GAME_PROPOSAL
ELY_0806	ELY_0805	ELYTH:Moss:BRANCH1	GAME_PROPOSAL
ELY_0813	ELY_0812	ELYTH:Moss:BRANCH2	GAME_PROPOSAL
ELY_0820	ELY_0819	ELYTH:Moss:BRANCH3	GAME_PROPOSAL
ELY_0807	ELY_0806	ELYTH:Moss:BRANCH1	GAME_PROPOSAL
ELY_0814	ELY_0813	ELYTH:Moss:BRANCH2	GAME_PROPOSAL
ELY_0821		ELYTH:Abyss:BRANCH1	GAME_PROPOSAL
ELY_0828		ELYTH:Abyss:BRANCH2	GAME_PROPOSAL
ELY_0835		ELYTH:Abyss:BRANCH3	GAME_PROPOSAL
ELY_0822	ELY_0821	ELYTH:Abyss:BRANCH1	GAME_PROPOSAL
ELY_0829	ELY_0828	ELYTH:Abyss:BRANCH2	GAME_PROPOSAL
ELY_0836	ELY_0835	ELYTH:Abyss:BRANCH3	GAME_PROPOSAL
ELY_0823	ELY_0822	ELYTH:Abyss:BRANCH1	GAME_PROPOSAL
ELY_0830	ELY_0829	ELYTH:Abyss:BRANCH2	GAME_PROPOSAL
ELY_0837	ELY_0836	ELYTH:Abyss:BRANCH3	GAME_PROPOSAL
ELY_0824	ELY_0823	ELYTH:Abyss:BRANCH1	GAME_PROPOSAL
ELY_0831	ELY_0830	ELYTH:Abyss:BRANCH2	GAME_PROPOSAL
ELY_0838	ELY_0837	ELYTH:Abyss:BRANCH3	GAME_PROPOSAL
ELY_0825	ELY_0824	ELYTH:Abyss:BRANCH1	GAME_PROPOSAL
ELY_0832	ELY_0831	ELYTH:Abyss:BRANCH2	GAME_PROPOSAL
ELY_0839	ELY_0838	ELYTH:Abyss:BRANCH3	GAME_PROPOSAL
ELY_0826	ELY_0825	ELYTH:Abyss:BRANCH1	GAME_PROPOSAL
ELY_0833	ELY_0832	ELYTH:Abyss:BRANCH2	GAME_PROPOSAL
ELY_0840	ELY_0839	ELYTH:Abyss:BRANCH3	GAME_PROPOSAL
ELY_0827	ELY_0826	ELYTH:Abyss:BRANCH1	GAME_PROPOSAL
ELY_0834	ELY_0833	ELYTH:Abyss:BRANCH2	GAME_PROPOSAL
ELY_0841		ELYTH:Spark:BRANCH1	GAME_PROPOSAL
ELY_0848		ELYTH:Spark:BRANCH2	GAME_PROPOSAL
ELY_0855		ELYTH:Spark:BRANCH3	GAME_PROPOSAL
ELY_0842	ELY_0841	ELYTH:Spark:BRANCH1	GAME_PROPOSAL
ELY_0849	ELY_0848	ELYTH:Spark:BRANCH2	GAME_PROPOSAL
ELY_0856	ELY_0855	ELYTH:Spark:BRANCH3	GAME_PROPOSAL
ELY_0843	ELY_0842	ELYTH:Spark:BRANCH1	GAME_PROPOSAL
ELY_0850	ELY_0849	ELYTH:Spark:BRANCH2	GAME_PROPOSAL
ELY_0857	ELY_0856	ELYTH:Spark:BRANCH3	GAME_PROPOSAL
ELY_0844	ELY_0843	ELYTH:Spark:BRANCH1	GAME_PROPOSAL
ELY_0851	ELY_0850	ELYTH:Spark:BRANCH2	GAME_PROPOSAL
ELY_0858	ELY_0857	ELYTH:Spark:BRANCH3	GAME_PROPOSAL
ELY_0845	ELY_0844	ELYTH:Spark:BRANCH1	GAME_PROPOSAL
ELY_0852	ELY_0851	ELYTH:Spark:BRANCH2	GAME_PROPOSAL
ELY_0859	ELY_0858	ELYTH:Spark:BRANCH3	GAME_PROPOSAL
ELY_0846	ELY_0845	ELYTH:Spark:BRANCH1	GAME_PROPOSAL
ELY_0853	ELY_0852	ELYTH:Spark:BRANCH2	GAME_PROPOSAL
ELY_0860	ELY_0859	ELYTH:Spark:BRANCH3	GAME_PROPOSAL
ELY_0847	ELY_0846	ELYTH:Spark:BRANCH1	GAME_PROPOSAL
ELY_0854	ELY_0853	ELYTH:Spark:BRANCH2	GAME_PROPOSAL
ELY_0861		ELYTH:Clay:BRANCH1	GAME_PROPOSAL
ELY_0868		ELYTH:Clay:BRANCH2	GAME_PROPOSAL
ELY_0875		ELYTH:Clay:BRANCH3	GAME_PROPOSAL
ELY_0862	ELY_0861	ELYTH:Clay:BRANCH1	GAME_PROPOSAL
ELY_0869	ELY_0868	ELYTH:Clay:BRANCH2	GAME_PROPOSAL
ELY_0876	ELY_0875	ELYTH:Clay:BRANCH3	GAME_PROPOSAL
ELY_0863	ELY_0862	ELYTH:Clay:BRANCH1	GAME_PROPOSAL
ELY_0870	ELY_0869	ELYTH:Clay:BRANCH2	GAME_PROPOSAL
ELY_0877	ELY_0876	ELYTH:Clay:BRANCH3	GAME_PROPOSAL
ELY_0864	ELY_0863	ELYTH:Clay:BRANCH1	GAME_PROPOSAL
ELY_0871	ELY_0870	ELYTH:Clay:BRANCH2	GAME_PROPOSAL
ELY_0878	ELY_0877	ELYTH:Clay:BRANCH3	GAME_PROPOSAL
ELY_0865	ELY_0864	ELYTH:Clay:BRANCH1	GAME_PROPOSAL
ELY_0872	ELY_0871	ELYTH:Clay:BRANCH2	GAME_PROPOSAL
ELY_0879	ELY_0878	ELYTH:Clay:BRANCH3	GAME_PROPOSAL
ELY_0866	ELY_0865	ELYTH:Clay:BRANCH1	GAME_PROPOSAL
ELY_0873	ELY_0872	ELYTH:Clay:BRANCH2	GAME_PROPOSAL
ELY_0880	ELY_0879	ELYTH:Clay:BRANCH3	GAME_PROPOSAL
ELY_0867	ELY_0866	ELYTH:Clay:BRANCH1	GAME_PROPOSAL
ELY_0874	ELY_0873	ELYTH:Clay:BRANCH2	GAME_PROPOSAL
ELY_0881		ELYTH:Prism:BRANCH1	GAME_PROPOSAL
ELY_0888		ELYTH:Prism:BRANCH2	GAME_PROPOSAL
ELY_0895		ELYTH:Prism:BRANCH3	GAME_PROPOSAL
ELY_0882	ELY_0881	ELYTH:Prism:BRANCH1	GAME_PROPOSAL
ELY_0889	ELY_0888	ELYTH:Prism:BRANCH2	GAME_PROPOSAL
ELY_0896	ELY_0895	ELYTH:Prism:BRANCH3	GAME_PROPOSAL
ELY_0883	ELY_0882	ELYTH:Prism:BRANCH1	GAME_PROPOSAL
ELY_0890	ELY_0889	ELYTH:Prism:BRANCH2	GAME_PROPOSAL
ELY_0897	ELY_0896	ELYTH:Prism:BRANCH3	GAME_PROPOSAL
ELY_0884	ELY_0883	ELYTH:Prism:BRANCH1	GAME_PROPOSAL
ELY_0891	ELY_0890	ELYTH:Prism:BRANCH2	GAME_PROPOSAL
ELY_0898	ELY_0897	ELYTH:Prism:BRANCH3	GAME_PROPOSAL
ELY_0885	ELY_0884	ELYTH:Prism:BRANCH1	GAME_PROPOSAL
ELY_0892	ELY_0891	ELYTH:Prism:BRANCH2	GAME_PROPOSAL
ELY_0899	ELY_0898	ELYTH:Prism:BRANCH3	GAME_PROPOSAL
ELY_0886	ELY_0885	ELYTH:Prism:BRANCH1	GAME_PROPOSAL
ELY_0893	ELY_0892	ELYTH:Prism:BRANCH2	GAME_PROPOSAL
ELY_0900	ELY_0899	ELYTH:Prism:BRANCH3	GAME_PROPOSAL
ELY_0887	ELY_0886	ELYTH:Prism:BRANCH1	GAME_PROPOSAL
ELY_0894	ELY_0893	ELYTH:Prism:BRANCH2	GAME_PROPOSAL
ELY_0901		ELYTH:Bramble:BRANCH1	GAME_PROPOSAL
ELY_0908		ELYTH:Bramble:BRANCH2	GAME_PROPOSAL
ELY_0915		ELYTH:Bramble:BRANCH3	GAME_PROPOSAL
ELY_0902	ELY_0901	ELYTH:Bramble:BRANCH1	GAME_PROPOSAL
ELY_0909	ELY_0908	ELYTH:Bramble:BRANCH2	GAME_PROPOSAL
ELY_0916	ELY_0915	ELYTH:Bramble:BRANCH3	GAME_PROPOSAL
ELY_0903	ELY_0902	ELYTH:Bramble:BRANCH1	GAME_PROPOSAL
ELY_0910	ELY_0909	ELYTH:Bramble:BRANCH2	GAME_PROPOSAL
ELY_0917	ELY_0916	ELYTH:Bramble:BRANCH3	GAME_PROPOSAL
ELY_0904	ELY_0903	ELYTH:Bramble:BRANCH1	GAME_PROPOSAL
ELY_0911	ELY_0910	ELYTH:Bramble:BRANCH2	GAME_PROPOSAL
ELY_0918	ELY_0917	ELYTH:Bramble:BRANCH3	GAME_PROPOSAL
ELY_0905	ELY_0904	ELYTH:Bramble:BRANCH1	GAME_PROPOSAL
ELY_0912	ELY_0911	ELYTH:Bramble:BRANCH2	GAME_PROPOSAL
ELY_0919	ELY_0918	ELYTH:Bramble:BRANCH3	GAME_PROPOSAL
ELY_0906	ELY_0905	ELYTH:Bramble:BRANCH1	GAME_PROPOSAL
ELY_0913	ELY_0912	ELYTH:Bramble:BRANCH2	GAME_PROPOSAL
ELY_0920	ELY_0919	ELYTH:Bramble:BRANCH3	GAME_PROPOSAL
ELY_0907	ELY_0906	ELYTH:Bramble:BRANCH1	GAME_PROPOSAL
ELY_0914	ELY_0913	ELYTH:Bramble:BRANCH2	GAME_PROPOSAL
ELY_0921		ELYTH:Floe:BRANCH1	GAME_PROPOSAL
ELY_0928		ELYTH:Floe:BRANCH2	GAME_PROPOSAL
ELY_0935		ELYTH:Floe:BRANCH3	GAME_PROPOSAL
ELY_0922	ELY_0921	ELYTH:Floe:BRANCH1	GAME_PROPOSAL
ELY_0929	ELY_0928	ELYTH:Floe:BRANCH2	GAME_PROPOSAL
ELY_0936	ELY_0935	ELYTH:Floe:BRANCH3	GAME_PROPOSAL
ELY_0923	ELY_0922	ELYTH:Floe:BRANCH1	GAME_PROPOSAL
ELY_0930	ELY_0929	ELYTH:Floe:BRANCH2	GAME_PROPOSAL
ELY_0937	ELY_0936	ELYTH:Floe:BRANCH3	GAME_PROPOSAL
ELY_0924	ELY_0923	ELYTH:Floe:BRANCH1	GAME_PROPOSAL
ELY_0931	ELY_0930	ELYTH:Floe:BRANCH2	GAME_PROPOSAL
ELY_0938	ELY_0937	ELYTH:Floe:BRANCH3	GAME_PROPOSAL
ELY_0925	ELY_0924	ELYTH:Floe:BRANCH1	GAME_PROPOSAL
ELY_0932	ELY_0931	ELYTH:Floe:BRANCH2	GAME_PROPOSAL
ELY_0939	ELY_0938	ELYTH:Floe:BRANCH3	GAME_PROPOSAL
ELY_0926	ELY_0925	ELYTH:Floe:BRANCH1	GAME_PROPOSAL
ELY_0933	ELY_0932	ELYTH:Floe:BRANCH2	GAME_PROPOSAL
ELY_0940	ELY_0939	ELYTH:Floe:BRANCH3	GAME_PROPOSAL
ELY_0927	ELY_0926	ELYTH:Floe:BRANCH1	GAME_PROPOSAL
ELY_0934	ELY_0933	ELYTH:Floe:BRANCH2	GAME_PROPOSAL
ELY_0941		ELYTH:Pulse:BRANCH1	GAME_PROPOSAL
ELY_0948		ELYTH:Pulse:BRANCH2	GAME_PROPOSAL
ELY_0955		ELYTH:Pulse:BRANCH3	GAME_PROPOSAL
ELY_0942	ELY_0941	ELYTH:Pulse:BRANCH1	GAME_PROPOSAL
ELY_0949	ELY_0948	ELYTH:Pulse:BRANCH2	GAME_PROPOSAL
ELY_0956	ELY_0955	ELYTH:Pulse:BRANCH3	GAME_PROPOSAL
ELY_0943	ELY_0942	ELYTH:Pulse:BRANCH1	GAME_PROPOSAL
ELY_0950	ELY_0949	ELYTH:Pulse:BRANCH2	GAME_PROPOSAL
ELY_0957	ELY_0956	ELYTH:Pulse:BRANCH3	GAME_PROPOSAL
ELY_0944	ELY_0943	ELYTH:Pulse:BRANCH1	GAME_PROPOSAL
ELY_0951	ELY_0950	ELYTH:Pulse:BRANCH2	GAME_PROPOSAL
ELY_0958	ELY_0957	ELYTH:Pulse:BRANCH3	GAME_PROPOSAL
ELY_0945	ELY_0944	ELYTH:Pulse:BRANCH1	GAME_PROPOSAL
ELY_0952	ELY_0951	ELYTH:Pulse:BRANCH2	GAME_PROPOSAL
ELY_0959	ELY_0958	ELYTH:Pulse:BRANCH3	GAME_PROPOSAL
ELY_0946	ELY_0945	ELYTH:Pulse:BRANCH1	GAME_PROPOSAL
ELY_0953	ELY_0952	ELYTH:Pulse:BRANCH2	GAME_PROPOSAL
ELY_0960	ELY_0959	ELYTH:Pulse:BRANCH3	GAME_PROPOSAL
ELY_0947	ELY_0946	ELYTH:Pulse:BRANCH1	GAME_PROPOSAL
ELY_0954	ELY_0953	ELYTH:Pulse:BRANCH2	GAME_PROPOSAL
ELY_0961		ELYTH:Tar:BRANCH1	GAME_PROPOSAL
ELY_0968		ELYTH:Tar:BRANCH2	GAME_PROPOSAL
ELY_0975		ELYTH:Tar:BRANCH3	GAME_PROPOSAL
ELY_0962	ELY_0961	ELYTH:Tar:BRANCH1	GAME_PROPOSAL
ELY_0969	ELY_0968	ELYTH:Tar:BRANCH2	GAME_PROPOSAL
ELY_0976	ELY_0975	ELYTH:Tar:BRANCH3	GAME_PROPOSAL
ELY_0963	ELY_0962	ELYTH:Tar:BRANCH1	GAME_PROPOSAL
ELY_0970	ELY_0969	ELYTH:Tar:BRANCH2	GAME_PROPOSAL
ELY_0977	ELY_0976	ELYTH:Tar:BRANCH3	GAME_PROPOSAL
ELY_0964	ELY_0963	ELYTH:Tar:BRANCH1	GAME_PROPOSAL
ELY_0971	ELY_0970	ELYTH:Tar:BRANCH2	GAME_PROPOSAL
ELY_0978	ELY_0977	ELYTH:Tar:BRANCH3	GAME_PROPOSAL
ELY_0965	ELY_0964	ELYTH:Tar:BRANCH1	GAME_PROPOSAL
ELY_0972	ELY_0971	ELYTH:Tar:BRANCH2	GAME_PROPOSAL
ELY_0979	ELY_0978	ELYTH:Tar:BRANCH3	GAME_PROPOSAL
ELY_0966	ELY_0965	ELYTH:Tar:BRANCH1	GAME_PROPOSAL
ELY_0973	ELY_0972	ELYTH:Tar:BRANCH2	GAME_PROPOSAL
ELY_0980	ELY_0979	ELYTH:Tar:BRANCH3	GAME_PROPOSAL
ELY_0967	ELY_0966	ELYTH:Tar:BRANCH1	GAME_PROPOSAL
ELY_0974	ELY_0973	ELYTH:Tar:BRANCH2	GAME_PROPOSAL
ELY_0981		ELYTH:Astral:BRANCH1	GAME_PROPOSAL
ELY_0988		ELYTH:Astral:BRANCH2	GAME_PROPOSAL
ELY_0995		ELYTH:Astral:BRANCH3	GAME_PROPOSAL
ELY_0982	ELY_0981	ELYTH:Astral:BRANCH1	GAME_PROPOSAL
ELY_0989	ELY_0988	ELYTH:Astral:BRANCH2	GAME_PROPOSAL
ELY_0996	ELY_0995	ELYTH:Astral:BRANCH3	GAME_PROPOSAL
ELY_0983	ELY_0982	ELYTH:Astral:BRANCH1	GAME_PROPOSAL
ELY_0990	ELY_0989	ELYTH:Astral:BRANCH2	GAME_PROPOSAL
ELY_0997	ELY_0996	ELYTH:Astral:BRANCH3	GAME_PROPOSAL
ELY_0984	ELY_0983	ELYTH:Astral:BRANCH1	GAME_PROPOSAL
ELY_0991	ELY_0990	ELYTH:Astral:BRANCH2	GAME_PROPOSAL
ELY_0998	ELY_0997	ELYTH:Astral:BRANCH3	GAME_PROPOSAL
ELY_0985	ELY_0984	ELYTH:Astral:BRANCH1	GAME_PROPOSAL
ELY_0992	ELY_0991	ELYTH:Astral:BRANCH2	GAME_PROPOSAL
ELY_0999	ELY_0998	ELYTH:Astral:BRANCH3	GAME_PROPOSAL
ELY_0986	ELY_0985	ELYTH:Astral:BRANCH1	GAME_PROPOSAL
ELY_0993	ELY_0992	ELYTH:Astral:BRANCH2	GAME_PROPOSAL
ELY_1000	ELY_0999	ELYTH:Astral:BRANCH3	GAME_PROPOSAL
ELY_0987	ELY_0986	ELYTH:Astral:BRANCH1	GAME_PROPOSAL
ELY_0994	ELY_0993	ELYTH:Astral:BRANCH2	GAME_PROPOSAL
ARM_036		VELLUM_ARMORIAL:Adaga	GAME_PROPOSAL
ARM_037	ARM_036	VELLUM_ARMORIAL:Adaga	GAME_PROPOSAL
ARM_038	ARM_037	VELLUM_ARMORIAL:Adaga	GAME_PROPOSAL
ARM_039	ARM_038	VELLUM_ARMORIAL:Adaga	GAME_PROPOSAL
ARM_040	ARM_039	VELLUM_ARMORIAL:Adaga	GAME_PROPOSAL
ARM_041	ARM_040	VELLUM_ARMORIAL:Adaga	GAME_PROPOSAL
ARM_042	ARM_041	VELLUM_ARMORIAL:Adaga	GAME_PROPOSAL
ARM_029		VELLUM_ARMORIAL:Arco	GAME_PROPOSAL
ARM_030	ARM_029	VELLUM_ARMORIAL:Arco	GAME_PROPOSAL
ARM_031	ARM_030	VELLUM_ARMORIAL:Arco	GAME_PROPOSAL
ARM_032	ARM_031	VELLUM_ARMORIAL:Arco	GAME_PROPOSAL
ARM_033	ARM_032	VELLUM_ARMORIAL:Arco	GAME_PROPOSAL
ARM_034	ARM_033	VELLUM_ARMORIAL:Arco	GAME_PROPOSAL
ARM_035	ARM_034	VELLUM_ARMORIAL:Arco	GAME_PROPOSAL
ARM_085		VELLUM_ARMORIAL:Arma especial	GAME_PROPOSAL
ARM_086	ARM_085	VELLUM_ARMORIAL:Arma especial	GAME_PROPOSAL
ARM_087	ARM_086	VELLUM_ARMORIAL:Arma especial	GAME_PROPOSAL
ARM_088	ARM_087	VELLUM_ARMORIAL:Arma especial	GAME_PROPOSAL
ARM_089	ARM_088	VELLUM_ARMORIAL:Arma especial	GAME_PROPOSAL
ARM_090	ARM_089	VELLUM_ARMORIAL:Arma especial	GAME_PROPOSAL
ARM_091	ARM_090	VELLUM_ARMORIAL:Arma especial	GAME_PROPOSAL
ARM_071		VELLUM_ARMORIAL:Botas	GAME_PROPOSAL
ARM_072	ARM_071	VELLUM_ARMORIAL:Botas	GAME_PROPOSAL
ARM_073	ARM_072	VELLUM_ARMORIAL:Botas	GAME_PROPOSAL
ARM_074	ARM_073	VELLUM_ARMORIAL:Botas	GAME_PROPOSAL
ARM_075	ARM_074	VELLUM_ARMORIAL:Botas	GAME_PROPOSAL
ARM_076	ARM_075	VELLUM_ARMORIAL:Botas	GAME_PROPOSAL
ARM_077	ARM_076	VELLUM_ARMORIAL:Botas	GAME_PROPOSAL
ARM_064		VELLUM_ARMORIAL:Calça	GAME_PROPOSAL
ARM_065	ARM_064	VELLUM_ARMORIAL:Calça	GAME_PROPOSAL
ARM_066	ARM_065	VELLUM_ARMORIAL:Calça	GAME_PROPOSAL
ARM_067	ARM_066	VELLUM_ARMORIAL:Calça	GAME_PROPOSAL
ARM_068	ARM_067	VELLUM_ARMORIAL:Calça	GAME_PROPOSAL
ARM_069	ARM_068	VELLUM_ARMORIAL:Calça	GAME_PROPOSAL
ARM_070	ARM_069	VELLUM_ARMORIAL:Calça	GAME_PROPOSAL
ARM_050		VELLUM_ARMORIAL:Elmo	GAME_PROPOSAL
ARM_051	ARM_050	VELLUM_ARMORIAL:Elmo	GAME_PROPOSAL
ARM_052	ARM_051	VELLUM_ARMORIAL:Elmo	GAME_PROPOSAL
ARM_053	ARM_052	VELLUM_ARMORIAL:Elmo	GAME_PROPOSAL
ARM_054	ARM_053	VELLUM_ARMORIAL:Elmo	GAME_PROPOSAL
ARM_055	ARM_054	VELLUM_ARMORIAL:Elmo	GAME_PROPOSAL
ARM_056	ARM_055	VELLUM_ARMORIAL:Elmo	GAME_PROPOSAL
ARM_092		VELLUM_ARMORIAL:Equipamento	GAME_PROPOSAL
ARM_093	ARM_092	VELLUM_ARMORIAL:Equipamento	GAME_PROPOSAL
ARM_094	ARM_093	VELLUM_ARMORIAL:Equipamento	GAME_PROPOSAL
ARM_095	ARM_094	VELLUM_ARMORIAL:Equipamento	GAME_PROPOSAL
ARM_096	ARM_095	VELLUM_ARMORIAL:Equipamento	GAME_PROPOSAL
ARM_097	ARM_096	VELLUM_ARMORIAL:Equipamento	GAME_PROPOSAL
ARM_098	ARM_097	VELLUM_ARMORIAL:Equipamento	GAME_PROPOSAL
ARM_043		VELLUM_ARMORIAL:Escudo	GAME_PROPOSAL
ARM_044	ARM_043	VELLUM_ARMORIAL:Escudo	GAME_PROPOSAL
ARM_045	ARM_044	VELLUM_ARMORIAL:Escudo	GAME_PROPOSAL
ARM_046	ARM_045	VELLUM_ARMORIAL:Escudo	GAME_PROPOSAL
ARM_047	ARM_046	VELLUM_ARMORIAL:Escudo	GAME_PROPOSAL
ARM_048	ARM_047	VELLUM_ARMORIAL:Escudo	GAME_PROPOSAL
ARM_049	ARM_048	VELLUM_ARMORIAL:Escudo	GAME_PROPOSAL
ARM_001		VELLUM_ARMORIAL:Espada	GAME_PROPOSAL
ARM_002	ARM_001	VELLUM_ARMORIAL:Espada	GAME_PROPOSAL
ARM_003	ARM_002	VELLUM_ARMORIAL:Espada	GAME_PROPOSAL
ARM_004	ARM_003	VELLUM_ARMORIAL:Espada	GAME_PROPOSAL
ARM_005	ARM_004	VELLUM_ARMORIAL:Espada	GAME_PROPOSAL
ARM_006	ARM_005	VELLUM_ARMORIAL:Espada	GAME_PROPOSAL
ARM_007	ARM_006	VELLUM_ARMORIAL:Espada	GAME_PROPOSAL
ARM_008		VELLUM_ARMORIAL:Lança	GAME_PROPOSAL
ARM_009	ARM_008	VELLUM_ARMORIAL:Lança	GAME_PROPOSAL
ARM_010	ARM_009	VELLUM_ARMORIAL:Lança	GAME_PROPOSAL
ARM_011	ARM_010	VELLUM_ARMORIAL:Lança	GAME_PROPOSAL
ARM_012	ARM_011	VELLUM_ARMORIAL:Lança	GAME_PROPOSAL
ARM_013	ARM_012	VELLUM_ARMORIAL:Lança	GAME_PROPOSAL
ARM_014	ARM_013	VELLUM_ARMORIAL:Lança	GAME_PROPOSAL
ARM_078		VELLUM_ARMORIAL:Luvas	GAME_PROPOSAL
ARM_079	ARM_078	VELLUM_ARMORIAL:Luvas	GAME_PROPOSAL
ARM_080	ARM_079	VELLUM_ARMORIAL:Luvas	GAME_PROPOSAL
ARM_081	ARM_080	VELLUM_ARMORIAL:Luvas	GAME_PROPOSAL
ARM_082	ARM_081	VELLUM_ARMORIAL:Luvas	GAME_PROPOSAL
ARM_083	ARM_082	VELLUM_ARMORIAL:Luvas	GAME_PROPOSAL
ARM_084	ARM_083	VELLUM_ARMORIAL:Luvas	GAME_PROPOSAL
ARM_015		VELLUM_ARMORIAL:Machado	GAME_PROPOSAL
ARM_016	ARM_015	VELLUM_ARMORIAL:Machado	GAME_PROPOSAL
ARM_017	ARM_016	VELLUM_ARMORIAL:Machado	GAME_PROPOSAL
ARM_018	ARM_017	VELLUM_ARMORIAL:Machado	GAME_PROPOSAL
ARM_019	ARM_018	VELLUM_ARMORIAL:Machado	GAME_PROPOSAL
ARM_020	ARM_019	VELLUM_ARMORIAL:Machado	GAME_PROPOSAL
ARM_021	ARM_020	VELLUM_ARMORIAL:Machado	GAME_PROPOSAL
ARM_022		VELLUM_ARMORIAL:Maça	GAME_PROPOSAL
ARM_023	ARM_022	VELLUM_ARMORIAL:Maça	GAME_PROPOSAL
ARM_024	ARM_023	VELLUM_ARMORIAL:Maça	GAME_PROPOSAL
ARM_025	ARM_024	VELLUM_ARMORIAL:Maça	GAME_PROPOSAL
ARM_026	ARM_025	VELLUM_ARMORIAL:Maça	GAME_PROPOSAL
ARM_027	ARM_026	VELLUM_ARMORIAL:Maça	GAME_PROPOSAL
ARM_028	ARM_027	VELLUM_ARMORIAL:Maça	GAME_PROPOSAL
ARM_057		VELLUM_ARMORIAL:Peitoral	GAME_PROPOSAL
ARM_058	ARM_057	VELLUM_ARMORIAL:Peitoral	GAME_PROPOSAL
ARM_059	ARM_058	VELLUM_ARMORIAL:Peitoral	GAME_PROPOSAL
ARM_060	ARM_059	VELLUM_ARMORIAL:Peitoral	GAME_PROPOSAL
ARM_061	ARM_060	VELLUM_ARMORIAL:Peitoral	GAME_PROPOSAL
ARM_062	ARM_061	VELLUM_ARMORIAL:Peitoral	GAME_PROPOSAL
ARM_063	ARM_062	VELLUM_ARMORIAL:Peitoral	GAME_PROPOSAL
MAR_064		VELLUM_MARCIAL:Areia Silenciosa	GAME_PROPOSAL
MAR_065	MAR_064	VELLUM_MARCIAL:Areia Silenciosa	GAME_PROPOSAL
MAR_066	MAR_065	VELLUM_MARCIAL:Areia Silenciosa	GAME_PROPOSAL
MAR_067	MAR_066	VELLUM_MARCIAL:Areia Silenciosa	GAME_PROPOSAL
MAR_068	MAR_067	VELLUM_MARCIAL:Areia Silenciosa	GAME_PROPOSAL
MAR_069	MAR_068	VELLUM_MARCIAL:Areia Silenciosa	GAME_PROPOSAL
MAR_070	MAR_069	VELLUM_MARCIAL:Areia Silenciosa	GAME_PROPOSAL
MAR_099		VELLUM_MARCIAL:Arte do Caminho Vazio	GAME_PROPOSAL
MAR_100	MAR_099	VELLUM_MARCIAL:Arte do Caminho Vazio	GAME_PROPOSAL
MAR_101	MAR_100	VELLUM_MARCIAL:Arte do Caminho Vazio	GAME_PROPOSAL
MAR_102	MAR_101	VELLUM_MARCIAL:Arte do Caminho Vazio	GAME_PROPOSAL
MAR_103	MAR_102	VELLUM_MARCIAL:Arte do Caminho Vazio	GAME_PROPOSAL
MAR_104	MAR_103	VELLUM_MARCIAL:Arte do Caminho Vazio	GAME_PROPOSAL
MAR_105	MAR_104	VELLUM_MARCIAL:Arte do Caminho Vazio	GAME_PROPOSAL
MAR_078		VELLUM_MARCIAL:Brasa Vulcânica	GAME_PROPOSAL
MAR_079	MAR_078	VELLUM_MARCIAL:Brasa Vulcânica	GAME_PROPOSAL
MAR_080	MAR_079	VELLUM_MARCIAL:Brasa Vulcânica	GAME_PROPOSAL
MAR_081	MAR_080	VELLUM_MARCIAL:Brasa Vulcânica	GAME_PROPOSAL
MAR_082	MAR_081	VELLUM_MARCIAL:Brasa Vulcânica	GAME_PROPOSAL
MAR_083	MAR_082	VELLUM_MARCIAL:Brasa Vulcânica	GAME_PROPOSAL
MAR_084	MAR_083	VELLUM_MARCIAL:Brasa Vulcânica	GAME_PROPOSAL
MAR_043		VELLUM_MARCIAL:Dança das Correntes	GAME_PROPOSAL
MAR_044	MAR_043	VELLUM_MARCIAL:Dança das Correntes	GAME_PROPOSAL
MAR_045	MAR_044	VELLUM_MARCIAL:Dança das Correntes	GAME_PROPOSAL
MAR_046	MAR_045	VELLUM_MARCIAL:Dança das Correntes	GAME_PROPOSAL
MAR_047	MAR_046	VELLUM_MARCIAL:Dança das Correntes	GAME_PROPOSAL
MAR_048	MAR_047	VELLUM_MARCIAL:Dança das Correntes	GAME_PROPOSAL
MAR_049	MAR_048	VELLUM_MARCIAL:Dança das Correntes	GAME_PROPOSAL
MAR_092		VELLUM_MARCIAL:Equilíbrio Interior	GAME_PROPOSAL
MAR_093	MAR_092	VELLUM_MARCIAL:Equilíbrio Interior	GAME_PROPOSAL
MAR_094	MAR_093	VELLUM_MARCIAL:Equilíbrio Interior	GAME_PROPOSAL
MAR_095	MAR_094	VELLUM_MARCIAL:Equilíbrio Interior	GAME_PROPOSAL
MAR_096	MAR_095	VELLUM_MARCIAL:Equilíbrio Interior	GAME_PROPOSAL
MAR_097	MAR_096	VELLUM_MARCIAL:Equilíbrio Interior	GAME_PROPOSAL
MAR_098	MAR_097	VELLUM_MARCIAL:Equilíbrio Interior	GAME_PROPOSAL
MAR_001		VELLUM_MARCIAL:Escola do Carvalho	GAME_PROPOSAL
MAR_002	MAR_001	VELLUM_MARCIAL:Escola do Carvalho	GAME_PROPOSAL
MAR_003	MAR_002	VELLUM_MARCIAL:Escola do Carvalho	GAME_PROPOSAL
MAR_004	MAR_003	VELLUM_MARCIAL:Escola do Carvalho	GAME_PROPOSAL
MAR_005	MAR_004	VELLUM_MARCIAL:Escola do Carvalho	GAME_PROPOSAL
MAR_006	MAR_005	VELLUM_MARCIAL:Escola do Carvalho	GAME_PROPOSAL
MAR_007	MAR_006	VELLUM_MARCIAL:Escola do Carvalho	GAME_PROPOSAL
MAR_050		VELLUM_MARCIAL:Jura do Cavaleiro	GAME_PROPOSAL
MAR_051	MAR_050	VELLUM_MARCIAL:Jura do Cavaleiro	GAME_PROPOSAL
MAR_052	MAR_051	VELLUM_MARCIAL:Jura do Cavaleiro	GAME_PROPOSAL
MAR_053	MAR_052	VELLUM_MARCIAL:Jura do Cavaleiro	GAME_PROPOSAL
MAR_054	MAR_053	VELLUM_MARCIAL:Jura do Cavaleiro	GAME_PROPOSAL
MAR_055	MAR_054	VELLUM_MARCIAL:Jura do Cavaleiro	GAME_PROPOSAL
MAR_056	MAR_055	VELLUM_MARCIAL:Jura do Cavaleiro	GAME_PROPOSAL
MAR_015		VELLUM_MARCIAL:Lâmina de Valdora	GAME_PROPOSAL
MAR_016	MAR_015	VELLUM_MARCIAL:Lâmina de Valdora	GAME_PROPOSAL
MAR_017	MAR_016	VELLUM_MARCIAL:Lâmina de Valdora	GAME_PROPOSAL
MAR_018	MAR_017	VELLUM_MARCIAL:Lâmina de Valdora	GAME_PROPOSAL
MAR_019	MAR_018	VELLUM_MARCIAL:Lâmina de Valdora	GAME_PROPOSAL
MAR_020	MAR_019	VELLUM_MARCIAL:Lâmina de Valdora	GAME_PROPOSAL
MAR_021	MAR_020	VELLUM_MARCIAL:Lâmina de Valdora	GAME_PROPOSAL
MAR_029		VELLUM_MARCIAL:Martelo Rúnico	GAME_PROPOSAL
MAR_030	MAR_029	VELLUM_MARCIAL:Martelo Rúnico	GAME_PROPOSAL
MAR_031	MAR_030	VELLUM_MARCIAL:Martelo Rúnico	GAME_PROPOSAL
MAR_032	MAR_031	VELLUM_MARCIAL:Martelo Rúnico	GAME_PROPOSAL
MAR_033	MAR_032	VELLUM_MARCIAL:Martelo Rúnico	GAME_PROPOSAL
MAR_034	MAR_033	VELLUM_MARCIAL:Martelo Rúnico	GAME_PROPOSAL
MAR_035	MAR_034	VELLUM_MARCIAL:Martelo Rúnico	GAME_PROPOSAL
MAR_071		VELLUM_MARCIAL:Mercador de Gelo	GAME_PROPOSAL
MAR_072	MAR_071	VELLUM_MARCIAL:Mercador de Gelo	GAME_PROPOSAL
MAR_073	MAR_072	VELLUM_MARCIAL:Mercador de Gelo	GAME_PROPOSAL
MAR_074	MAR_073	VELLUM_MARCIAL:Mercador de Gelo	GAME_PROPOSAL
MAR_075	MAR_074	VELLUM_MARCIAL:Mercador de Gelo	GAME_PROPOSAL
MAR_076	MAR_075	VELLUM_MARCIAL:Mercador de Gelo	GAME_PROPOSAL
MAR_077	MAR_076	VELLUM_MARCIAL:Mercador de Gelo	GAME_PROPOSAL
MAR_057		VELLUM_MARCIAL:Passo da Folha	GAME_PROPOSAL
MAR_058	MAR_057	VELLUM_MARCIAL:Passo da Folha	GAME_PROPOSAL
MAR_059	MAR_058	VELLUM_MARCIAL:Passo da Folha	GAME_PROPOSAL
MAR_060	MAR_059	VELLUM_MARCIAL:Passo da Folha	GAME_PROPOSAL
MAR_061	MAR_060	VELLUM_MARCIAL:Passo da Folha	GAME_PROPOSAL
MAR_062	MAR_061	VELLUM_MARCIAL:Passo da Folha	GAME_PROPOSAL
MAR_063	MAR_062	VELLUM_MARCIAL:Passo da Folha	GAME_PROPOSAL
MAR_022		VELLUM_MARCIAL:Passo de Stormhaven	GAME_PROPOSAL
MAR_023	MAR_022	VELLUM_MARCIAL:Passo de Stormhaven	GAME_PROPOSAL
MAR_024	MAR_023	VELLUM_MARCIAL:Passo de Stormhaven	GAME_PROPOSAL
MAR_025	MAR_024	VELLUM_MARCIAL:Passo de Stormhaven	GAME_PROPOSAL
MAR_026	MAR_025	VELLUM_MARCIAL:Passo de Stormhaven	GAME_PROPOSAL
MAR_027	MAR_026	VELLUM_MARCIAL:Passo de Stormhaven	GAME_PROPOSAL
MAR_028	MAR_027	VELLUM_MARCIAL:Passo de Stormhaven	GAME_PROPOSAL
MAR_036		VELLUM_MARCIAL:Punho da Montanha	GAME_PROPOSAL
MAR_037	MAR_036	VELLUM_MARCIAL:Punho da Montanha	GAME_PROPOSAL
MAR_038	MAR_037	VELLUM_MARCIAL:Punho da Montanha	GAME_PROPOSAL
MAR_039	MAR_038	VELLUM_MARCIAL:Punho da Montanha	GAME_PROPOSAL
MAR_040	MAR_039	VELLUM_MARCIAL:Punho da Montanha	GAME_PROPOSAL
MAR_041	MAR_040	VELLUM_MARCIAL:Punho da Montanha	GAME_PROPOSAL
MAR_042	MAR_041	VELLUM_MARCIAL:Punho da Montanha	GAME_PROPOSAL
MAR_008		VELLUM_MARCIAL:Punho da Ponte	GAME_PROPOSAL
MAR_009	MAR_008	VELLUM_MARCIAL:Punho da Ponte	GAME_PROPOSAL
MAR_010	MAR_009	VELLUM_MARCIAL:Punho da Ponte	GAME_PROPOSAL
MAR_011	MAR_010	VELLUM_MARCIAL:Punho da Ponte	GAME_PROPOSAL
MAR_012	MAR_011	VELLUM_MARCIAL:Punho da Ponte	GAME_PROPOSAL
MAR_013	MAR_012	VELLUM_MARCIAL:Punho da Ponte	GAME_PROPOSAL
MAR_014	MAR_013	VELLUM_MARCIAL:Punho da Ponte	GAME_PROPOSAL
MAR_085		VELLUM_MARCIAL:Queda do Vento	GAME_PROPOSAL
MAR_086	MAR_085	VELLUM_MARCIAL:Queda do Vento	GAME_PROPOSAL
MAR_087	MAR_086	VELLUM_MARCIAL:Queda do Vento	GAME_PROPOSAL
MAR_088	MAR_087	VELLUM_MARCIAL:Queda do Vento	GAME_PROPOSAL
MAR_089	MAR_088	VELLUM_MARCIAL:Queda do Vento	GAME_PROPOSAL
MAR_090	MAR_089	VELLUM_MARCIAL:Queda do Vento	GAME_PROPOSAL
MAR_091	MAR_090	VELLUM_MARCIAL:Queda do Vento	GAME_PROPOSAL
SPL_0001		MAGIC:Elemental	GAME_PROPOSAL
SPL_0071	SPL_0001	MAGIC:Elemental	GAME_PROPOSAL
SPL_0141	SPL_0071	MAGIC:Elemental	GAME_PROPOSAL
SPL_0211	SPL_0141	MAGIC:Elemental	GAME_PROPOSAL
SPL_0281	SPL_0211	MAGIC:Elemental	GAME_PROPOSAL
SPL_0351	SPL_0281	MAGIC:Elemental	GAME_PROPOSAL
SPL_0421	SPL_0351	MAGIC:Elemental	GAME_PROPOSAL
SPL_0491	SPL_0421	MAGIC:Elemental	GAME_PROPOSAL
SPL_0051	SPL_0491	MAGIC:Elemental	GAME_PROPOSAL
SPL_0121	SPL_0051	MAGIC:Elemental	GAME_PROPOSAL
SPL_0191	SPL_0121	MAGIC:Elemental	GAME_PROPOSAL
SPL_0261	SPL_0191	MAGIC:Elemental	GAME_PROPOSAL
SPL_0331	SPL_0261	MAGIC:Elemental	GAME_PROPOSAL
SPL_0401	SPL_0331	MAGIC:Elemental	GAME_PROPOSAL
SPL_0471	SPL_0401	MAGIC:Elemental	GAME_PROPOSAL
SPL_0031	SPL_0471	MAGIC:Elemental	GAME_PROPOSAL
SPL_0101	SPL_0031	MAGIC:Elemental	GAME_PROPOSAL
SPL_0171	SPL_0101	MAGIC:Elemental	GAME_PROPOSAL
SPL_0241	SPL_0171	MAGIC:Elemental	GAME_PROPOSAL
SPL_0311	SPL_0241	MAGIC:Elemental	GAME_PROPOSAL
SPL_0381	SPL_0311	MAGIC:Elemental	GAME_PROPOSAL
SPL_0451	SPL_0381	MAGIC:Elemental	GAME_PROPOSAL
SPL_0011	SPL_0451	MAGIC:Elemental	GAME_PROPOSAL
SPL_0081	SPL_0011	MAGIC:Elemental	GAME_PROPOSAL
SPL_0151	SPL_0081	MAGIC:Elemental	GAME_PROPOSAL
SPL_0221	SPL_0151	MAGIC:Elemental	GAME_PROPOSAL
SPL_0291	SPL_0221	MAGIC:Elemental	GAME_PROPOSAL
SPL_0361	SPL_0291	MAGIC:Elemental	GAME_PROPOSAL
SPL_0431	SPL_0361	MAGIC:Elemental	GAME_PROPOSAL
SPL_0061	SPL_0431	MAGIC:Elemental	GAME_PROPOSAL
SPL_0131	SPL_0061	MAGIC:Elemental	GAME_PROPOSAL
SPL_0201	SPL_0131	MAGIC:Elemental	GAME_PROPOSAL
SPL_0271	SPL_0201	MAGIC:Elemental	GAME_PROPOSAL
SPL_0341	SPL_0271	MAGIC:Elemental	GAME_PROPOSAL
SPL_0411	SPL_0341	MAGIC:Elemental	GAME_PROPOSAL
SPL_0481	SPL_0411	MAGIC:Elemental	GAME_PROPOSAL
SPL_0041	SPL_0481	MAGIC:Elemental	GAME_PROPOSAL
SPL_0111	SPL_0041	MAGIC:Elemental	GAME_PROPOSAL
SPL_0181	SPL_0111	MAGIC:Elemental	GAME_PROPOSAL
SPL_0251	SPL_0181	MAGIC:Elemental	GAME_PROPOSAL
SPL_0321	SPL_0251	MAGIC:Elemental	GAME_PROPOSAL
SPL_0391	SPL_0321	MAGIC:Elemental	GAME_PROPOSAL
SPL_0461	SPL_0391	MAGIC:Elemental	GAME_PROPOSAL
SPL_0021	SPL_0461	MAGIC:Elemental	GAME_PROPOSAL
SPL_0091	SPL_0021	MAGIC:Elemental	GAME_PROPOSAL
SPL_0161	SPL_0091	MAGIC:Elemental	GAME_PROPOSAL
SPL_0231	SPL_0161	MAGIC:Elemental	GAME_PROPOSAL
SPL_0301	SPL_0231	MAGIC:Elemental	GAME_PROPOSAL
SPL_0371	SPL_0301	MAGIC:Elemental	GAME_PROPOSAL
SPL_0441	SPL_0371	MAGIC:Elemental	GAME_PROPOSAL
SPL_0022		MAGIC:Defensiva	GAME_PROPOSAL
SPL_0092	SPL_0022	MAGIC:Defensiva	GAME_PROPOSAL
SPL_0162	SPL_0092	MAGIC:Defensiva	GAME_PROPOSAL
SPL_0232	SPL_0162	MAGIC:Defensiva	GAME_PROPOSAL
SPL_0302	SPL_0232	MAGIC:Defensiva	GAME_PROPOSAL
SPL_0372	SPL_0302	MAGIC:Defensiva	GAME_PROPOSAL
SPL_0442	SPL_0372	MAGIC:Defensiva	GAME_PROPOSAL
SPL_0002	SPL_0442	MAGIC:Defensiva	GAME_PROPOSAL
SPL_0072	SPL_0002	MAGIC:Defensiva	GAME_PROPOSAL
SPL_0142	SPL_0072	MAGIC:Defensiva	GAME_PROPOSAL
SPL_0212	SPL_0142	MAGIC:Defensiva	GAME_PROPOSAL
SPL_0282	SPL_0212	MAGIC:Defensiva	GAME_PROPOSAL
SPL_0352	SPL_0282	MAGIC:Defensiva	GAME_PROPOSAL
SPL_0422	SPL_0352	MAGIC:Defensiva	GAME_PROPOSAL
SPL_0492	SPL_0422	MAGIC:Defensiva	GAME_PROPOSAL
SPL_0052	SPL_0492	MAGIC:Defensiva	GAME_PROPOSAL
SPL_0122	SPL_0052	MAGIC:Defensiva	GAME_PROPOSAL
SPL_0192	SPL_0122	MAGIC:Defensiva	GAME_PROPOSAL
SPL_0262	SPL_0192	MAGIC:Defensiva	GAME_PROPOSAL
SPL_0332	SPL_0262	MAGIC:Defensiva	GAME_PROPOSAL
SPL_0402	SPL_0332	MAGIC:Defensiva	GAME_PROPOSAL
SPL_0472	SPL_0402	MAGIC:Defensiva	GAME_PROPOSAL
SPL_0032	SPL_0472	MAGIC:Defensiva	GAME_PROPOSAL
SPL_0102	SPL_0032	MAGIC:Defensiva	GAME_PROPOSAL
SPL_0172	SPL_0102	MAGIC:Defensiva	GAME_PROPOSAL
SPL_0242	SPL_0172	MAGIC:Defensiva	GAME_PROPOSAL
SPL_0312	SPL_0242	MAGIC:Defensiva	GAME_PROPOSAL
SPL_0382	SPL_0312	MAGIC:Defensiva	GAME_PROPOSAL
SPL_0452	SPL_0382	MAGIC:Defensiva	GAME_PROPOSAL
SPL_0012	SPL_0452	MAGIC:Defensiva	GAME_PROPOSAL
SPL_0082	SPL_0012	MAGIC:Defensiva	GAME_PROPOSAL
SPL_0152	SPL_0082	MAGIC:Defensiva	GAME_PROPOSAL
SPL_0222	SPL_0152	MAGIC:Defensiva	GAME_PROPOSAL
SPL_0292	SPL_0222	MAGIC:Defensiva	GAME_PROPOSAL
SPL_0362	SPL_0292	MAGIC:Defensiva	GAME_PROPOSAL
SPL_0432	SPL_0362	MAGIC:Defensiva	GAME_PROPOSAL
SPL_0062	SPL_0432	MAGIC:Defensiva	GAME_PROPOSAL
SPL_0132	SPL_0062	MAGIC:Defensiva	GAME_PROPOSAL
SPL_0202	SPL_0132	MAGIC:Defensiva	GAME_PROPOSAL
SPL_0272	SPL_0202	MAGIC:Defensiva	GAME_PROPOSAL
SPL_0342	SPL_0272	MAGIC:Defensiva	GAME_PROPOSAL
SPL_0412	SPL_0342	MAGIC:Defensiva	GAME_PROPOSAL
SPL_0482	SPL_0412	MAGIC:Defensiva	GAME_PROPOSAL
SPL_0042	SPL_0482	MAGIC:Defensiva	GAME_PROPOSAL
SPL_0112	SPL_0042	MAGIC:Defensiva	GAME_PROPOSAL
SPL_0182	SPL_0112	MAGIC:Defensiva	GAME_PROPOSAL
SPL_0252	SPL_0182	MAGIC:Defensiva	GAME_PROPOSAL
SPL_0322	SPL_0252	MAGIC:Defensiva	GAME_PROPOSAL
SPL_0392	SPL_0322	MAGIC:Defensiva	GAME_PROPOSAL
SPL_0462	SPL_0392	MAGIC:Defensiva	GAME_PROPOSAL
SPL_0043		MAGIC:Suporte	GAME_PROPOSAL
SPL_0113	SPL_0043	MAGIC:Suporte	GAME_PROPOSAL
SPL_0183	SPL_0113	MAGIC:Suporte	GAME_PROPOSAL
SPL_0253	SPL_0183	MAGIC:Suporte	GAME_PROPOSAL
SPL_0323	SPL_0253	MAGIC:Suporte	GAME_PROPOSAL
SPL_0393	SPL_0323	MAGIC:Suporte	GAME_PROPOSAL
SPL_0463	SPL_0393	MAGIC:Suporte	GAME_PROPOSAL
SPL_0023	SPL_0463	MAGIC:Suporte	GAME_PROPOSAL
SPL_0093	SPL_0023	MAGIC:Suporte	GAME_PROPOSAL
SPL_0163	SPL_0093	MAGIC:Suporte	GAME_PROPOSAL
SPL_0233	SPL_0163	MAGIC:Suporte	GAME_PROPOSAL
SPL_0303	SPL_0233	MAGIC:Suporte	GAME_PROPOSAL
SPL_0373	SPL_0303	MAGIC:Suporte	GAME_PROPOSAL
SPL_0443	SPL_0373	MAGIC:Suporte	GAME_PROPOSAL
SPL_0003	SPL_0443	MAGIC:Suporte	GAME_PROPOSAL
SPL_0073	SPL_0003	MAGIC:Suporte	GAME_PROPOSAL
SPL_0143	SPL_0073	MAGIC:Suporte	GAME_PROPOSAL
SPL_0213	SPL_0143	MAGIC:Suporte	GAME_PROPOSAL
SPL_0283	SPL_0213	MAGIC:Suporte	GAME_PROPOSAL
SPL_0353	SPL_0283	MAGIC:Suporte	GAME_PROPOSAL
SPL_0423	SPL_0353	MAGIC:Suporte	GAME_PROPOSAL
SPL_0493	SPL_0423	MAGIC:Suporte	GAME_PROPOSAL
SPL_0053	SPL_0493	MAGIC:Suporte	GAME_PROPOSAL
SPL_0123	SPL_0053	MAGIC:Suporte	GAME_PROPOSAL
SPL_0193	SPL_0123	MAGIC:Suporte	GAME_PROPOSAL
SPL_0263	SPL_0193	MAGIC:Suporte	GAME_PROPOSAL
SPL_0333	SPL_0263	MAGIC:Suporte	GAME_PROPOSAL
SPL_0403	SPL_0333	MAGIC:Suporte	GAME_PROPOSAL
SPL_0473	SPL_0403	MAGIC:Suporte	GAME_PROPOSAL
SPL_0033	SPL_0473	MAGIC:Suporte	GAME_PROPOSAL
SPL_0103	SPL_0033	MAGIC:Suporte	GAME_PROPOSAL
SPL_0173	SPL_0103	MAGIC:Suporte	GAME_PROPOSAL
SPL_0243	SPL_0173	MAGIC:Suporte	GAME_PROPOSAL
SPL_0313	SPL_0243	MAGIC:Suporte	GAME_PROPOSAL
SPL_0383	SPL_0313	MAGIC:Suporte	GAME_PROPOSAL
SPL_0453	SPL_0383	MAGIC:Suporte	GAME_PROPOSAL
SPL_0013	SPL_0453	MAGIC:Suporte	GAME_PROPOSAL
SPL_0083	SPL_0013	MAGIC:Suporte	GAME_PROPOSAL
SPL_0153	SPL_0083	MAGIC:Suporte	GAME_PROPOSAL
SPL_0223	SPL_0153	MAGIC:Suporte	GAME_PROPOSAL
SPL_0293	SPL_0223	MAGIC:Suporte	GAME_PROPOSAL
SPL_0363	SPL_0293	MAGIC:Suporte	GAME_PROPOSAL
SPL_0433	SPL_0363	MAGIC:Suporte	GAME_PROPOSAL
SPL_0063	SPL_0433	MAGIC:Suporte	GAME_PROPOSAL
SPL_0133	SPL_0063	MAGIC:Suporte	GAME_PROPOSAL
SPL_0203	SPL_0133	MAGIC:Suporte	GAME_PROPOSAL
SPL_0273	SPL_0203	MAGIC:Suporte	GAME_PROPOSAL
SPL_0343	SPL_0273	MAGIC:Suporte	GAME_PROPOSAL
SPL_0413	SPL_0343	MAGIC:Suporte	GAME_PROPOSAL
SPL_0483	SPL_0413	MAGIC:Suporte	GAME_PROPOSAL
SPL_0064		MAGIC:Controle	GAME_PROPOSAL
SPL_0134	SPL_0064	MAGIC:Controle	GAME_PROPOSAL
SPL_0204	SPL_0134	MAGIC:Controle	GAME_PROPOSAL
SPL_0274	SPL_0204	MAGIC:Controle	GAME_PROPOSAL
SPL_0344	SPL_0274	MAGIC:Controle	GAME_PROPOSAL
SPL_0414	SPL_0344	MAGIC:Controle	GAME_PROPOSAL
SPL_0484	SPL_0414	MAGIC:Controle	GAME_PROPOSAL
SPL_0044	SPL_0484	MAGIC:Controle	GAME_PROPOSAL
SPL_0114	SPL_0044	MAGIC:Controle	GAME_PROPOSAL
SPL_0184	SPL_0114	MAGIC:Controle	GAME_PROPOSAL
SPL_0254	SPL_0184	MAGIC:Controle	GAME_PROPOSAL
SPL_0324	SPL_0254	MAGIC:Controle	GAME_PROPOSAL
SPL_0394	SPL_0324	MAGIC:Controle	GAME_PROPOSAL
SPL_0464	SPL_0394	MAGIC:Controle	GAME_PROPOSAL
SPL_0024	SPL_0464	MAGIC:Controle	GAME_PROPOSAL
SPL_0094	SPL_0024	MAGIC:Controle	GAME_PROPOSAL
SPL_0164	SPL_0094	MAGIC:Controle	GAME_PROPOSAL
SPL_0234	SPL_0164	MAGIC:Controle	GAME_PROPOSAL
SPL_0304	SPL_0234	MAGIC:Controle	GAME_PROPOSAL
SPL_0374	SPL_0304	MAGIC:Controle	GAME_PROPOSAL
SPL_0444	SPL_0374	MAGIC:Controle	GAME_PROPOSAL
SPL_0004	SPL_0444	MAGIC:Controle	GAME_PROPOSAL
SPL_0074	SPL_0004	MAGIC:Controle	GAME_PROPOSAL
SPL_0144	SPL_0074	MAGIC:Controle	GAME_PROPOSAL
SPL_0214	SPL_0144	MAGIC:Controle	GAME_PROPOSAL
SPL_0284	SPL_0214	MAGIC:Controle	GAME_PROPOSAL
SPL_0354	SPL_0284	MAGIC:Controle	GAME_PROPOSAL
SPL_0424	SPL_0354	MAGIC:Controle	GAME_PROPOSAL
SPL_0494	SPL_0424	MAGIC:Controle	GAME_PROPOSAL
SPL_0054	SPL_0494	MAGIC:Controle	GAME_PROPOSAL
SPL_0124	SPL_0054	MAGIC:Controle	GAME_PROPOSAL
SPL_0194	SPL_0124	MAGIC:Controle	GAME_PROPOSAL
SPL_0264	SPL_0194	MAGIC:Controle	GAME_PROPOSAL
SPL_0334	SPL_0264	MAGIC:Controle	GAME_PROPOSAL
SPL_0404	SPL_0334	MAGIC:Controle	GAME_PROPOSAL
SPL_0474	SPL_0404	MAGIC:Controle	GAME_PROPOSAL
SPL_0034	SPL_0474	MAGIC:Controle	GAME_PROPOSAL
SPL_0104	SPL_0034	MAGIC:Controle	GAME_PROPOSAL
SPL_0174	SPL_0104	MAGIC:Controle	GAME_PROPOSAL
SPL_0244	SPL_0174	MAGIC:Controle	GAME_PROPOSAL
SPL_0314	SPL_0244	MAGIC:Controle	GAME_PROPOSAL
SPL_0384	SPL_0314	MAGIC:Controle	GAME_PROPOSAL
SPL_0454	SPL_0384	MAGIC:Controle	GAME_PROPOSAL
SPL_0014	SPL_0454	MAGIC:Controle	GAME_PROPOSAL
SPL_0084	SPL_0014	MAGIC:Controle	GAME_PROPOSAL
SPL_0154	SPL_0084	MAGIC:Controle	GAME_PROPOSAL
SPL_0224	SPL_0154	MAGIC:Controle	GAME_PROPOSAL
SPL_0294	SPL_0224	MAGIC:Controle	GAME_PROPOSAL
SPL_0364	SPL_0294	MAGIC:Controle	GAME_PROPOSAL
SPL_0434	SPL_0364	MAGIC:Controle	GAME_PROPOSAL
SPL_0015		MAGIC:Ilusão	GAME_PROPOSAL
SPL_0085	SPL_0015	MAGIC:Ilusão	GAME_PROPOSAL
SPL_0155	SPL_0085	MAGIC:Ilusão	GAME_PROPOSAL
SPL_0225	SPL_0155	MAGIC:Ilusão	GAME_PROPOSAL
SPL_0295	SPL_0225	MAGIC:Ilusão	GAME_PROPOSAL
SPL_0365	SPL_0295	MAGIC:Ilusão	GAME_PROPOSAL
SPL_0435	SPL_0365	MAGIC:Ilusão	GAME_PROPOSAL
SPL_0065	SPL_0435	MAGIC:Ilusão	GAME_PROPOSAL
SPL_0135	SPL_0065	MAGIC:Ilusão	GAME_PROPOSAL
SPL_0205	SPL_0135	MAGIC:Ilusão	GAME_PROPOSAL
SPL_0275	SPL_0205	MAGIC:Ilusão	GAME_PROPOSAL
SPL_0345	SPL_0275	MAGIC:Ilusão	GAME_PROPOSAL
SPL_0415	SPL_0345	MAGIC:Ilusão	GAME_PROPOSAL
SPL_0485	SPL_0415	MAGIC:Ilusão	GAME_PROPOSAL
SPL_0045	SPL_0485	MAGIC:Ilusão	GAME_PROPOSAL
SPL_0115	SPL_0045	MAGIC:Ilusão	GAME_PROPOSAL
SPL_0185	SPL_0115	MAGIC:Ilusão	GAME_PROPOSAL
SPL_0255	SPL_0185	MAGIC:Ilusão	GAME_PROPOSAL
SPL_0325	SPL_0255	MAGIC:Ilusão	GAME_PROPOSAL
SPL_0395	SPL_0325	MAGIC:Ilusão	GAME_PROPOSAL
SPL_0465	SPL_0395	MAGIC:Ilusão	GAME_PROPOSAL
SPL_0025	SPL_0465	MAGIC:Ilusão	GAME_PROPOSAL
SPL_0095	SPL_0025	MAGIC:Ilusão	GAME_PROPOSAL
SPL_0165	SPL_0095	MAGIC:Ilusão	GAME_PROPOSAL
SPL_0235	SPL_0165	MAGIC:Ilusão	GAME_PROPOSAL
SPL_0305	SPL_0235	MAGIC:Ilusão	GAME_PROPOSAL
SPL_0375	SPL_0305	MAGIC:Ilusão	GAME_PROPOSAL
SPL_0445	SPL_0375	MAGIC:Ilusão	GAME_PROPOSAL
SPL_0005	SPL_0445	MAGIC:Ilusão	GAME_PROPOSAL
SPL_0075	SPL_0005	MAGIC:Ilusão	GAME_PROPOSAL
SPL_0145	SPL_0075	MAGIC:Ilusão	GAME_PROPOSAL
SPL_0215	SPL_0145	MAGIC:Ilusão	GAME_PROPOSAL
SPL_0285	SPL_0215	MAGIC:Ilusão	GAME_PROPOSAL
SPL_0355	SPL_0285	MAGIC:Ilusão	GAME_PROPOSAL
SPL_0425	SPL_0355	MAGIC:Ilusão	GAME_PROPOSAL
SPL_0495	SPL_0425	MAGIC:Ilusão	GAME_PROPOSAL
SPL_0055	SPL_0495	MAGIC:Ilusão	GAME_PROPOSAL
SPL_0125	SPL_0055	MAGIC:Ilusão	GAME_PROPOSAL
SPL_0195	SPL_0125	MAGIC:Ilusão	GAME_PROPOSAL
SPL_0265	SPL_0195	MAGIC:Ilusão	GAME_PROPOSAL
SPL_0335	SPL_0265	MAGIC:Ilusão	GAME_PROPOSAL
SPL_0405	SPL_0335	MAGIC:Ilusão	GAME_PROPOSAL
SPL_0475	SPL_0405	MAGIC:Ilusão	GAME_PROPOSAL
SPL_0035	SPL_0475	MAGIC:Ilusão	GAME_PROPOSAL
SPL_0105	SPL_0035	MAGIC:Ilusão	GAME_PROPOSAL
SPL_0175	SPL_0105	MAGIC:Ilusão	GAME_PROPOSAL
SPL_0245	SPL_0175	MAGIC:Ilusão	GAME_PROPOSAL
SPL_0315	SPL_0245	MAGIC:Ilusão	GAME_PROPOSAL
SPL_0385	SPL_0315	MAGIC:Ilusão	GAME_PROPOSAL
SPL_0455	SPL_0385	MAGIC:Ilusão	GAME_PROPOSAL
SPL_0036		MAGIC:Ritual	GAME_PROPOSAL
SPL_0106	SPL_0036	MAGIC:Ritual	GAME_PROPOSAL
SPL_0176	SPL_0106	MAGIC:Ritual	GAME_PROPOSAL
SPL_0246	SPL_0176	MAGIC:Ritual	GAME_PROPOSAL
SPL_0316	SPL_0246	MAGIC:Ritual	GAME_PROPOSAL
SPL_0386	SPL_0316	MAGIC:Ritual	GAME_PROPOSAL
SPL_0456	SPL_0386	MAGIC:Ritual	GAME_PROPOSAL
SPL_0016	SPL_0456	MAGIC:Ritual	GAME_PROPOSAL
SPL_0086	SPL_0016	MAGIC:Ritual	GAME_PROPOSAL
SPL_0156	SPL_0086	MAGIC:Ritual	GAME_PROPOSAL
SPL_0226	SPL_0156	MAGIC:Ritual	GAME_PROPOSAL
SPL_0296	SPL_0226	MAGIC:Ritual	GAME_PROPOSAL
SPL_0366	SPL_0296	MAGIC:Ritual	GAME_PROPOSAL
SPL_0436	SPL_0366	MAGIC:Ritual	GAME_PROPOSAL
SPL_0066	SPL_0436	MAGIC:Ritual	GAME_PROPOSAL
SPL_0136	SPL_0066	MAGIC:Ritual	GAME_PROPOSAL
SPL_0206	SPL_0136	MAGIC:Ritual	GAME_PROPOSAL
SPL_0276	SPL_0206	MAGIC:Ritual	GAME_PROPOSAL
SPL_0346	SPL_0276	MAGIC:Ritual	GAME_PROPOSAL
SPL_0416	SPL_0346	MAGIC:Ritual	GAME_PROPOSAL
SPL_0486	SPL_0416	MAGIC:Ritual	GAME_PROPOSAL
SPL_0046	SPL_0486	MAGIC:Ritual	GAME_PROPOSAL
SPL_0116	SPL_0046	MAGIC:Ritual	GAME_PROPOSAL
SPL_0186	SPL_0116	MAGIC:Ritual	GAME_PROPOSAL
SPL_0256	SPL_0186	MAGIC:Ritual	GAME_PROPOSAL
SPL_0326	SPL_0256	MAGIC:Ritual	GAME_PROPOSAL
SPL_0396	SPL_0326	MAGIC:Ritual	GAME_PROPOSAL
SPL_0466	SPL_0396	MAGIC:Ritual	GAME_PROPOSAL
SPL_0026	SPL_0466	MAGIC:Ritual	GAME_PROPOSAL
SPL_0096	SPL_0026	MAGIC:Ritual	GAME_PROPOSAL
SPL_0166	SPL_0096	MAGIC:Ritual	GAME_PROPOSAL
SPL_0236	SPL_0166	MAGIC:Ritual	GAME_PROPOSAL
SPL_0306	SPL_0236	MAGIC:Ritual	GAME_PROPOSAL
SPL_0376	SPL_0306	MAGIC:Ritual	GAME_PROPOSAL
SPL_0446	SPL_0376	MAGIC:Ritual	GAME_PROPOSAL
SPL_0006	SPL_0446	MAGIC:Ritual	GAME_PROPOSAL
SPL_0076	SPL_0006	MAGIC:Ritual	GAME_PROPOSAL
SPL_0146	SPL_0076	MAGIC:Ritual	GAME_PROPOSAL
SPL_0216	SPL_0146	MAGIC:Ritual	GAME_PROPOSAL
SPL_0286	SPL_0216	MAGIC:Ritual	GAME_PROPOSAL
SPL_0356	SPL_0286	MAGIC:Ritual	GAME_PROPOSAL
SPL_0426	SPL_0356	MAGIC:Ritual	GAME_PROPOSAL
SPL_0496	SPL_0426	MAGIC:Ritual	GAME_PROPOSAL
SPL_0056	SPL_0496	MAGIC:Ritual	GAME_PROPOSAL
SPL_0126	SPL_0056	MAGIC:Ritual	GAME_PROPOSAL
SPL_0196	SPL_0126	MAGIC:Ritual	GAME_PROPOSAL
SPL_0266	SPL_0196	MAGIC:Ritual	GAME_PROPOSAL
SPL_0336	SPL_0266	MAGIC:Ritual	GAME_PROPOSAL
SPL_0406	SPL_0336	MAGIC:Ritual	GAME_PROPOSAL
SPL_0476	SPL_0406	MAGIC:Ritual	GAME_PROPOSAL
SPL_0057		MAGIC:Invocação	GAME_PROPOSAL
SPL_0127	SPL_0057	MAGIC:Invocação	GAME_PROPOSAL
SPL_0197	SPL_0127	MAGIC:Invocação	GAME_PROPOSAL
SPL_0267	SPL_0197	MAGIC:Invocação	GAME_PROPOSAL
SPL_0337	SPL_0267	MAGIC:Invocação	GAME_PROPOSAL
SPL_0407	SPL_0337	MAGIC:Invocação	GAME_PROPOSAL
SPL_0477	SPL_0407	MAGIC:Invocação	GAME_PROPOSAL
SPL_0037	SPL_0477	MAGIC:Invocação	GAME_PROPOSAL
SPL_0107	SPL_0037	MAGIC:Invocação	GAME_PROPOSAL
SPL_0177	SPL_0107	MAGIC:Invocação	GAME_PROPOSAL
SPL_0247	SPL_0177	MAGIC:Invocação	GAME_PROPOSAL
SPL_0317	SPL_0247	MAGIC:Invocação	GAME_PROPOSAL
SPL_0387	SPL_0317	MAGIC:Invocação	GAME_PROPOSAL
SPL_0457	SPL_0387	MAGIC:Invocação	GAME_PROPOSAL
SPL_0017	SPL_0457	MAGIC:Invocação	GAME_PROPOSAL
SPL_0087	SPL_0017	MAGIC:Invocação	GAME_PROPOSAL
SPL_0157	SPL_0087	MAGIC:Invocação	GAME_PROPOSAL
SPL_0227	SPL_0157	MAGIC:Invocação	GAME_PROPOSAL
SPL_0297	SPL_0227	MAGIC:Invocação	GAME_PROPOSAL
SPL_0367	SPL_0297	MAGIC:Invocação	GAME_PROPOSAL
SPL_0437	SPL_0367	MAGIC:Invocação	GAME_PROPOSAL
SPL_0067	SPL_0437	MAGIC:Invocação	GAME_PROPOSAL
SPL_0137	SPL_0067	MAGIC:Invocação	GAME_PROPOSAL
SPL_0207	SPL_0137	MAGIC:Invocação	GAME_PROPOSAL
SPL_0277	SPL_0207	MAGIC:Invocação	GAME_PROPOSAL
SPL_0347	SPL_0277	MAGIC:Invocação	GAME_PROPOSAL
SPL_0417	SPL_0347	MAGIC:Invocação	GAME_PROPOSAL
SPL_0487	SPL_0417	MAGIC:Invocação	GAME_PROPOSAL
SPL_0047	SPL_0487	MAGIC:Invocação	GAME_PROPOSAL
SPL_0117	SPL_0047	MAGIC:Invocação	GAME_PROPOSAL
SPL_0187	SPL_0117	MAGIC:Invocação	GAME_PROPOSAL
SPL_0257	SPL_0187	MAGIC:Invocação	GAME_PROPOSAL
SPL_0327	SPL_0257	MAGIC:Invocação	GAME_PROPOSAL
SPL_0397	SPL_0327	MAGIC:Invocação	GAME_PROPOSAL
SPL_0467	SPL_0397	MAGIC:Invocação	GAME_PROPOSAL
SPL_0027	SPL_0467	MAGIC:Invocação	GAME_PROPOSAL
SPL_0097	SPL_0027	MAGIC:Invocação	GAME_PROPOSAL
SPL_0167	SPL_0097	MAGIC:Invocação	GAME_PROPOSAL
SPL_0237	SPL_0167	MAGIC:Invocação	GAME_PROPOSAL
SPL_0307	SPL_0237	MAGIC:Invocação	GAME_PROPOSAL
SPL_0377	SPL_0307	MAGIC:Invocação	GAME_PROPOSAL
SPL_0447	SPL_0377	MAGIC:Invocação	GAME_PROPOSAL
SPL_0007	SPL_0447	MAGIC:Invocação	GAME_PROPOSAL
SPL_0077	SPL_0007	MAGIC:Invocação	GAME_PROPOSAL
SPL_0147	SPL_0077	MAGIC:Invocação	GAME_PROPOSAL
SPL_0217	SPL_0147	MAGIC:Invocação	GAME_PROPOSAL
SPL_0287	SPL_0217	MAGIC:Invocação	GAME_PROPOSAL
SPL_0357	SPL_0287	MAGIC:Invocação	GAME_PROPOSAL
SPL_0427	SPL_0357	MAGIC:Invocação	GAME_PROPOSAL
SPL_0497	SPL_0427	MAGIC:Invocação	GAME_PROPOSAL
SPL_0008		MAGIC:Selamento	GAME_PROPOSAL
SPL_0078	SPL_0008	MAGIC:Selamento	GAME_PROPOSAL
SPL_0148	SPL_0078	MAGIC:Selamento	GAME_PROPOSAL
SPL_0218	SPL_0148	MAGIC:Selamento	GAME_PROPOSAL
SPL_0288	SPL_0218	MAGIC:Selamento	GAME_PROPOSAL
SPL_0358	SPL_0288	MAGIC:Selamento	GAME_PROPOSAL
SPL_0428	SPL_0358	MAGIC:Selamento	GAME_PROPOSAL
SPL_0498	SPL_0428	MAGIC:Selamento	GAME_PROPOSAL
SPL_0058	SPL_0498	MAGIC:Selamento	GAME_PROPOSAL
SPL_0128	SPL_0058	MAGIC:Selamento	GAME_PROPOSAL
SPL_0198	SPL_0128	MAGIC:Selamento	GAME_PROPOSAL
SPL_0268	SPL_0198	MAGIC:Selamento	GAME_PROPOSAL
SPL_0338	SPL_0268	MAGIC:Selamento	GAME_PROPOSAL
SPL_0408	SPL_0338	MAGIC:Selamento	GAME_PROPOSAL
SPL_0478	SPL_0408	MAGIC:Selamento	GAME_PROPOSAL
SPL_0038	SPL_0478	MAGIC:Selamento	GAME_PROPOSAL
SPL_0108	SPL_0038	MAGIC:Selamento	GAME_PROPOSAL
SPL_0178	SPL_0108	MAGIC:Selamento	GAME_PROPOSAL
SPL_0248	SPL_0178	MAGIC:Selamento	GAME_PROPOSAL
SPL_0318	SPL_0248	MAGIC:Selamento	GAME_PROPOSAL
SPL_0388	SPL_0318	MAGIC:Selamento	GAME_PROPOSAL
SPL_0458	SPL_0388	MAGIC:Selamento	GAME_PROPOSAL
SPL_0018	SPL_0458	MAGIC:Selamento	GAME_PROPOSAL
SPL_0088	SPL_0018	MAGIC:Selamento	GAME_PROPOSAL
SPL_0158	SPL_0088	MAGIC:Selamento	GAME_PROPOSAL
SPL_0228	SPL_0158	MAGIC:Selamento	GAME_PROPOSAL
SPL_0298	SPL_0228	MAGIC:Selamento	GAME_PROPOSAL
SPL_0368	SPL_0298	MAGIC:Selamento	GAME_PROPOSAL
SPL_0438	SPL_0368	MAGIC:Selamento	GAME_PROPOSAL
SPL_0068	SPL_0438	MAGIC:Selamento	GAME_PROPOSAL
SPL_0138	SPL_0068	MAGIC:Selamento	GAME_PROPOSAL
SPL_0208	SPL_0138	MAGIC:Selamento	GAME_PROPOSAL
SPL_0278	SPL_0208	MAGIC:Selamento	GAME_PROPOSAL
SPL_0348	SPL_0278	MAGIC:Selamento	GAME_PROPOSAL
SPL_0418	SPL_0348	MAGIC:Selamento	GAME_PROPOSAL
SPL_0488	SPL_0418	MAGIC:Selamento	GAME_PROPOSAL
SPL_0048	SPL_0488	MAGIC:Selamento	GAME_PROPOSAL
SPL_0118	SPL_0048	MAGIC:Selamento	GAME_PROPOSAL
SPL_0188	SPL_0118	MAGIC:Selamento	GAME_PROPOSAL
SPL_0258	SPL_0188	MAGIC:Selamento	GAME_PROPOSAL
SPL_0328	SPL_0258	MAGIC:Selamento	GAME_PROPOSAL
SPL_0398	SPL_0328	MAGIC:Selamento	GAME_PROPOSAL
SPL_0468	SPL_0398	MAGIC:Selamento	GAME_PROPOSAL
SPL_0028	SPL_0468	MAGIC:Selamento	GAME_PROPOSAL
SPL_0098	SPL_0028	MAGIC:Selamento	GAME_PROPOSAL
SPL_0168	SPL_0098	MAGIC:Selamento	GAME_PROPOSAL
SPL_0238	SPL_0168	MAGIC:Selamento	GAME_PROPOSAL
SPL_0308	SPL_0238	MAGIC:Selamento	GAME_PROPOSAL
SPL_0378	SPL_0308	MAGIC:Selamento	GAME_PROPOSAL
SPL_0448	SPL_0378	MAGIC:Selamento	GAME_PROPOSAL
SPL_0029		MAGIC:Alquimia	GAME_PROPOSAL
SPL_0099	SPL_0029	MAGIC:Alquimia	GAME_PROPOSAL
SPL_0169	SPL_0099	MAGIC:Alquimia	GAME_PROPOSAL
SPL_0239	SPL_0169	MAGIC:Alquimia	GAME_PROPOSAL
SPL_0309	SPL_0239	MAGIC:Alquimia	GAME_PROPOSAL
SPL_0379	SPL_0309	MAGIC:Alquimia	GAME_PROPOSAL
SPL_0449	SPL_0379	MAGIC:Alquimia	GAME_PROPOSAL
SPL_0009	SPL_0449	MAGIC:Alquimia	GAME_PROPOSAL
SPL_0079	SPL_0009	MAGIC:Alquimia	GAME_PROPOSAL
SPL_0149	SPL_0079	MAGIC:Alquimia	GAME_PROPOSAL
SPL_0219	SPL_0149	MAGIC:Alquimia	GAME_PROPOSAL
SPL_0289	SPL_0219	MAGIC:Alquimia	GAME_PROPOSAL
SPL_0359	SPL_0289	MAGIC:Alquimia	GAME_PROPOSAL
SPL_0429	SPL_0359	MAGIC:Alquimia	GAME_PROPOSAL
SPL_0499	SPL_0429	MAGIC:Alquimia	GAME_PROPOSAL
SPL_0059	SPL_0499	MAGIC:Alquimia	GAME_PROPOSAL
SPL_0129	SPL_0059	MAGIC:Alquimia	GAME_PROPOSAL
SPL_0199	SPL_0129	MAGIC:Alquimia	GAME_PROPOSAL
SPL_0269	SPL_0199	MAGIC:Alquimia	GAME_PROPOSAL
SPL_0339	SPL_0269	MAGIC:Alquimia	GAME_PROPOSAL
SPL_0409	SPL_0339	MAGIC:Alquimia	GAME_PROPOSAL
SPL_0479	SPL_0409	MAGIC:Alquimia	GAME_PROPOSAL
SPL_0039	SPL_0479	MAGIC:Alquimia	GAME_PROPOSAL
SPL_0109	SPL_0039	MAGIC:Alquimia	GAME_PROPOSAL
SPL_0179	SPL_0109	MAGIC:Alquimia	GAME_PROPOSAL
SPL_0249	SPL_0179	MAGIC:Alquimia	GAME_PROPOSAL
SPL_0319	SPL_0249	MAGIC:Alquimia	GAME_PROPOSAL
SPL_0389	SPL_0319	MAGIC:Alquimia	GAME_PROPOSAL
SPL_0459	SPL_0389	MAGIC:Alquimia	GAME_PROPOSAL
SPL_0019	SPL_0459	MAGIC:Alquimia	GAME_PROPOSAL
SPL_0089	SPL_0019	MAGIC:Alquimia	GAME_PROPOSAL
SPL_0159	SPL_0089	MAGIC:Alquimia	GAME_PROPOSAL
SPL_0229	SPL_0159	MAGIC:Alquimia	GAME_PROPOSAL
SPL_0299	SPL_0229	MAGIC:Alquimia	GAME_PROPOSAL
SPL_0369	SPL_0299	MAGIC:Alquimia	GAME_PROPOSAL
SPL_0439	SPL_0369	MAGIC:Alquimia	GAME_PROPOSAL
SPL_0069	SPL_0439	MAGIC:Alquimia	GAME_PROPOSAL
SPL_0139	SPL_0069	MAGIC:Alquimia	GAME_PROPOSAL
SPL_0209	SPL_0139	MAGIC:Alquimia	GAME_PROPOSAL
SPL_0279	SPL_0209	MAGIC:Alquimia	GAME_PROPOSAL
SPL_0349	SPL_0279	MAGIC:Alquimia	GAME_PROPOSAL
SPL_0419	SPL_0349	MAGIC:Alquimia	GAME_PROPOSAL
SPL_0489	SPL_0419	MAGIC:Alquimia	GAME_PROPOSAL
SPL_0049	SPL_0489	MAGIC:Alquimia	GAME_PROPOSAL
SPL_0119	SPL_0049	MAGIC:Alquimia	GAME_PROPOSAL
SPL_0189	SPL_0119	MAGIC:Alquimia	GAME_PROPOSAL
SPL_0259	SPL_0189	MAGIC:Alquimia	GAME_PROPOSAL
SPL_0329	SPL_0259	MAGIC:Alquimia	GAME_PROPOSAL
SPL_0399	SPL_0329	MAGIC:Alquimia	GAME_PROPOSAL
SPL_0469	SPL_0399	MAGIC:Alquimia	GAME_PROPOSAL
SPL_0050		MAGIC:Arcana	GAME_PROPOSAL
SPL_0120	SPL_0050	MAGIC:Arcana	GAME_PROPOSAL
SPL_0190	SPL_0120	MAGIC:Arcana	GAME_PROPOSAL
SPL_0260	SPL_0190	MAGIC:Arcana	GAME_PROPOSAL
SPL_0330	SPL_0260	MAGIC:Arcana	GAME_PROPOSAL
SPL_0400	SPL_0330	MAGIC:Arcana	GAME_PROPOSAL
SPL_0470	SPL_0400	MAGIC:Arcana	GAME_PROPOSAL
SPL_0030	SPL_0470	MAGIC:Arcana	GAME_PROPOSAL
SPL_0100	SPL_0030	MAGIC:Arcana	GAME_PROPOSAL
SPL_0170	SPL_0100	MAGIC:Arcana	GAME_PROPOSAL
SPL_0240	SPL_0170	MAGIC:Arcana	GAME_PROPOSAL
SPL_0310	SPL_0240	MAGIC:Arcana	GAME_PROPOSAL
SPL_0380	SPL_0310	MAGIC:Arcana	GAME_PROPOSAL
SPL_0450	SPL_0380	MAGIC:Arcana	GAME_PROPOSAL
SPL_0010	SPL_0450	MAGIC:Arcana	GAME_PROPOSAL
SPL_0080	SPL_0010	MAGIC:Arcana	GAME_PROPOSAL
SPL_0150	SPL_0080	MAGIC:Arcana	GAME_PROPOSAL
SPL_0220	SPL_0150	MAGIC:Arcana	GAME_PROPOSAL
SPL_0290	SPL_0220	MAGIC:Arcana	GAME_PROPOSAL
SPL_0360	SPL_0290	MAGIC:Arcana	GAME_PROPOSAL
SPL_0430	SPL_0360	MAGIC:Arcana	GAME_PROPOSAL
SPL_0500	SPL_0430	MAGIC:Arcana	GAME_PROPOSAL
SPL_0060	SPL_0500	MAGIC:Arcana	GAME_PROPOSAL
SPL_0130	SPL_0060	MAGIC:Arcana	GAME_PROPOSAL
SPL_0200	SPL_0130	MAGIC:Arcana	GAME_PROPOSAL
SPL_0270	SPL_0200	MAGIC:Arcana	GAME_PROPOSAL
SPL_0340	SPL_0270	MAGIC:Arcana	GAME_PROPOSAL
SPL_0410	SPL_0340	MAGIC:Arcana	GAME_PROPOSAL
SPL_0480	SPL_0410	MAGIC:Arcana	GAME_PROPOSAL
SPL_0040	SPL_0480	MAGIC:Arcana	GAME_PROPOSAL
SPL_0110	SPL_0040	MAGIC:Arcana	GAME_PROPOSAL
SPL_0180	SPL_0110	MAGIC:Arcana	GAME_PROPOSAL
SPL_0250	SPL_0180	MAGIC:Arcana	GAME_PROPOSAL
SPL_0320	SPL_0250	MAGIC:Arcana	GAME_PROPOSAL
SPL_0390	SPL_0320	MAGIC:Arcana	GAME_PROPOSAL
SPL_0460	SPL_0390	MAGIC:Arcana	GAME_PROPOSAL
SPL_0020	SPL_0460	MAGIC:Arcana	GAME_PROPOSAL
SPL_0090	SPL_0020	MAGIC:Arcana	GAME_PROPOSAL
SPL_0160	SPL_0090	MAGIC:Arcana	GAME_PROPOSAL
SPL_0230	SPL_0160	MAGIC:Arcana	GAME_PROPOSAL
SPL_0300	SPL_0230	MAGIC:Arcana	GAME_PROPOSAL
SPL_0370	SPL_0300	MAGIC:Arcana	GAME_PROPOSAL
SPL_0440	SPL_0370	MAGIC:Arcana	GAME_PROPOSAL
SPL_0070	SPL_0440	MAGIC:Arcana	GAME_PROPOSAL
SPL_0140	SPL_0070	MAGIC:Arcana	GAME_PROPOSAL
SPL_0210	SPL_0140	MAGIC:Arcana	GAME_PROPOSAL
SPL_0280	SPL_0210	MAGIC:Arcana	GAME_PROPOSAL
SPL_0350	SPL_0280	MAGIC:Arcana	GAME_PROPOSAL
SPL_0420	SPL_0350	MAGIC:Arcana	GAME_PROPOSAL
SPL_0490	SPL_0420	MAGIC:Arcana	GAME_PROPOSAL
