id	equipment	tier	name	description	status
ARM_001	Espada	1	Canalização de Espada — Nível 1	Técnica de Vellum Armorial para Espada. O significado exato de cada nível é uma proposta de jogo enquanto o cânone permanece aberto.	GAME_PROPOSAL
ARM_002	Espada	2	Canalização de Espada — Nível 2	Técnica de Vellum Armorial para Espada. O significado exato de cada nível é uma proposta de jogo enquanto o cânone permanece aberto.	GAME_PROPOSAL
ARM_003	Espada	3	Canalização de Espada — Nível 3	Técnica de Vellum Armorial para Espada. O significado exato de cada nível é uma proposta de jogo enquanto o cânone permanece aberto.	GAME_PROPOSAL
ARM_004	Espada	4	Canalização de Espada — Nível 4	Técnica de Vellum Armorial para Espada. O significado exato de cada nível é uma proposta de jogo enquanto o cânone permanece aberto.	GAME_PROPOSAL
ARM_005	Espada	5	Canalização de Espada — Nível 5	Técnica de Vellum Armorial para Espada. O significado exato de cada nível é uma proposta de jogo enquanto o cânone permanece aberto.	GAME_PROPOSAL
ARM_006	Espada	6	Canalização de Espada — Nível 6	Técnica de Vellum Armorial para Espada. O significado exato de cada nível é uma proposta de jogo enquanto o cânone permanece aberto.	GAME_PROPOSAL
ARM_007	Espada	7	Canalização de Espada — Nível 7	Técnica de Vellum Armorial para Espada. O significado exato de cada nível é uma proposta de jogo enquanto o cânone permanece aberto.	GAME_PROPOSAL
ARM_008	Lança	1	Canalização de Lança — Nível 1	Técnica de Vellum Armorial para Lança. O significado exato de cada nível é uma proposta de jogo enquanto o cânone permanece aberto.	GAME_PROPOSAL
ARM_009	Lança	2	Canalização de Lança — Nível 2	Técnica de Vellum Armorial para Lança. O significado exato de cada nível é uma proposta de jogo enquanto o cânone permanece aberto.	GAME_PROPOSAL
ARM_010	Lança	3	Canalização de Lança — Nível 3	Técnica de Vellum Armorial para Lança. O significado exato de cada nível é uma proposta de jogo enquanto o cânone permanece aberto.	GAME_PROPOSAL
ARM_011	Lança	4	Canalização de Lança — Nível 4	Técnica de Vellum Armorial para Lança. O significado exato de cada nível é uma proposta de jogo enquanto o cânone permanece aberto.	GAME_PROPOSAL
ARM_012	Lança	5	Canalização de Lança — Nível 5	Técnica de Vellum Armorial para Lança. O significado exato de cada nível é uma proposta de jogo enquanto o cânone permanece aberto.	GAME_PROPOSAL
ARM_013	Lança	6	Canalização de Lança — Nível 6	Técnica de Vellum Armorial para Lança. O significado exato de cada nível é uma proposta de jogo enquanto o cânone permanece aberto.	GAME_PROPOSAL
ARM_014	Lança	7	Canalização de Lança — Nível 7	Técnica de Vellum Armorial para Lança. O significado exato de cada nível é uma proposta de jogo enquanto o cânone permanece aberto.	GAME_PROPOSAL
ARM_015	Machado	1	Canalização de Machado — Nível 1	Técnica de Vellum Armorial para Machado. O significado exato de cada nível é uma proposta de jogo enquanto o cânone permanece aberto.	GAME_PROPOSAL
ARM_016	Machado	2	Canalização de Machado — Nível 2	Técnica de Vellum Armorial para Machado. O significado exato de cada nível é uma proposta de jogo enquanto o cânone permanece aberto.	GAME_PROPOSAL
ARM_017	Machado	3	Canalização de Machado — Nível 3	Técnica de Vellum Armorial para Machado. O significado exato de cada nível é uma proposta de jogo enquanto o cânone permanece aberto.	GAME_PROPOSAL
ARM_018	Machado	4	Canalização de Machado — Nível 4	Técnica de Vellum Armorial para Machado. O significado exato de cada nível é uma proposta de jogo enquanto o cânone permanece aberto.	GAME_PROPOSAL
ARM_019	Machado	5	Canalização de Machado — Nível 5	Técnica de Vellum Armorial para Machado. O significado exato de cada nível é uma proposta de jogo enquanto o cânone permanece aberto.	GAME_PROPOSAL
ARM_020	Machado	6	Canalização de Machado — Nível 6	Técnica de Vellum Armorial para Machado. O significado exato de cada nível é uma proposta de jogo enquanto o cânone permanece aberto.	GAME_PROPOSAL
ARM_021	Machado	7	Canalização de Machado — Nível 7	Técnica de Vellum Armorial para Machado. O significado exato de cada nível é uma proposta de jogo enquanto o cânone permanece aberto.	GAME_PROPOSAL
ARM_022	Maça	1	Canalização de Maça — Nível 1	Técnica de Vellum Armorial para Maça. O significado exato de cada nível é uma proposta de jogo enquanto o cânone permanece aberto.	GAME_PROPOSAL
ARM_023	Maça	2	Canalização de Maça — Nível 2	Técnica de Vellum Armorial para Maça. O significado exato de cada nível é uma proposta de jogo enquanto o cânone permanece aberto.	GAME_PROPOSAL
ARM_024	Maça	3	Canalização de Maça — Nível 3	Técnica de Vellum Armorial para Maça. O significado exato de cada nível é uma proposta de jogo enquanto o cânone permanece aberto.	GAME_PROPOSAL
ARM_025	Maça	4	Canalização de Maça — Nível 4	Técnica de Vellum Armorial para Maça. O significado exato de cada nível é uma proposta de jogo enquanto o cânone permanece aberto.	GAME_PROPOSAL
ARM_026	Maça	5	Canalização de Maça — Nível 5	Técnica de Vellum Armorial para Maça. O significado exato de cada nível é uma proposta de jogo enquanto o cânone permanece aberto.	GAME_PROPOSAL
ARM_027	Maça	6	Canalização de Maça — Nível 6	Técnica de Vellum Armorial para Maça. O significado exato de cada nível é uma proposta de jogo enquanto o cânone permanece aberto.	GAME_PROPOSAL
ARM_028	Maça	7	Canalização de Maça — Nível 7	Técnica de Vellum Armorial para Maça. O significado exato de cada nível é uma proposta de jogo enquanto o cânone permanece aberto.	GAME_PROPOSAL
ARM_029	Arco	1	Canalização de Arco — Nível 1	Técnica de Vellum Armorial para Arco. O significado exato de cada nível é uma proposta de jogo enquanto o cânone permanece aberto.	GAME_PROPOSAL
ARM_030	Arco	2	Canalização de Arco — Nível 2	Técnica de Vellum Armorial para Arco. O significado exato de cada nível é uma proposta de jogo enquanto o cânone permanece aberto.	GAME_PROPOSAL
ARM_031	Arco	3	Canalização de Arco — Nível 3	Técnica de Vellum Armorial para Arco. O significado exato de cada nível é uma proposta de jogo enquanto o cânone permanece aberto.	GAME_PROPOSAL
ARM_032	Arco	4	Canalização de Arco — Nível 4	Técnica de Vellum Armorial para Arco. O significado exato de cada nível é uma proposta de jogo enquanto o cânone permanece aberto.	GAME_PROPOSAL
ARM_033	Arco	5	Canalização de Arco — Nível 5	Técnica de Vellum Armorial para Arco. O significado exato de cada nível é uma proposta de jogo enquanto o cânone permanece aberto.	GAME_PROPOSAL
ARM_034	Arco	6	Canalização de Arco — Nível 6	Técnica de Vellum Armorial para Arco. O significado exato de cada nível é uma proposta de jogo enquanto o cânone permanece aberto.	GAME_PROPOSAL
ARM_035	Arco	7	Canalização de Arco — Nível 7	Técnica de Vellum Armorial para Arco. O significado exato de cada nível é uma proposta de jogo enquanto o cânone permanece aberto.	GAME_PROPOSAL
ARM_036	Adaga	1	Canalização de Adaga — Nível 1	Técnica de Vellum Armorial para Adaga. O significado exato de cada nível é uma proposta de jogo enquanto o cânone permanece aberto.	GAME_PROPOSAL
ARM_037	Adaga	2	Canalização de Adaga — Nível 2	Técnica de Vellum Armorial para Adaga. O significado exato de cada nível é uma proposta de jogo enquanto o cânone permanece aberto.	GAME_PROPOSAL
ARM_038	Adaga	3	Canalização de Adaga — Nível 3	Técnica de Vellum Armorial para Adaga. O significado exato de cada nível é uma proposta de jogo enquanto o cânone permanece aberto.	GAME_PROPOSAL
ARM_039	Adaga	4	Canalização de Adaga — Nível 4	Técnica de Vellum Armorial para Adaga. O significado exato de cada nível é uma proposta de jogo enquanto o cânone permanece aberto.	GAME_PROPOSAL
ARM_040	Adaga	5	Canalização de Adaga — Nível 5	Técnica de Vellum Armorial para Adaga. O significado exato de cada nível é uma proposta de jogo enquanto o cânone permanece aberto.	GAME_PROPOSAL
ARM_041	Adaga	6	Canalização de Adaga — Nível 6	Técnica de Vellum Armorial para Adaga. O significado exato de cada nível é uma proposta de jogo enquanto o cânone permanece aberto.	GAME_PROPOSAL
ARM_042	Adaga	7	Canalização de Adaga — Nível 7	Técnica de Vellum Armorial para Adaga. O significado exato de cada nível é uma proposta de jogo enquanto o cânone permanece aberto.	GAME_PROPOSAL
ARM_043	Escudo	1	Canalização de Escudo — Nível 1	Técnica de Vellum Armorial para Escudo. O significado exato de cada nível é uma proposta de jogo enquanto o cânone permanece aberto.	GAME_PROPOSAL
ARM_044	Escudo	2	Canalização de Escudo — Nível 2	Técnica de Vellum Armorial para Escudo. O significado exato de cada nível é uma proposta de jogo enquanto o cânone permanece aberto.	GAME_PROPOSAL
ARM_045	Escudo	3	Canalização de Escudo — Nível 3	Técnica de Vellum Armorial para Escudo. O significado exato de cada nível é uma proposta de jogo enquanto o cânone permanece aberto.	GAME_PROPOSAL
ARM_046	Escudo	4	Canalização de Escudo — Nível 4	Técnica de Vellum Armorial para Escudo. O significado exato de cada nível é uma proposta de jogo enquanto o cânone permanece aberto.	GAME_PROPOSAL
ARM_047	Escudo	5	Canalização de Escudo — Nível 5	Técnica de Vellum Armorial para Escudo. O significado exato de cada nível é uma proposta de jogo enquanto o cânone permanece aberto.	GAME_PROPOSAL
ARM_048	Escudo	6	Canalização de Escudo — Nível 6	Técnica de Vellum Armorial para Escudo. O significado exato de cada nível é uma proposta de jogo enquanto o cânone permanece aberto.	GAME_PROPOSAL
ARM_049	Escudo	7	Canalização de Escudo — Nível 7	Técnica de Vellum Armorial para Escudo. O significado exato de cada nível é uma proposta de jogo enquanto o cânone permanece aberto.	GAME_PROPOSAL
ARM_050	Elmo	1	Canalização de Elmo — Nível 1	Técnica de Vellum Armorial para Elmo. O significado exato de cada nível é uma proposta de jogo enquanto o cânone permanece aberto.	GAME_PROPOSAL
ARM_051	Elmo	2	Canalização de Elmo — Nível 2	Técnica de Vellum Armorial para Elmo. O significado exato de cada nível é uma proposta de jogo enquanto o cânone permanece aberto.	GAME_PROPOSAL
ARM_052	Elmo	3	Canalização de Elmo — Nível 3	Técnica de Vellum Armorial para Elmo. O significado exato de cada nível é uma proposta de jogo enquanto o cânone permanece aberto.	GAME_PROPOSAL
ARM_053	Elmo	4	Canalização de Elmo — Nível 4	Técnica de Vellum Armorial para Elmo. O significado exato de cada nível é uma proposta de jogo enquanto o cânone permanece aberto.	GAME_PROPOSAL
ARM_054	Elmo	5	Canalização de Elmo — Nível 5	Técnica de Vellum Armorial para Elmo. O significado exato de cada nível é uma proposta de jogo enquanto o cânone permanece aberto.	GAME_PROPOSAL
ARM_055	Elmo	6	Canalização de Elmo — Nível 6	Técnica de Vellum Armorial para Elmo. O significado exato de cada nível é uma proposta de jogo enquanto o cânone permanece aberto.	GAME_PROPOSAL
ARM_056	Elmo	7	Canalização de Elmo — Nível 7	Técnica de Vellum Armorial para Elmo. O significado exato de cada nível é uma proposta de jogo enquanto o cânone permanece aberto.	GAME_PROPOSAL
ARM_057	Peitoral	1	Canalização de Peitoral — Nível 1	Técnica de Vellum Armorial para Peitoral. O significado exato de cada nível é uma proposta de jogo enquanto o cânone permanece aberto.	GAME_PROPOSAL
ARM_058	Peitoral	2	Canalização de Peitoral — Nível 2	Técnica de Vellum Armorial para Peitoral. O significado exato de cada nível é uma proposta de jogo enquanto o cânone permanece aberto.	GAME_PROPOSAL
ARM_059	Peitoral	3	Canalização de Peitoral — Nível 3	Técnica de Vellum Armorial para Peitoral. O significado exato de cada nível é uma proposta de jogo enquanto o cânone permanece aberto.	GAME_PROPOSAL
ARM_060	Peitoral	4	Canalização de Peitoral — Nível 4	Técnica de Vellum Armorial para Peitoral. O significado exato de cada nível é uma proposta de jogo enquanto o cânone permanece aberto.	GAME_PROPOSAL
ARM_061	Peitoral	5	Canalização de Peitoral — Nível 5	Técnica de Vellum Armorial para Peitoral. O significado exato de cada nível é uma proposta de jogo enquanto o cânone permanece aberto.	GAME_PROPOSAL
ARM_062	Peitoral	6	Canalização de Peitoral — Nível 6	Técnica de Vellum Armorial para Peitoral. O significado exato de cada nível é uma proposta de jogo enquanto o cânone permanece aberto.	GAME_PROPOSAL
ARM_063	Peitoral	7	Canalização de Peitoral — Nível 7	Técnica de Vellum Armorial para Peitoral. O significado exato de cada nível é uma proposta de jogo enquanto o cânone permanece aberto.	GAME_PROPOSAL
ARM_064	Calça	1	Canalização de Calça — Nível 1	Técnica de Vellum Armorial para Calça. O significado exato de cada nível é uma proposta de jogo enquanto o cânone permanece aberto.	GAME_PROPOSAL
ARM_065	Calça	2	Canalização de Calça — Nível 2	Técnica de Vellum Armorial para Calça. O significado exato de cada nível é uma proposta de jogo enquanto o cânone permanece aberto.	GAME_PROPOSAL
ARM_066	Calça	3	Canalização de Calça — Nível 3	Técnica de Vellum Armorial para Calça. O significado exato de cada nível é uma proposta de jogo enquanto o cânone permanece aberto.	GAME_PROPOSAL
ARM_067	Calça	4	Canalização de Calça — Nível 4	Técnica de Vellum Armorial para Calça. O significado exato de cada nível é uma proposta de jogo enquanto o cânone permanece aberto.	GAME_PROPOSAL
ARM_068	Calça	5	Canalização de Calça — Nível 5	Técnica de Vellum Armorial para Calça. O significado exato de cada nível é uma proposta de jogo enquanto o cânone permanece aberto.	GAME_PROPOSAL
ARM_069	Calça	6	Canalização de Calça — Nível 6	Técnica de Vellum Armorial para Calça. O significado exato de cada nível é uma proposta de jogo enquanto o cânone permanece aberto.	GAME_PROPOSAL
ARM_070	Calça	7	Canalização de Calça — Nível 7	Técnica de Vellum Armorial para Calça. O significado exato de cada nível é uma proposta de jogo enquanto o cânone permanece aberto.	GAME_PROPOSAL
ARM_071	Botas	1	Canalização de Botas — Nível 1	Técnica de Vellum Armorial para Botas. O significado exato de cada nível é uma proposta de jogo enquanto o cânone permanece aberto.	GAME_PROPOSAL
ARM_072	Botas	2	Canalização de Botas — Nível 2	Técnica de Vellum Armorial para Botas. O significado exato de cada nível é uma proposta de jogo enquanto o cânone permanece aberto.	GAME_PROPOSAL
ARM_073	Botas	3	Canalização de Botas — Nível 3	Técnica de Vellum Armorial para Botas. O significado exato de cada nível é uma proposta de jogo enquanto o cânone permanece aberto.	GAME_PROPOSAL
ARM_074	Botas	4	Canalização de Botas — Nível 4	Técnica de Vellum Armorial para Botas. O significado exato de cada nível é uma proposta de jogo enquanto o cânone permanece aberto.	GAME_PROPOSAL
ARM_075	Botas	5	Canalização de Botas — Nível 5	Técnica de Vellum Armorial para Botas. O significado exato de cada nível é uma proposta de jogo enquanto o cânone permanece aberto.	GAME_PROPOSAL
ARM_076	Botas	6	Canalização de Botas — Nível 6	Técnica de Vellum Armorial para Botas. O significado exato de cada nível é uma proposta de jogo enquanto o cânone permanece aberto.	GAME_PROPOSAL
ARM_077	Botas	7	Canalização de Botas — Nível 7	Técnica de Vellum Armorial para Botas. O significado exato de cada nível é uma proposta de jogo enquanto o cânone permanece aberto.	GAME_PROPOSAL
ARM_078	Luvas	1	Canalização de Luvas — Nível 1	Técnica de Vellum Armorial para Luvas. O significado exato de cada nível é uma proposta de jogo enquanto o cânone permanece aberto.	GAME_PROPOSAL
ARM_079	Luvas	2	Canalização de Luvas — Nível 2	Técnica de Vellum Armorial para Luvas. O significado exato de cada nível é uma proposta de jogo enquanto o cânone permanece aberto.	GAME_PROPOSAL
ARM_080	Luvas	3	Canalização de Luvas — Nível 3	Técnica de Vellum Armorial para Luvas. O significado exato de cada nível é uma proposta de jogo enquanto o cânone permanece aberto.	GAME_PROPOSAL
ARM_081	Luvas	4	Canalização de Luvas — Nível 4	Técnica de Vellum Armorial para Luvas. O significado exato de cada nível é uma proposta de jogo enquanto o cânone permanece aberto.	GAME_PROPOSAL
ARM_082	Luvas	5	Canalização de Luvas — Nível 5	Técnica de Vellum Armorial para Luvas. O significado exato de cada nível é uma proposta de jogo enquanto o cânone permanece aberto.	GAME_PROPOSAL
ARM_083	Luvas	6	Canalização de Luvas — Nível 6	Técnica de Vellum Armorial para Luvas. O significado exato de cada nível é uma proposta de jogo enquanto o cânone permanece aberto.	GAME_PROPOSAL
ARM_084	Luvas	7	Canalização de Luvas — Nível 7	Técnica de Vellum Armorial para Luvas. O significado exato de cada nível é uma proposta de jogo enquanto o cânone permanece aberto.	GAME_PROPOSAL
ARM_085	Arma especial	1	Canalização de Arma especial — Nível 1	Técnica de Vellum Armorial para Arma especial. O significado exato de cada nível é uma proposta de jogo enquanto o cânone permanece aberto.	GAME_PROPOSAL
ARM_086	Arma especial	2	Canalização de Arma especial — Nível 2	Técnica de Vellum Armorial para Arma especial. O significado exato de cada nível é uma proposta de jogo enquanto o cânone permanece aberto.	GAME_PROPOSAL
ARM_087	Arma especial	3	Canalização de Arma especial — Nível 3	Técnica de Vellum Armorial para Arma especial. O significado exato de cada nível é uma proposta de jogo enquanto o cânone permanece aberto.	GAME_PROPOSAL
ARM_088	Arma especial	4	Canalização de Arma especial — Nível 4	Técnica de Vellum Armorial para Arma especial. O significado exato de cada nível é uma proposta de jogo enquanto o cânone permanece aberto.	GAME_PROPOSAL
ARM_089	Arma especial	5	Canalização de Arma especial — Nível 5	Técnica de Vellum Armorial para Arma especial. O significado exato de cada nível é uma proposta de jogo enquanto o cânone permanece aberto.	GAME_PROPOSAL
ARM_090	Arma especial	6	Canalização de Arma especial — Nível 6	Técnica de Vellum Armorial para Arma especial. O significado exato de cada nível é uma proposta de jogo enquanto o cânone permanece aberto.	GAME_PROPOSAL
ARM_091	Arma especial	7	Canalização de Arma especial — Nível 7	Técnica de Vellum Armorial para Arma especial. O significado exato de cada nível é uma proposta de jogo enquanto o cânone permanece aberto.	GAME_PROPOSAL
ARM_092	Equipamento	1	Canalização de Equipamento — Nível 1	Técnica de Vellum Armorial para Equipamento. O significado exato de cada nível é uma proposta de jogo enquanto o cânone permanece aberto.	GAME_PROPOSAL
ARM_093	Equipamento	2	Canalização de Equipamento — Nível 2	Técnica de Vellum Armorial para Equipamento. O significado exato de cada nível é uma proposta de jogo enquanto o cânone permanece aberto.	GAME_PROPOSAL
ARM_094	Equipamento	3	Canalização de Equipamento — Nível 3	Técnica de Vellum Armorial para Equipamento. O significado exato de cada nível é uma proposta de jogo enquanto o cânone permanece aberto.	GAME_PROPOSAL
ARM_095	Equipamento	4	Canalização de Equipamento — Nível 4	Técnica de Vellum Armorial para Equipamento. O significado exato de cada nível é uma proposta de jogo enquanto o cânone permanece aberto.	GAME_PROPOSAL
ARM_096	Equipamento	5	Canalização de Equipamento — Nível 5	Técnica de Vellum Armorial para Equipamento. O significado exato de cada nível é uma proposta de jogo enquanto o cânone permanece aberto.	GAME_PROPOSAL
ARM_097	Equipamento	6	Canalização de Equipamento — Nível 6	Técnica de Vellum Armorial para Equipamento. O significado exato de cada nível é uma proposta de jogo enquanto o cânone permanece aberto.	GAME_PROPOSAL
ARM_098	Equipamento	7	Canalização de Equipamento — Nível 7	Técnica de Vellum Armorial para Equipamento. O significado exato de cada nível é uma proposta de jogo enquanto o cânone permanece aberto.	GAME_PROPOSAL
