id	artId	art	realm	tier	name	description	status
MAR_001	AEL-01	Escola do Carvalho	Aeloria	1	Técnica da Escola do Carvalho — Grau 1	Técnica corporal de Vellum Marcial desenvolvida para a arte Escola do Carvalho. Conteúdo proposto para o jogo.	GAME_PROPOSAL
MAR_002	AEL-01	Escola do Carvalho	Aeloria	2	Técnica da Escola do Carvalho — Grau 2	Técnica corporal de Vellum Marcial desenvolvida para a arte Escola do Carvalho. Conteúdo proposto para o jogo.	GAME_PROPOSAL
MAR_003	AEL-01	Escola do Carvalho	Aeloria	3	Técnica da Escola do Carvalho — Grau 3	Técnica corporal de Vellum Marcial desenvolvida para a arte Escola do Carvalho. Conteúdo proposto para o jogo.	GAME_PROPOSAL
MAR_004	AEL-01	Escola do Carvalho	Aeloria	4	Técnica da Escola do Carvalho — Grau 4	Técnica corporal de Vellum Marcial desenvolvida para a arte Escola do Carvalho. Conteúdo proposto para o jogo.	GAME_PROPOSAL
MAR_005	AEL-01	Escola do Carvalho	Aeloria	5	Técnica da Escola do Carvalho — Grau 5	Técnica corporal de Vellum Marcial desenvolvida para a arte Escola do Carvalho. Conteúdo proposto para o jogo.	GAME_PROPOSAL
MAR_006	AEL-01	Escola do Carvalho	Aeloria	6	Técnica da Escola do Carvalho — Grau 6	Técnica corporal de Vellum Marcial desenvolvida para a arte Escola do Carvalho. Conteúdo proposto para o jogo.	GAME_PROPOSAL
MAR_007	AEL-01	Escola do Carvalho	Aeloria	7	Técnica da Escola do Carvalho — Grau 7	Técnica corporal de Vellum Marcial desenvolvida para a arte Escola do Carvalho. Conteúdo proposto para o jogo.	GAME_PROPOSAL
MAR_008	AEL-02	Punho da Ponte	Aeloria	1	Técnica da Punho da Ponte — Grau 1	Técnica corporal de Vellum Marcial desenvolvida para a arte Punho da Ponte. Conteúdo proposto para o jogo.	GAME_PROPOSAL
MAR_009	AEL-02	Punho da Ponte	Aeloria	2	Técnica da Punho da Ponte — Grau 2	Técnica corporal de Vellum Marcial desenvolvida para a arte Punho da Ponte. Conteúdo proposto para o jogo.	GAME_PROPOSAL
MAR_010	AEL-02	Punho da Ponte	Aeloria	3	Técnica da Punho da Ponte — Grau 3	Técnica corporal de Vellum Marcial desenvolvida para a arte Punho da Ponte. Conteúdo proposto para o jogo.	GAME_PROPOSAL
MAR_011	AEL-02	Punho da Ponte	Aeloria	4	Técnica da Punho da Ponte — Grau 4	Técnica corporal de Vellum Marcial desenvolvida para a arte Punho da Ponte. Conteúdo proposto para o jogo.	GAME_PROPOSAL
MAR_012	AEL-02	Punho da Ponte	Aeloria	5	Técnica da Punho da Ponte — Grau 5	Técnica corporal de Vellum Marcial desenvolvida para a arte Punho da Ponte. Conteúdo proposto para o jogo.	GAME_PROPOSAL
MAR_013	AEL-02	Punho da Ponte	Aeloria	6	Técnica da Punho da Ponte — Grau 6	Técnica corporal de Vellum Marcial desenvolvida para a arte Punho da Ponte. Conteúdo proposto para o jogo.	GAME_PROPOSAL
MAR_014	AEL-02	Punho da Ponte	Aeloria	7	Técnica da Punho da Ponte — Grau 7	Técnica corporal de Vellum Marcial desenvolvida para a arte Punho da Ponte. Conteúdo proposto para o jogo.	GAME_PROPOSAL
MAR_015	AEL-03	Lâmina de Valdora	Aeloria	1	Técnica da Lâmina de Valdora — Grau 1	Técnica corporal de Vellum Marcial desenvolvida para a arte Lâmina de Valdora. Conteúdo proposto para o jogo.	GAME_PROPOSAL
MAR_016	AEL-03	Lâmina de Valdora	Aeloria	2	Técnica da Lâmina de Valdora — Grau 2	Técnica corporal de Vellum Marcial desenvolvida para a arte Lâmina de Valdora. Conteúdo proposto para o jogo.	GAME_PROPOSAL
MAR_017	AEL-03	Lâmina de Valdora	Aeloria	3	Técnica da Lâmina de Valdora — Grau 3	Técnica corporal de Vellum Marcial desenvolvida para a arte Lâmina de Valdora. Conteúdo proposto para o jogo.	GAME_PROPOSAL
MAR_018	AEL-03	Lâmina de Valdora	Aeloria	4	Técnica da Lâmina de Valdora — Grau 4	Técnica corporal de Vellum Marcial desenvolvida para a arte Lâmina de Valdora. Conteúdo proposto para o jogo.	GAME_PROPOSAL
MAR_019	AEL-03	Lâmina de Valdora	Aeloria	5	Técnica da Lâmina de Valdora — Grau 5	Técnica corporal de Vellum Marcial desenvolvida para a arte Lâmina de Valdora. Conteúdo proposto para o jogo.	GAME_PROPOSAL
MAR_020	AEL-03	Lâmina de Valdora	Aeloria	6	Técnica da Lâmina de Valdora — Grau 6	Técnica corporal de Vellum Marcial desenvolvida para a arte Lâmina de Valdora. Conteúdo proposto para o jogo.	GAME_PROPOSAL
MAR_021	AEL-03	Lâmina de Valdora	Aeloria	7	Técnica da Lâmina de Valdora — Grau 7	Técnica corporal de Vellum Marcial desenvolvida para a arte Lâmina de Valdora. Conteúdo proposto para o jogo.	GAME_PROPOSAL
MAR_022	AEL-04	Passo de Stormhaven	Aeloria	1	Técnica da Passo de Stormhaven — Grau 1	Técnica corporal de Vellum Marcial desenvolvida para a arte Passo de Stormhaven. Conteúdo proposto para o jogo.	GAME_PROPOSAL
MAR_023	AEL-04	Passo de Stormhaven	Aeloria	2	Técnica da Passo de Stormhaven — Grau 2	Técnica corporal de Vellum Marcial desenvolvida para a arte Passo de Stormhaven. Conteúdo proposto para o jogo.	GAME_PROPOSAL
MAR_024	AEL-04	Passo de Stormhaven	Aeloria	3	Técnica da Passo de Stormhaven — Grau 3	Técnica corporal de Vellum Marcial desenvolvida para a arte Passo de Stormhaven. Conteúdo proposto para o jogo.	GAME_PROPOSAL
MAR_025	AEL-04	Passo de Stormhaven	Aeloria	4	Técnica da Passo de Stormhaven — Grau 4	Técnica corporal de Vellum Marcial desenvolvida para a arte Passo de Stormhaven. Conteúdo proposto para o jogo.	GAME_PROPOSAL
MAR_026	AEL-04	Passo de Stormhaven	Aeloria	5	Técnica da Passo de Stormhaven — Grau 5	Técnica corporal de Vellum Marcial desenvolvida para a arte Passo de Stormhaven. Conteúdo proposto para o jogo.	GAME_PROPOSAL
MAR_027	AEL-04	Passo de Stormhaven	Aeloria	6	Técnica da Passo de Stormhaven — Grau 6	Técnica corporal de Vellum Marcial desenvolvida para a arte Passo de Stormhaven. Conteúdo proposto para o jogo.	GAME_PROPOSAL
MAR_028	AEL-04	Passo de Stormhaven	Aeloria	7	Técnica da Passo de Stormhaven — Grau 7	Técnica corporal de Vellum Marcial desenvolvida para a arte Passo de Stormhaven. Conteúdo proposto para o jogo.	GAME_PROPOSAL
MAR_029	THA-01	Martelo Rúnico	Tharun	1	Técnica da Martelo Rúnico — Grau 1	Técnica corporal de Vellum Marcial desenvolvida para a arte Martelo Rúnico. Conteúdo proposto para o jogo.	GAME_PROPOSAL
MAR_030	THA-01	Martelo Rúnico	Tharun	2	Técnica da Martelo Rúnico — Grau 2	Técnica corporal de Vellum Marcial desenvolvida para a arte Martelo Rúnico. Conteúdo proposto para o jogo.	GAME_PROPOSAL
MAR_031	THA-01	Martelo Rúnico	Tharun	3	Técnica da Martelo Rúnico — Grau 3	Técnica corporal de Vellum Marcial desenvolvida para a arte Martelo Rúnico. Conteúdo proposto para o jogo.	GAME_PROPOSAL
MAR_032	THA-01	Martelo Rúnico	Tharun	4	Técnica da Martelo Rúnico — Grau 4	Técnica corporal de Vellum Marcial desenvolvida para a arte Martelo Rúnico. Conteúdo proposto para o jogo.	GAME_PROPOSAL
MAR_033	THA-01	Martelo Rúnico	Tharun	5	Técnica da Martelo Rúnico — Grau 5	Técnica corporal de Vellum Marcial desenvolvida para a arte Martelo Rúnico. Conteúdo proposto para o jogo.	GAME_PROPOSAL
MAR_034	THA-01	Martelo Rúnico	Tharun	6	Técnica da Martelo Rúnico — Grau 6	Técnica corporal de Vellum Marcial desenvolvida para a arte Martelo Rúnico. Conteúdo proposto para o jogo.	GAME_PROPOSAL
MAR_035	THA-01	Martelo Rúnico	Tharun	7	Técnica da Martelo Rúnico — Grau 7	Técnica corporal de Vellum Marcial desenvolvida para a arte Martelo Rúnico. Conteúdo proposto para o jogo.	GAME_PROPOSAL
MAR_036	THA-02	Punho da Montanha	Tharun	1	Técnica da Punho da Montanha — Grau 1	Técnica corporal de Vellum Marcial desenvolvida para a arte Punho da Montanha. Conteúdo proposto para o jogo.	GAME_PROPOSAL
MAR_037	THA-02	Punho da Montanha	Tharun	2	Técnica da Punho da Montanha — Grau 2	Técnica corporal de Vellum Marcial desenvolvida para a arte Punho da Montanha. Conteúdo proposto para o jogo.	GAME_PROPOSAL
MAR_038	THA-02	Punho da Montanha	Tharun	3	Técnica da Punho da Montanha — Grau 3	Técnica corporal de Vellum Marcial desenvolvida para a arte Punho da Montanha. Conteúdo proposto para o jogo.	GAME_PROPOSAL
MAR_039	THA-02	Punho da Montanha	Tharun	4	Técnica da Punho da Montanha — Grau 4	Técnica corporal de Vellum Marcial desenvolvida para a arte Punho da Montanha. Conteúdo proposto para o jogo.	GAME_PROPOSAL
MAR_040	THA-02	Punho da Montanha	Tharun	5	Técnica da Punho da Montanha — Grau 5	Técnica corporal de Vellum Marcial desenvolvida para a arte Punho da Montanha. Conteúdo proposto para o jogo.	GAME_PROPOSAL
MAR_041	THA-02	Punho da Montanha	Tharun	6	Técnica da Punho da Montanha — Grau 6	Técnica corporal de Vellum Marcial desenvolvida para a arte Punho da Montanha. Conteúdo proposto para o jogo.	GAME_PROPOSAL
MAR_042	THA-02	Punho da Montanha	Tharun	7	Técnica da Punho da Montanha — Grau 7	Técnica corporal de Vellum Marcial desenvolvida para a arte Punho da Montanha. Conteúdo proposto para o jogo.	GAME_PROPOSAL
MAR_043	NYS-01	Dança das Correntes	Nyssara	1	Técnica da Dança das Correntes — Grau 1	Técnica corporal de Vellum Marcial desenvolvida para a arte Dança das Correntes. Conteúdo proposto para o jogo.	GAME_PROPOSAL
MAR_044	NYS-01	Dança das Correntes	Nyssara	2	Técnica da Dança das Correntes — Grau 2	Técnica corporal de Vellum Marcial desenvolvida para a arte Dança das Correntes. Conteúdo proposto para o jogo.	GAME_PROPOSAL
MAR_045	NYS-01	Dança das Correntes	Nyssara	3	Técnica da Dança das Correntes — Grau 3	Técnica corporal de Vellum Marcial desenvolvida para a arte Dança das Correntes. Conteúdo proposto para o jogo.	GAME_PROPOSAL
MAR_046	NYS-01	Dança das Correntes	Nyssara	4	Técnica da Dança das Correntes — Grau 4	Técnica corporal de Vellum Marcial desenvolvida para a arte Dança das Correntes. Conteúdo proposto para o jogo.	GAME_PROPOSAL
MAR_047	NYS-01	Dança das Correntes	Nyssara	5	Técnica da Dança das Correntes — Grau 5	Técnica corporal de Vellum Marcial desenvolvida para a arte Dança das Correntes. Conteúdo proposto para o jogo.	GAME_PROPOSAL
MAR_048	NYS-01	Dança das Correntes	Nyssara	6	Técnica da Dança das Correntes — Grau 6	Técnica corporal de Vellum Marcial desenvolvida para a arte Dança das Correntes. Conteúdo proposto para o jogo.	GAME_PROPOSAL
MAR_049	NYS-01	Dança das Correntes	Nyssara	7	Técnica da Dança das Correntes — Grau 7	Técnica corporal de Vellum Marcial desenvolvida para a arte Dança das Correntes. Conteúdo proposto para o jogo.	GAME_PROPOSAL
MAR_050	VAL-01	Jura do Cavaleiro	Valkyrion	1	Técnica da Jura do Cavaleiro — Grau 1	Técnica corporal de Vellum Marcial desenvolvida para a arte Jura do Cavaleiro. Conteúdo proposto para o jogo.	GAME_PROPOSAL
MAR_051	VAL-01	Jura do Cavaleiro	Valkyrion	2	Técnica da Jura do Cavaleiro — Grau 2	Técnica corporal de Vellum Marcial desenvolvida para a arte Jura do Cavaleiro. Conteúdo proposto para o jogo.	GAME_PROPOSAL
MAR_052	VAL-01	Jura do Cavaleiro	Valkyrion	3	Técnica da Jura do Cavaleiro — Grau 3	Técnica corporal de Vellum Marcial desenvolvida para a arte Jura do Cavaleiro. Conteúdo proposto para o jogo.	GAME_PROPOSAL
MAR_053	VAL-01	Jura do Cavaleiro	Valkyrion	4	Técnica da Jura do Cavaleiro — Grau 4	Técnica corporal de Vellum Marcial desenvolvida para a arte Jura do Cavaleiro. Conteúdo proposto para o jogo.	GAME_PROPOSAL
MAR_054	VAL-01	Jura do Cavaleiro	Valkyrion	5	Técnica da Jura do Cavaleiro — Grau 5	Técnica corporal de Vellum Marcial desenvolvida para a arte Jura do Cavaleiro. Conteúdo proposto para o jogo.	GAME_PROPOSAL
MAR_055	VAL-01	Jura do Cavaleiro	Valkyrion	6	Técnica da Jura do Cavaleiro — Grau 6	Técnica corporal de Vellum Marcial desenvolvida para a arte Jura do Cavaleiro. Conteúdo proposto para o jogo.	GAME_PROPOSAL
MAR_056	VAL-01	Jura do Cavaleiro	Valkyrion	7	Técnica da Jura do Cavaleiro — Grau 7	Técnica corporal de Vellum Marcial desenvolvida para a arte Jura do Cavaleiro. Conteúdo proposto para o jogo.	GAME_PROPOSAL
MAR_057	ESH-01	Passo da Folha	Eshmara	1	Técnica da Passo da Folha — Grau 1	Técnica corporal de Vellum Marcial desenvolvida para a arte Passo da Folha. Conteúdo proposto para o jogo.	GAME_PROPOSAL
MAR_058	ESH-01	Passo da Folha	Eshmara	2	Técnica da Passo da Folha — Grau 2	Técnica corporal de Vellum Marcial desenvolvida para a arte Passo da Folha. Conteúdo proposto para o jogo.	GAME_PROPOSAL
MAR_059	ESH-01	Passo da Folha	Eshmara	3	Técnica da Passo da Folha — Grau 3	Técnica corporal de Vellum Marcial desenvolvida para a arte Passo da Folha. Conteúdo proposto para o jogo.	GAME_PROPOSAL
MAR_060	ESH-01	Passo da Folha	Eshmara	4	Técnica da Passo da Folha — Grau 4	Técnica corporal de Vellum Marcial desenvolvida para a arte Passo da Folha. Conteúdo proposto para o jogo.	GAME_PROPOSAL
MAR_061	ESH-01	Passo da Folha	Eshmara	5	Técnica da Passo da Folha — Grau 5	Técnica corporal de Vellum Marcial desenvolvida para a arte Passo da Folha. Conteúdo proposto para o jogo.	GAME_PROPOSAL
MAR_062	ESH-01	Passo da Folha	Eshmara	6	Técnica da Passo da Folha — Grau 6	Técnica corporal de Vellum Marcial desenvolvida para a arte Passo da Folha. Conteúdo proposto para o jogo.	GAME_PROPOSAL
MAR_063	ESH-01	Passo da Folha	Eshmara	7	Técnica da Passo da Folha — Grau 7	Técnica corporal de Vellum Marcial desenvolvida para a arte Passo da Folha. Conteúdo proposto para o jogo.	GAME_PROPOSAL
MAR_064	KET-01	Areia Silenciosa	Kethruun	1	Técnica da Areia Silenciosa — Grau 1	Técnica corporal de Vellum Marcial desenvolvida para a arte Areia Silenciosa. Conteúdo proposto para o jogo.	GAME_PROPOSAL
MAR_065	KET-01	Areia Silenciosa	Kethruun	2	Técnica da Areia Silenciosa — Grau 2	Técnica corporal de Vellum Marcial desenvolvida para a arte Areia Silenciosa. Conteúdo proposto para o jogo.	GAME_PROPOSAL
MAR_066	KET-01	Areia Silenciosa	Kethruun	3	Técnica da Areia Silenciosa — Grau 3	Técnica corporal de Vellum Marcial desenvolvida para a arte Areia Silenciosa. Conteúdo proposto para o jogo.	GAME_PROPOSAL
MAR_067	KET-01	Areia Silenciosa	Kethruun	4	Técnica da Areia Silenciosa — Grau 4	Técnica corporal de Vellum Marcial desenvolvida para a arte Areia Silenciosa. Conteúdo proposto para o jogo.	GAME_PROPOSAL
MAR_068	KET-01	Areia Silenciosa	Kethruun	5	Técnica da Areia Silenciosa — Grau 5	Técnica corporal de Vellum Marcial desenvolvida para a arte Areia Silenciosa. Conteúdo proposto para o jogo.	GAME_PROPOSAL
MAR_069	KET-01	Areia Silenciosa	Kethruun	6	Técnica da Areia Silenciosa — Grau 6	Técnica corporal de Vellum Marcial desenvolvida para a arte Areia Silenciosa. Conteúdo proposto para o jogo.	GAME_PROPOSAL
MAR_070	KET-01	Areia Silenciosa	Kethruun	7	Técnica da Areia Silenciosa — Grau 7	Técnica corporal de Vellum Marcial desenvolvida para a arte Areia Silenciosa. Conteúdo proposto para o jogo.	GAME_PROPOSAL
MAR_071	ORI-01	Mercador de Gelo	Orinthal	1	Técnica da Mercador de Gelo — Grau 1	Técnica corporal de Vellum Marcial desenvolvida para a arte Mercador de Gelo. Conteúdo proposto para o jogo.	GAME_PROPOSAL
MAR_072	ORI-01	Mercador de Gelo	Orinthal	2	Técnica da Mercador de Gelo — Grau 2	Técnica corporal de Vellum Marcial desenvolvida para a arte Mercador de Gelo. Conteúdo proposto para o jogo.	GAME_PROPOSAL
MAR_073	ORI-01	Mercador de Gelo	Orinthal	3	Técnica da Mercador de Gelo — Grau 3	Técnica corporal de Vellum Marcial desenvolvida para a arte Mercador de Gelo. Conteúdo proposto para o jogo.	GAME_PROPOSAL
MAR_074	ORI-01	Mercador de Gelo	Orinthal	4	Técnica da Mercador de Gelo — Grau 4	Técnica corporal de Vellum Marcial desenvolvida para a arte Mercador de Gelo. Conteúdo proposto para o jogo.	GAME_PROPOSAL
MAR_075	ORI-01	Mercador de Gelo	Orinthal	5	Técnica da Mercador de Gelo — Grau 5	Técnica corporal de Vellum Marcial desenvolvida para a arte Mercador de Gelo. Conteúdo proposto para o jogo.	GAME_PROPOSAL
MAR_076	ORI-01	Mercador de Gelo	Orinthal	6	Técnica da Mercador de Gelo — Grau 6	Técnica corporal de Vellum Marcial desenvolvida para a arte Mercador de Gelo. Conteúdo proposto para o jogo.	GAME_PROPOSAL
MAR_077	ORI-01	Mercador de Gelo	Orinthal	7	Técnica da Mercador de Gelo — Grau 7	Técnica corporal de Vellum Marcial desenvolvida para a arte Mercador de Gelo. Conteúdo proposto para o jogo.	GAME_PROPOSAL
MAR_078	ZAR-01	Brasa Vulcânica	Zarim	1	Técnica da Brasa Vulcânica — Grau 1	Técnica corporal de Vellum Marcial desenvolvida para a arte Brasa Vulcânica. Conteúdo proposto para o jogo.	GAME_PROPOSAL
MAR_079	ZAR-01	Brasa Vulcânica	Zarim	2	Técnica da Brasa Vulcânica — Grau 2	Técnica corporal de Vellum Marcial desenvolvida para a arte Brasa Vulcânica. Conteúdo proposto para o jogo.	GAME_PROPOSAL
MAR_080	ZAR-01	Brasa Vulcânica	Zarim	3	Técnica da Brasa Vulcânica — Grau 3	Técnica corporal de Vellum Marcial desenvolvida para a arte Brasa Vulcânica. Conteúdo proposto para o jogo.	GAME_PROPOSAL
MAR_081	ZAR-01	Brasa Vulcânica	Zarim	4	Técnica da Brasa Vulcânica — Grau 4	Técnica corporal de Vellum Marcial desenvolvida para a arte Brasa Vulcânica. Conteúdo proposto para o jogo.	GAME_PROPOSAL
MAR_082	ZAR-01	Brasa Vulcânica	Zarim	5	Técnica da Brasa Vulcânica — Grau 5	Técnica corporal de Vellum Marcial desenvolvida para a arte Brasa Vulcânica. Conteúdo proposto para o jogo.	GAME_PROPOSAL
MAR_083	ZAR-01	Brasa Vulcânica	Zarim	6	Técnica da Brasa Vulcânica — Grau 6	Técnica corporal de Vellum Marcial desenvolvida para a arte Brasa Vulcânica. Conteúdo proposto para o jogo.	GAME_PROPOSAL
MAR_084	ZAR-01	Brasa Vulcânica	Zarim	7	Técnica da Brasa Vulcânica — Grau 7	Técnica corporal de Vellum Marcial desenvolvida para a arte Brasa Vulcânica. Conteúdo proposto para o jogo.	GAME_PROPOSAL
MAR_085	LYR-01	Queda do Vento	Lyrien	1	Técnica da Queda do Vento — Grau 1	Técnica corporal de Vellum Marcial desenvolvida para a arte Queda do Vento. Conteúdo proposto para o jogo.	GAME_PROPOSAL
MAR_086	LYR-01	Queda do Vento	Lyrien	2	Técnica da Queda do Vento — Grau 2	Técnica corporal de Vellum Marcial desenvolvida para a arte Queda do Vento. Conteúdo proposto para o jogo.	GAME_PROPOSAL
MAR_087	LYR-01	Queda do Vento	Lyrien	3	Técnica da Queda do Vento — Grau 3	Técnica corporal de Vellum Marcial desenvolvida para a arte Queda do Vento. Conteúdo proposto para o jogo.	GAME_PROPOSAL
MAR_088	LYR-01	Queda do Vento	Lyrien	4	Técnica da Queda do Vento — Grau 4	Técnica corporal de Vellum Marcial desenvolvida para a arte Queda do Vento. Conteúdo proposto para o jogo.	GAME_PROPOSAL
MAR_089	LYR-01	Queda do Vento	Lyrien	5	Técnica da Queda do Vento — Grau 5	Técnica corporal de Vellum Marcial desenvolvida para a arte Queda do Vento. Conteúdo proposto para o jogo.	GAME_PROPOSAL
MAR_090	LYR-01	Queda do Vento	Lyrien	6	Técnica da Queda do Vento — Grau 6	Técnica corporal de Vellum Marcial desenvolvida para a arte Queda do Vento. Conteúdo proposto para o jogo.	GAME_PROPOSAL
MAR_091	LYR-01	Queda do Vento	Lyrien	7	Técnica da Queda do Vento — Grau 7	Técnica corporal de Vellum Marcial desenvolvida para a arte Queda do Vento. Conteúdo proposto para o jogo.	GAME_PROPOSAL
MAR_092	MYR-01	Equilíbrio Interior	Myrthos	1	Técnica da Equilíbrio Interior — Grau 1	Técnica corporal de Vellum Marcial desenvolvida para a arte Equilíbrio Interior. Conteúdo proposto para o jogo.	GAME_PROPOSAL
MAR_093	MYR-01	Equilíbrio Interior	Myrthos	2	Técnica da Equilíbrio Interior — Grau 2	Técnica corporal de Vellum Marcial desenvolvida para a arte Equilíbrio Interior. Conteúdo proposto para o jogo.	GAME_PROPOSAL
MAR_094	MYR-01	Equilíbrio Interior	Myrthos	3	Técnica da Equilíbrio Interior — Grau 3	Técnica corporal de Vellum Marcial desenvolvida para a arte Equilíbrio Interior. Conteúdo proposto para o jogo.	GAME_PROPOSAL
MAR_095	MYR-01	Equilíbrio Interior	Myrthos	4	Técnica da Equilíbrio Interior — Grau 4	Técnica corporal de Vellum Marcial desenvolvida para a arte Equilíbrio Interior. Conteúdo proposto para o jogo.	GAME_PROPOSAL
MAR_096	MYR-01	Equilíbrio Interior	Myrthos	5	Técnica da Equilíbrio Interior — Grau 5	Técnica corporal de Vellum Marcial desenvolvida para a arte Equilíbrio Interior. Conteúdo proposto para o jogo.	GAME_PROPOSAL
MAR_097	MYR-01	Equilíbrio Interior	Myrthos	6	Técnica da Equilíbrio Interior — Grau 6	Técnica corporal de Vellum Marcial desenvolvida para a arte Equilíbrio Interior. Conteúdo proposto para o jogo.	GAME_PROPOSAL
MAR_098	MYR-01	Equilíbrio Interior	Myrthos	7	Técnica da Equilíbrio Interior — Grau 7	Técnica corporal de Vellum Marcial desenvolvida para a arte Equilíbrio Interior. Conteúdo proposto para o jogo.	GAME_PROPOSAL
MAR_099	CST-01	Arte do Caminho Vazio	Inter-reinos	1	Técnica da Arte do Caminho Vazio — Grau 1	Técnica corporal de Vellum Marcial desenvolvida para a arte Arte do Caminho Vazio. Conteúdo proposto para o jogo.	GAME_PROPOSAL
MAR_100	CST-01	Arte do Caminho Vazio	Inter-reinos	2	Técnica da Arte do Caminho Vazio — Grau 2	Técnica corporal de Vellum Marcial desenvolvida para a arte Arte do Caminho Vazio. Conteúdo proposto para o jogo.	GAME_PROPOSAL
MAR_101	CST-01	Arte do Caminho Vazio	Inter-reinos	3	Técnica da Arte do Caminho Vazio — Grau 3	Técnica corporal de Vellum Marcial desenvolvida para a arte Arte do Caminho Vazio. Conteúdo proposto para o jogo.	GAME_PROPOSAL
MAR_102	CST-01	Arte do Caminho Vazio	Inter-reinos	4	Técnica da Arte do Caminho Vazio — Grau 4	Técnica corporal de Vellum Marcial desenvolvida para a arte Arte do Caminho Vazio. Conteúdo proposto para o jogo.	GAME_PROPOSAL
MAR_103	CST-01	Arte do Caminho Vazio	Inter-reinos	5	Técnica da Arte do Caminho Vazio — Grau 5	Técnica corporal de Vellum Marcial desenvolvida para a arte Arte do Caminho Vazio. Conteúdo proposto para o jogo.	GAME_PROPOSAL
MAR_104	CST-01	Arte do Caminho Vazio	Inter-reinos	6	Técnica da Arte do Caminho Vazio — Grau 6	Técnica corporal de Vellum Marcial desenvolvida para a arte Arte do Caminho Vazio. Conteúdo proposto para o jogo.	GAME_PROPOSAL
MAR_105	CST-01	Arte do Caminho Vazio	Inter-reinos	7	Técnica da Arte do Caminho Vazio — Grau 7	Técnica corporal de Vellum Marcial desenvolvida para a arte Arte do Caminho Vazio. Conteúdo proposto para o jogo.	GAME_PROPOSAL
